,,0.0,0.02040816326530612,0.04081632653061224,0.061224489795918366,0.08163265306122448,0.1020408163265306,0.12244897959183673,0.14285714285714285,0.16326530612244897,0.18367346938775508,0.2040816326530612,0.22448979591836732,0.24489795918367346,0.26530612244897955,0.2857142857142857,0.3061224489795918,0.32653061224489793,0.3469387755102041,0.36734693877551017,0.3877551020408163,0.4081632653061224,0.42857142857142855,0.44897959183673464,0.4693877551020408,0.4897959183673469,0.5102040816326531,0.5306122448979591,0.5510204081632653,0.5714285714285714,0.5918367346938775,0.6122448979591836,0.6326530612244897,0.6530612244897959,0.673469387755102,0.6938775510204082,0.7142857142857142,0.7346938775510203,0.7551020408163265,0.7755102040816326,0.7959183673469387,0.8163265306122448,0.836734693877551,0.8571428571428571,0.8775510204081632,0.8979591836734693,0.9183673469387754,0.9387755102040816,0.9591836734693877,0.9795918367346939,1.0,
ASCL1,tprs,[1.0, 1.0, 1.0, 1.0, 1.0, 1.0, 1.0, 1.0, 1.0, 1.0, 1.0, 1.0, 1.0, 1.0, 1.0, 1.0, 1.0, 1.0, 0.9992313604919293, 0.9988470407378939, 0.9984627209838586, 0.9980784012298232, 0.995772482705611, 0.9942352036894696, 0.990392006149116, 0.9869331283627979, 0.9819369715603382, 0.9769408147578785, 0.9681014604150653, 0.9611837048424289, 0.9450422751729439, 0.9277478862413528, 0.9077632590315142, 0.882782475019216, 0.855880092236741, 0.8259031514219831, 0.7836279784780937, 0.7352036894696388, 0.6671790930053805, 0.5903151421983089, 0.5069177555726364, 0.3996925441967717, 0.2444273635664873, 0.11183704842428902, 0.048039969254419675, 0.0207532667179093, 0.0034588777863182167, 0.0003843197540353574, 0.0, 0.0]
ASCL1,fprs,[1.0, 0.970281543274244, 0.9582898852971846, 0.940563086548488, 0.9244004171011471, 0.908237747653806, 0.8915537017726799, 0.8733055265901981, 0.85140771637122, 0.8326381647549531, 0.8117831074035453, 0.7888425443169969, 0.7481751824817519, 0.718978102189781, 0.6934306569343066, 0.6710114702815433, 0.6444212721584984, 0.6209593326381647, 0.5985401459854015, 0.578206465067779, 0.5531803962460897, 0.5307612095933264, 0.5046923879040668, 0.4812304483837331, 0.4572471324296142, 0.4343065693430657, 0.3858185610010427, 0.24087591240875914, 0.20907194994786235, 0.18508863399374348, 0.16058394160583941, 0.14337851929092804, 0.12356621480709072, 0.09906152241918666, 0.07820646506777894, 0.06934306569343066, 0.061522419186652764, 0.05057351407716371, 0.038060479666319084, 0.030761209593326382, 0.023983315954118872, 0.021897810218978103, 0.01616266944734098, 0.008863399374348279, 0.005213764337851929, 0.0015641293013555788, 0.0005213764337851929, 0.0, 0.0, 0.0]
CREB1,tprs,[1.0, 1.0, 1.0, 1.0, 1.0, 1.0, 1.0, 1.0, 1.0, 1.0, 1.0, 1.0, 1.0, 0.6210989010989011, 0.6162637362637363, 0.6136263736263736, 0.6118681318681318, 0.6101098901098901, 0.6087912087912087, 0.6026373626373627, 0.5986813186813187, 0.5964835164835165, 0.5916483516483516, 0.5876923076923077, 0.5854945054945055, 0.5828571428571429, 0.5771428571428572, 0.5674725274725275, 0.5573626373626374, 0.5481318681318681, 0.5367032967032968, 0.5138461538461538, 0.48835164835164835, 0.4584615384615385, 0.4237362637362637, 0.3718681318681319, 0.0, 0.0, 0.0, 0.0, 0.0, 0.0, 0.0, 0.0, 0.0, 0.0, 0.0, 0.0, 0.0, 0.0]
CREB1,fprs,[1.0, 1.0, 1.0, 1.0, 1.0, 1.0, 1.0, 1.0, 1.0, 1.0, 1.0, 1.0, 1.0, 0.7732739420935412, 0.7648106904231626, 0.7501113585746102, 0.734521158129176, 0.7180400890868597, 0.7060133630289532, 0.6971046770601337, 0.6904231625835189, 0.6850779510022271, 0.6779510022271715, 0.6734966592427617, 0.6645879732739421, 0.6534521158129176, 0.6423162583518931, 0.6325167037861915, 0.622271714922049, 0.6075723830734967, 0.5839643652561247, 0.5567928730512249, 0.5095768374164811, 0.465924276169265, 0.39643652561247217, 0.3135857461024499, 0.0, 0.0, 0.0, 0.0, 0.0, 0.0, 0.0, 0.0, 0.0, 0.0, 0.0, 0.0, 0.0, 0.0]
CUX1,tprs,[1.0, 1.0, 1.0, 1.0, 1.0, 1.0, 1.0, 1.0, 0.9965909090909091, 0.9875, 0.9829545454545454, 0.977840909090909, 0.9727272727272728, 0.9676136363636364, 0.9619318181818182, 0.9579545454545455, 0.9539772727272727, 0.95, 0.9460227272727273, 0.9426136363636364, 0.9386363636363636, 0.9306818181818182, 0.9244318181818182, 0.9096590909090909, 0.8857954545454545, 0.865909090909091, 0.83125, 0.8022727272727272, 0.7647727272727273, 0.7193181818181819, 0.6795454545454546, 0.5988636363636364, 0.5670454545454545, 0.5306818181818181, 0.4943181818181818, 0.4721590909090909, 0.4329545454545455, 0.4005681818181818, 0.37329545454545454, 0.3488636363636364, 0.3221590909090909, 0.2909090909090909, 0.2625, 0.23238636363636364, 0.20227272727272727, 0.1715909090909091, 0.14659090909090908, 0.12727272727272726, 0.10852272727272727, 0.08806818181818182]
CUX1,fprs,[1.0, 1.0, 1.0, 1.0, 1.0, 1.0, 1.0, 1.0, 0.9460144927536231, 0.8438405797101449, 0.6380434782608696, 0.5427536231884058, 0.45652173913043476, 0.37318840579710144, 0.29130434782608694, 0.21340579710144927, 0.15, 0.10942028985507246, 0.075, 0.05471014492753623, 0.042753623188405795, 0.03297101449275362, 0.021376811594202898, 0.018115942028985508, 0.012681159420289856, 0.010869565217391304, 0.007971014492753623, 0.006884057971014493, 0.004710144927536232, 0.003260869565217391, 0.002173913043478261, 0.0010869565217391304, 0.0007246376811594203, 0.0007246376811594203, 0.00036231884057971015, 0.00036231884057971015, 0.0, 0.0, 0.0, 0.0, 0.0, 0.0, 0.0, 0.0, 0.0, 0.0, 0.0, 0.0, 0.0, 0.0]
CUX2,tprs,[1.0, 1.0, 1.0, 1.0, 1.0, 0.9995866060355518, 0.9995866060355518, 0.9995866060355518, 0.9995866060355518, 0.9995866060355518, 0.9995866060355518, 0.9987598181066556, 0.9987598181066556, 0.9987598181066556, 0.9983464241422075, 0.9971062422488631, 0.9958660603555188, 0.9933856965688301, 0.9900785448532451, 0.9847044233154196, 0.9785035138486978, 0.9739561802397685, 0.9615543613063249, 0.9516329061595701, 0.9355105415460935, 0.9193881769326168, 0.8949979330301777, 0.8710210830921868, 0.8383629599007855, 0.7982637453493179, 0.7598181066556429, 0.7151715584952459, 0.6717651922281934, 0.6225713104588673, 0.5717238528317486, 0.5047540305911534, 0.45390657296403475, 0.4018189334435717, 0.34849111202976435, 0.2968168664737495, 0.2426622571310459, 0.19264158743282347, 0.14758164530797852, 0.1016949152542373, 0.05746176105828855, 0.028524183546920216, 0.00826787928896238, 0.00041339396444811904, 0.0, 0.0]
CUX2,fprs,[1.0, 0.8919562113279391, 0.8467396477867682, 0.8296049500237982, 0.8138981437410757, 0.797715373631604, 0.7877201332698714, 0.7724892908138982, 0.7615421227986673, 0.7482151356496907, 0.7353641123274631, 0.7215611613517373, 0.7106139933365064, 0.6925273679200381, 0.6587339362208472, 0.6387434554973822, 0.6206568300809139, 0.6044740599714422, 0.5844835792479771, 0.569728700618753, 0.5506901475487863, 0.5292717753450737, 0.5054735840076154, 0.4788196097096621, 0.4426463588767254, 0.4145644930985245, 0.38457877201332696, 0.34174202760590194, 0.3012851023322228, 0.2560685387910519, 0.1951451689671585, 0.16087577344121848, 0.13564969062351262, 0.10947168015230842, 0.08472156116135174, 0.06520704426463589, 0.04902427415516421, 0.03664921465968586, 0.020942408376963352, 0.009995240361732508, 0.0033317467872441696, 0.0014278914802475012, 0.0014278914802475012, 0.0009519276534983341, 0.00047596382674916705, 0.00047596382674916705, 0.0, 0.0, 0.0, 0.0]
EGR1,tprs,[1.0, 1.0, 1.0, 1.0, 1.0, 1.0, 1.0, 0.9977846699158175, 0.9636685866194062, 0.9415152857775808, 0.9198050509525919, 0.9042977403633141, 0.8901196278245459, 0.8785999113867966, 0.8684093929995569, 0.8604342046964998, 0.8453699601240585, 0.8112538768276473, 0.79441736818786, 0.7758085954807267, 0.7580859548072663, 0.7359326539654408, 0.7159946832077979, 0.695170580416482, 0.6747895436420026, 0.6521931767833408, 0.6278245458573327, 0.6052281789986708, 0.5861763402747009, 0.5680106335844041, 0.5454142667257421, 0.5210456357997342, 0.4980062029242357, 0.47939743021710235, 0.45857332742578644, 0.437306158617634, 0.3965440850686752, 0.38103677447939743, 0.36641559592379264, 0.34957908728400533, 0.33052724856003546, 0.3136907399202481, 0.28444838280903856, 0.25875055383252105, 0.22862206468763846, 0.19849357554275587, 0.16659282233052725, 0.12095702259636686, 0.0412051395657953, 0.0]
EGR1,fprs,[1.0, 0.9646486964206805, 0.9456473707467963, 0.933716305788776, 0.9213433495360142, 0.9076447193990278, 0.8789217852408308, 0.796730004418913, 0.7021652673442333, 0.6257180733539549, 0.5885992045956695, 0.5470614228899691, 0.513035793194874, 0.4821034025629695, 0.45249668581528946, 0.41758727353071146, 0.3897481219619974, 0.3654441007512152, 0.3442333186036235, 0.31418471056120195, 0.28855501546619533, 0.26115775519222273, 0.24259832081307997, 0.21520106053910737, 0.18824569155987628, 0.15996464869642069, 0.13654441007512153, 0.11356606274856386, 0.10296067167476801, 0.09544851966416261, 0.08616880247459124, 0.07998232434821034, 0.07291206363234644, 0.06584180291648255, 0.05877154220061865, 0.05612019443216969, 0.02342023862129916, 0.017675651789659744, 0.015466195315952275, 0.012372956252761821, 0.008837825894829872, 0.0061864781263809105, 0.004860804242156429, 0.004418912947414936, 0.0026513477684489617, 0.002209456473707468, 0.0013256738842244808, 0.0008837825894829872, 0.0004418912947414936, 0.0]
EHF,tprs,[1.0, 1.0, 1.0, 1.0, 1.0, 0.999015263417036, 0.983259478089611, 0.8833087149187593, 0.844903988183161, 0.8232397833579518, 0.8069916297390448, 0.7907434761201378, 0.7779419005416052, 0.7671097981290005, 0.758739537173806, 0.7518463810930576, 0.7459379615952733, 0.7395371738060069, 0.7370753323485968, 0.7316592811422944, 0.7282127031019202, 0.725258493353028, 0.7208271787296898, 0.7154111275233875, 0.7119645494830132, 0.7045790251107829, 0.6986706056129985, 0.690300344657804, 0.6809453471196455, 0.6642048252092565, 0.6523879862136879, 0.6410635155096012, 0.6267848350566223, 0.6154603643525357, 0.5977351058591827, 0.5780403741999015, 0.5637616937469226, 0.5504677498769079, 0.5406203840472673, 0.5204332840965041, 0.5022156573116692, 0.483505662235352, 0.46824224519940916, 0.4460856720827179, 0.42491383554899065, 0.3998030526834072, 0.37173806006893156, 0.3412112259970458, 0.30920728705071393, 0.21171836533727229]
EHF,fprs,[1.0, 1.0, 1.0, 1.0, 0.9987946966653274, 0.9883487344314986, 0.7573322619525914, 0.5299316994777019, 0.4114102049015669, 0.3394937725994375, 0.2804339092004821, 0.24025713137806348, 0.21173161912414623, 0.18682201687424668, 0.16432302129369225, 0.15146645239051829, 0.135797509039775, 0.12535154680594615, 0.11691442346323824, 0.1092808356769787, 0.10285255122539172, 0.09963840899959824, 0.09602249899558056, 0.09079951787866614, 0.08597830453997589, 0.08236239453595821, 0.0795500200883889, 0.07633587786259542, 0.07271996785857775, 0.07151466452390519, 0.06830052229811169, 0.06548814785054238, 0.06187223784652471, 0.0590598633989554, 0.056649256729610284, 0.05584572117316191, 0.05423865006026517, 0.052229811169144234, 0.04981920449979912, 0.047810365608678185, 0.04580152671755725, 0.043390920048212135, 0.041783848935315386, 0.040176777822418644, 0.03776617115307352, 0.034150261149055845, 0.03133788670148654, 0.027721976697468863, 0.02249899558055444, 0.007231820008035355]
ESR1,tprs,[1.0, 1.0, 1.0, 1.0, 0.999421965317919, 0.9976878612716763, 0.9971098265895953, 0.9953757225433526, 0.9947976878612717, 0.9930635838150289, 0.9901734104046243, 0.9832369942196532, 0.977456647398844, 0.9705202312138729, 0.9635838150289018, 0.9566473988439307, 0.9508670520231214, 0.9433526011560693, 0.9346820809248555, 0.9248554913294798, 0.915028901734104, 0.9057803468208092, 0.8988439306358381, 0.8907514450867052, 0.8826589595375722, 0.8716763005780347, 0.8606936416184972, 0.8473988439306358, 0.8352601156069365, 0.8242774566473988, 0.8115606936416185, 0.791907514450867, 0.7705202312138728, 0.7479768786127168, 0.7046242774566474, 0.6745664739884393, 0.638150289017341, 0.5965317919075145, 0.5375722543352601, 0.45838150289017343, 0.40346820809248557, 0.34104046242774566, 0.223121387283237, 0.1838150289017341, 0.15144508670520232, 0.12196531791907514, 0.09595375722543352, 0.061849710982658956, 0.04046242774566474, 0.012716763005780347]
ESR1,fprs,[1.0, 0.9870967741935484, 0.9405017921146953, 0.8867383512544803, 0.8154121863799283, 0.7562724014336918, 0.6971326164874552, 0.6243727598566309, 0.5186379928315412, 0.4222222222222222, 0.3433691756272401, 0.2910394265232975, 0.25985663082437277, 0.22616487455197132, 0.1960573476702509, 0.17025089605734767, 0.14336917562724014, 0.12114695340501792, 0.09426523297491039, 0.07096774193548387, 0.05734767025089606, 0.05197132616487455, 0.04695340501792115, 0.04265232974910394, 0.03942652329749104, 0.03620071684587814, 0.03333333333333333, 0.030107526881720432, 0.02724014336917563, 0.022939068100358423, 0.02078853046594982, 0.01863799283154122, 0.016845878136200716, 0.014695340501792114, 0.013978494623655914, 0.012903225806451613, 0.011827956989247311, 0.011111111111111112, 0.01039426523297491, 0.00967741935483871, 0.00931899641577061, 0.008243727598566309, 0.007168458781362007, 0.0060931899641577065, 0.005017921146953405, 0.004659498207885305, 0.003942652329749104, 0.0035842293906810036, 0.002150537634408602, 0.001075268817204301]
ETS1,tprs,[1.0, 1.0, 1.0, 1.0, 1.0, 1.0, 1.0, 1.0, 1.0, 0.9995633187772925, 0.9995633187772925, 0.9995633187772925, 0.9995633187772925, 0.9995633187772925, 0.9995633187772925, 0.9978165938864629, 0.9956331877729258, 0.9921397379912664, 0.9868995633187773, 0.980349344978166, 0.97117903930131, 0.9497816593886463, 0.9235807860262009, 0.9008733624454148, 0.8585152838427947, 0.8240174672489083, 0.7799126637554585, 0.7375545851528384, 0.6851528384279476, 0.6104803493449782, 0.5567685589519651, 0.49868995633187774, 0.44497816593886463, 0.38427947598253276, 0.32489082969432315, 0.2668122270742358, 0.1947598253275109, 0.1462882096069869, 0.10960698689956332, 0.08078602620087336, 0.05982532751091703, 0.03973799126637555, 0.01834061135371179, 0.002183406113537118, 0.0, 0.0, 0.0, 0.0, 0.0, 0.0]
ETS1,fprs,[1.0, 1.0, 1.0, 0.9587443946188341, 0.9515695067264573, 0.9439461883408071, 0.9358744394618834, 0.9295964125560539, 0.9251121076233184, 0.9170403587443946, 0.9076233183856502, 0.8995515695067264, 0.889237668161435, 0.8775784753363228, 0.8560538116591928, 0.8251121076233184, 0.7645739910313901, 0.7201793721973094, 0.6771300448430493, 0.6345291479820628, 0.5955156950672645, 0.5493273542600897, 0.49955156950672647, 0.45201793721973094, 0.41121076233183856, 0.3757847533632287, 0.33363228699551567, 0.29103139013452917, 0.24439461883408073, 0.1896860986547085, 0.12286995515695068, 0.08654708520179372, 0.056950672645739914, 0.04304932735426009, 0.03228699551569507, 0.02376681614349776, 0.016591928251121078, 0.012556053811659192, 0.01031390134529148, 0.007623318385650224, 0.0053811659192825115, 0.0026905829596412557, 0.0, 0.0, 0.0, 0.0, 0.0, 0.0, 0.0, 0.0]
FOS,tprs,[1.0, 1.0, 1.0, 1.0, 1.0, 0.9980943306336351, 0.9947594092424964, 0.9261553120533588, 0.9051929490233445, 0.889947594092425, 0.8742258218199143, 0.8585040495474036, 0.8394473558837542, 0.8203906622201048, 0.8027632205812292, 0.7865650309671272, 0.7737017627441639, 0.7570271557884707, 0.7398761314911863, 0.7217722725107194, 0.6388756550738447, 0.6283944735588376, 0.6126727012863268, 0.598856598380181, 0.5836112434492615, 0.5688423058599333, 0.5531205335874226, 0.5207241543592187, 0.47260600285850407, 0.3635064316341115, 0.29109099571224395, 0.2553596950929014, 0.22963315864697476, 0.20485945688423057, 0.18770843258694617, 0.16626965221534065, 0.1557884707003335, 0.13530252501191042, 0.12482134349690328, 0.10767031919961886, 0.08956646021915197, 0.07336827060505002, 0.058599333015721775, 0.04478323010957599, 0.03144354454502144, 0.007622677465459742, 0.0, 0.0, 0.0, 0.0]
FOS,fprs,[1.0, 1.0, 1.0, 1.0, 1.0, 1.0, 0.9991738950846758, 0.8583230070218918, 0.8335398595621644, 0.8075175547294506, 0.7901693515076414, 0.7695167286245354, 0.7476249483684428, 0.7273853779429987, 0.7121024370095002, 0.6972325485336638, 0.6769929781082198, 0.6592317224287485, 0.6394052044609665, 0.6228831061544816, 0.6063610078479967, 0.5848822800495663, 0.5559686080132177, 0.5344898802147873, 0.5047501032631144, 0.4729450640231309, 0.4275092936802974, 0.37298636926889717, 0.3238331268071045, 0.2610491532424618, 0.2218091697645601, 0.18917802560925237, 0.16356877323420074, 0.14209004543577033, 0.1160677406030566, 0.09995869475423379, 0.08178438661710037, 0.06484923585295332, 0.04791408508880628, 0.03634861627426683, 0.027261462205700124, 0.01858736059479554, 0.01197852127220157, 0.007021891780256092, 0.004130524576621231, 0.0008261049153242462, 0.0, 0.0, 0.0, 0.0]
FOXO3,tprs,[1.0, 1.0, 1.0, 1.0, 1.0, 1.0, 1.0, 1.0, 1.0, 1.0, 1.0, 1.0, 1.0, 1.0, 1.0, 0.9990753582986592, 0.9981507165973186, 0.9967637540453075, 0.9944521497919556, 0.9889042995839112, 0.984743411927878, 0.9796578825705039, 0.967175219602404, 0.955617198335645, 0.9435968562182154, 0.926490984743412, 0.9093851132686084, 0.8862690707350902, 0.8562182154415164, 0.8331021729079982, 0.8021266759130837, 0.7790106333795654, 0.7286176606564956, 0.6578825705039297, 0.5603328710124826, 0.4960702727693019, 0.4405917706888581, 0.3906611188164586, 0.34396671289875175, 0.308830328247804, 0.2829403606102635, 0.2570503929727231, 0.23208506703652335, 0.20573277854831254, 0.17521960240406842, 0.1553398058252427, 0.12991215903837264, 0.1077207582061951, 0.08552935737401757, 0.061488673139158574]
FOXO3,fprs,[1.0, 1.0, 0.9893932965634281, 0.9096308867204073, 0.8192617734408146, 0.7114976665252439, 0.6393720831565549, 0.5812473483241408, 0.5269410267288926, 0.45481544336020363, 0.3899024183283835, 0.3343232923207467, 0.28892660161221895, 0.24268137462876538, 0.20746711921934663, 0.17776834959694526, 0.1501909206618583, 0.1247348324140857, 0.09885447602885024, 0.07551972846839203, 0.054306321595248196, 0.035214255409418756, 0.022910479422995334, 0.016546457361052185, 0.012728044123886296, 0.010182435299109036, 0.00848536274925753, 0.005091217649554518, 0.004666949512091642, 0.0021213406873143827, 0.0012728044123886295, 0.00042426813746287653, 0.0, 0.0, 0.0, 0.0, 0.0, 0.0, 0.0, 0.0, 0.0, 0.0, 0.0, 0.0, 0.0, 0.0, 0.0, 0.0, 0.0, 0.0]
GRHL2,tprs,[1.0, 1.0, 1.0, 1.0, 1.0, 1.0, 0.9923622476813966, 0.9879978177850518, 0.9819967266775778, 0.972176759410802, 0.9607201309328969, 0.9454446262956901, 0.889798145117294, 0.8717948717948718, 0.8548827059465357, 0.8412438625204582, 0.8265139116202946, 0.8112384069830878, 0.7986906710310966, 0.7888707037643208, 0.7725040916530278, 0.7534097108565194, 0.7201309328968903, 0.7032187670485542, 0.6781232951445717, 0.5460992907801419, 0.5259138025095472, 0.5090016366612111, 0.4980905619203492, 0.4773595199127114, 0.46153846153846156, 0.44789961811238405, 0.4326241134751773, 0.4195308237861429, 0.4026186579378069, 0.3862520458265139, 0.37424986361156576, 0.3617021276595745, 0.3458810692853246, 0.33006001091107473, 0.31751227495908346, 0.3066012002182215, 0.2896890343698854, 0.2765957446808511, 0.26677577741407527, 0.2553191489361702, 0.24277141298417895, 0.23458810692853246, 0.2198581560283688, 0.15384615384615385]
GRHL2,fprs,[1.0, 1.0, 1.0, 1.0, 1.0, 1.0, 0.9434313360625233, 0.9054707852623743, 0.8693710457759584, 0.8343877930777819, 0.7975437290658727, 0.7588388537402307, 0.6914774841831038, 0.6561220692221809, 0.6226274655749907, 0.586155563825828, 0.5485671752884258, 0.504652028284332, 0.45924823222925193, 0.40156308150353553, 0.35541496092296243, 0.31112765165612205, 0.259024934871604, 0.19575735020468923, 0.12206922218087086, 0.0692221808708597, 0.02791216970599181, 0.012653516933382954, 0.007815407517677708, 0.00595459620394492, 0.004838109415705247, 0.004093784890212133, 0.00297729810197246, 0.002232973576479345, 0.0018608113137327876, 0.0018608113137327876, 0.0011164867882396724, 0.0011164867882396724, 0.0011164867882396724, 0.0003721622627465575, 0.0003721622627465575, 0.0003721622627465575, 0.0, 0.0, 0.0, 0.0, 0.0, 0.0, 0.0, 0.0]
HSF2,tprs,[1.0, 1.0, 1.0, 1.0, 1.0, 1.0, 1.0, 1.0, 1.0, 1.0, 1.0, 0.999607996863975, 0.999607996863975, 0.999607996863975, 0.999607996863975, 0.999607996863975, 0.9992159937279498, 0.9992159937279498, 0.9992159937279498, 0.9984319874558997, 0.9976479811838495, 0.9952959623676989, 0.986671893375147, 0.946687573500588, 0.9019992159937279, 0.840062720501764, 0.7549980399843199, 0.6813014504116033, 0.6432771462171697, 0.6150529204233633, 0.5880047040376323, 0.5546844374754998, 0.5299882399059193, 0.502156017248138, 0.47589180713445706, 0.4347314778518228, 0.3837710701685613, 0.3461387691101529, 0.2877303018424147, 0.22853782830262642, 0.18384947079576636, 0.1336730693845551, 0.08232065856526852, 0.0431203449627597, 0.023128185025480204, 0.016072128577028617, 0.011368090944727557, 0.006272050176401411, 0.0, 0.0]
HSF2,fprs,[1.0, 0.9167089893346877, 0.8892839004570848, 0.8633824276282377, 0.8288471305231082, 0.80802437785678, 0.7841543930929405, 0.7643473844591163, 0.7521584560690706, 0.7425088877602845, 0.7343829355002539, 0.7216861350939563, 0.7089893346876587, 0.6962925342813611, 0.6871508379888268, 0.6739461655662773, 0.6582021330624682, 0.6444895886236668, 0.6323006602336211, 0.6180802437785679, 0.6038598273235145, 0.5896394108684612, 0.5698324022346368, 0.531742001015744, 0.500253936008126, 0.4591163026917217, 0.4159471813103098, 0.36769933976637886, 0.34332148298628745, 0.31843575418994413, 0.3016759776536313, 0.2894870492635856, 0.2772981208735399, 0.2691721686135094, 0.2579989842559675, 0.25088877602844084, 0.23920771965464702, 0.23209751142712037, 0.2254951752158456, 0.212798374809548, 0.20416455053326563, 0.18384966988318943, 0.16607414931437278, 0.14931437277805992, 0.13052310817673946, 0.08481462671406806, 0.06399187404773997, 0.052310817673946165, 0.0, 0.0]
JUN,tprs,[1.0, 1.0, 1.0, 1.0, 1.0, 1.0, 1.0, 1.0, 1.0, 0.9950045413260672, 0.9632152588555858, 0.8864668483197093, 0.8664850136239782, 0.8496821071752951, 0.8365122615803815, 0.8274296094459582, 0.8160762942779292, 0.8038147138964578, 0.7915531335149864, 0.779291553133515, 0.762488646684832, 0.7465940054495913, 0.7356948228882834, 0.7247956403269755, 0.7138964577656676, 0.698455949137148, 0.6857402361489555, 0.6716621253405994, 0.6575840145322435, 0.6466848319709355, 0.6244323342415985, 0.603542234332425, 0.5808356039963669, 0.5631244323342416, 0.5485921889191644, 0.5322434150772025, 0.5172570390554042, 0.4963669391462307, 0.4818346957311535, 0.45821980018165304, 0.42552225249772935, 0.20435967302452315, 0.1344232515894641, 0.092188919164396, 0.07084468664850137, 0.06448683015440508, 0.06085376930063579, 0.05676657584014532, 0.0522252497729337, 0.047683923705722074]
JUN,fprs,[1.0, 1.0, 1.0, 1.0, 1.0, 1.0, 1.0, 1.0, 0.9978429680759275, 0.9918032786885246, 0.9257981018119068, 0.682053494391717, 0.58541846419327, 0.5327868852459017, 0.506039689387403, 0.48921484037963764, 0.46678170836928384, 0.44046591889559966, 0.4257981018119068, 0.409404659188956, 0.3895599654874892, 0.3671268334771355, 0.34900776531492667, 0.32786885245901637, 0.3114754098360656, 0.2924935289042278, 0.27653149266609145, 0.2631578947368421, 0.24892148403796377, 0.2286453839516825, 0.20750647109577222, 0.1893874029335634, 0.17385677308024158, 0.15875754961173424, 0.14279551337359792, 0.13071613459879206, 0.11259706643658327, 0.0996548748921484, 0.08843830888697153, 0.07463330457290768, 0.0547886108714409, 0.012079378774805867, 0.0030198446937014668, 0.001725625539257981, 0.0, 0.0, 0.0, 0.0, 0.0, 0.0]
JUNB,tprs,[1.0, 1.0, 1.0, 1.0, 1.0, 1.0, 1.0, 1.0, 1.0, 1.0, 1.0, 1.0, 1.0, 1.0, 1.0, 1.0, 1.0, 1.0, 1.0, 0.9960578186596584, 0.9894875164257556, 0.9820411738939991, 0.9745948313622427, 0.964958388085852, 0.9566360052562418, 0.941305300043802, 0.9233464739378011, 0.9102058694699956, 0.8900569426193605, 0.8672798948751642, 0.8440648269820412, 0.818221638195357, 0.7849321068769164, 0.7551467367498905, 0.7279894875164258, 0.700832238282961, 0.671484888304862, 0.6149802890932983, 0.5532194480946123, 0.5256241787122208, 0.49759088918090233, 0.46386333771353483, 0.4323258869908016, 0.4073587385019711, 0.3806395094174332, 0.3381515549715287, 0.2102496714848883, 0.12571178274200615, 0.0346035917652212, 0.0030661410424879547]
JUNB,fprs,[1.0, 1.0, 0.9995529727313366, 0.9830129637907913, 0.8945015645954403, 0.8663388466696469, 0.8372820742065266, 0.7943674564148413, 0.7447474295932052, 0.6575771122038444, 0.573088958426464, 0.510952168082253, 0.4376396960214573, 0.4005364327223961, 0.36298614215467145, 0.32320071524362987, 0.29369691551184623, 0.26151095216808223, 0.22217255252570406, 0.1823871256146625, 0.1631649530621368, 0.13500223513634332, 0.11399195350916407, 0.09611086276262852, 0.07778274474742959, 0.06526598122485472, 0.051408135896289675, 0.039785426911041574, 0.03218596334376397, 0.027268663388466695, 0.01743406347787215, 0.008940545373267769, 0.004470272686633884, 0.002235136343316942, 0.0013410818059901655, 0.0004470272686633885, 0.0, 0.0, 0.0, 0.0, 0.0, 0.0, 0.0, 0.0, 0.0, 0.0, 0.0, 0.0, 0.0, 0.0]
JUND,tprs,[1.0, 1.0, 1.0, 1.0, 1.0, 1.0, 1.0, 1.0, 1.0, 1.0, 1.0, 1.0, 1.0, 0.999534450651769, 0.9953445065176909, 0.9892923649906891, 0.9753258845437617, 0.9543761638733705, 0.930633147113594, 0.888268156424581, 0.8300744878957169, 0.7574487895716946, 0.6708566108007449, 0.5665735567970205, 0.5609869646182495, 0.5549348230912476, 0.5498137802607076, 0.5442271880819367, 0.5321229050279329, 0.5237430167597765, 0.5148975791433892, 0.505586592178771, 0.4958100558659218, 0.4851024208566108, 0.0, 0.0, 0.0, 0.0, 0.0, 0.0, 0.0, 0.0, 0.0, 0.0, 0.0, 0.0, 0.0, 0.0, 0.0, 0.0]
JUND,fprs,[1.0, 1.0, 1.0, 1.0, 1.0, 1.0, 1.0, 1.0, 1.0, 1.0, 1.0, 1.0, 1.0, 0.9995784148397976, 0.9987352445193929, 0.9957841483979764, 0.9907251264755481, 0.9827150084317032, 0.9725969645868465, 0.9456155143338955, 0.9021922428330523, 0.8229342327150084, 0.5855817875210793, 0.1627318718381113, 0.15472175379426645, 0.14839797639123103, 0.14207419898819562, 0.13364249578414839, 0.12436762225969646, 0.12015177065767285, 0.11424957841483979, 0.10834738617200675, 0.10118043844856661, 0.09527824620573355, 0.0, 0.0, 0.0, 0.0, 0.0, 0.0, 0.0, 0.0, 0.0, 0.0, 0.0, 0.0, 0.0, 0.0, 0.0, 0.0]
KMT2A,tprs,[1.0, 1.0, 1.0, 1.0, 1.0, 0.9996014348345954, 0.9996014348345954, 0.9996014348345954, 0.9996014348345954, 0.9988043045037863, 0.9988043045037863, 0.9980071741729772, 0.9980071741729772, 0.9980071741729772, 0.9976086090075728, 0.9972100438421682, 0.9964129135113591, 0.9964129135113591, 0.99561578318055, 0.9940215225189318, 0.9936229573535273, 0.9928258270227183, 0.9920286966919091, 0.9912315663611, 0.9900358708648864, 0.9888401753686727, 0.9876444798724592, 0.986050219210841, 0.9828616978876046, 0.9701076125946593, 0.9493822239936229, 0.904742925468314, 0.8150657632522917, 0.6612196094061379, 0.49740932642487046, 0.3603029095257074, 0.2291749701076126, 0.14627341570346752, 0.0876843363889996, 0.05261060183339976, 0.027102431247508968, 0.011956954962136309, 0.004782781984854523, 0.0007971303308090873, 0.00039856516540454366, 0.0, 0.0, 0.0, 0.0, 0.0]
KMT2A,fprs,[1.0, 0.9278965688712083, 0.8831427150671308, 0.8508204873197415, 0.8314271506713078, 0.8170064644455495, 0.8015912481352561, 0.7846842366981601, 0.7682744903033317, 0.7543510691198408, 0.7289905519641969, 0.7155643958229736, 0.7016409746394828, 0.6842366981601193, 0.6708105420188961, 0.661362506215813, 0.6494281452013924, 0.636001989060169, 0.627548483341621, 0.6121332670313276, 0.6031824962705122, 0.5902536051715565, 0.5803083043262058, 0.5693684733963202, 0.5599204375932372, 0.5469915464942815, 0.5345599204375933, 0.5231228244654401, 0.49129786176031826, 0.46643460964694183, 0.4181999005469915, 0.364992541024366, 0.2779711586275485, 0.21730482347090999, 0.17006464445549477, 0.13475882645450024, 0.10691198408751865, 0.08204873197414221, 0.06563898557931377, 0.04972650422675286, 0.033316757831924414, 0.009448035803083043, 0.005469915464942815, 0.0034808552958727, 0.000994530084535057, 0.0, 0.0, 0.0, 0.0, 0.0]
LMX1B,tprs,[1.0, 1.0, 1.0, 1.0, 1.0, 1.0, 1.0, 1.0, 0.9996146435452794, 0.9996146435452794, 0.9996146435452794, 0.9992292870905588, 0.9992292870905588, 0.9988439306358381, 0.9988439306358381, 0.9988439306358381, 0.9980732177263969, 0.9976878612716763, 0.9965317919075144, 0.9942196531791907, 0.9922928709055877, 0.989980732177264, 0.9872832369942196, 0.9803468208092485, 0.9745664739884393, 0.966859344894027, 0.9583815028901734, 0.9437379576107899, 0.9314065510597302, 0.9179190751445087, 0.8955684007707129, 0.8751445086705202, 0.8497109826589595, 0.8250481695568401, 0.7915221579961464, 0.7556840077071291, 0.7213872832369942, 0.6859344894026975, 0.6454720616570327, 0.6127167630057804, 0.571868978805395, 0.530635838150289, 0.48786127167630056, 0.43391136801541424, 0.366859344894027, 0.30057803468208094, 0.22928709055876687, 0.12061657032755299, 0.045857418111753374, 0.009633911368015413]
LMX1B,fprs,[1.0, 0.9828571428571429, 0.9761038961038961, 0.9667532467532467, 0.9542857142857143, 0.9433766233766234, 0.922077922077922, 0.8919480519480519, 0.8561038961038961, 0.8202597402597402, 0.7968831168831169, 0.7693506493506493, 0.7397402597402597, 0.708051948051948, 0.6732467532467532, 0.6368831168831168, 0.6093506493506493, 0.5766233766233766, 0.5361038961038961, 0.5033766233766234, 0.46805194805194805, 0.43064935064935067, 0.3942857142857143, 0.3361038961038961, 0.29298701298701296, 0.25662337662337664, 0.20051948051948051, 0.1703896103896104, 0.14753246753246754, 0.13662337662337662, 0.12363636363636364, 0.10597402597402597, 0.09350649350649351, 0.0877922077922078, 0.08103896103896104, 0.0748051948051948, 0.06909090909090909, 0.06337662337662338, 0.0587012987012987, 0.054025974025974026, 0.047792207792207796, 0.04, 0.035844155844155845, 0.023376623376623377, 0.019740259740259742, 0.014545454545454545, 0.008831168831168832, 0.004155844155844156, 0.0015584415584415584, 0.0]
MEIS2,tprs,[1.0, 1.0, 1.0, 1.0, 1.0, 1.0, 1.0, 1.0, 1.0, 1.0, 1.0, 1.0, 1.0, 0.9992644354542111, 0.9992644354542111, 0.9988966531813167, 0.9988966531813167, 0.9981610886355278, 0.9977933063626333, 0.99668995954395, 0.9952188304523722, 0.9937477013607944, 0.9897020963589555, 0.986024273630011, 0.9801397572636998, 0.9738874586244943, 0.966164030893711, 0.9551305627068776, 0.941522618609783, 0.931592497241633, 0.9179845531445384, 0.9032732622287606, 0.8892975358587716, 0.872379551305627, 0.8503126149319603, 0.8219933799190879, 0.7966164030893711, 0.7671938212578153, 0.728944464876793, 0.6881206325855094, 0.6410445016550202, 0.5932328061787422, 0.5288709084222141, 0.4689223979404193, 0.38102243471864655, 0.2629643251195292, 0.1518940787054064, 0.09672673777123943, 0.05001838911364472, 0.012872379551305628]
MEIS2,fprs,[1.0, 0.6907273736812882, 0.617434758467518, 0.5519156024430871, 0.4841754580788451, 0.43420322043309273, 0.3914491948917268, 0.31315935591338145, 0.28262076624097726, 0.25930038867295946, 0.24375347029428096, 0.22598556357579122, 0.18822876179900055, 0.17046085508051081, 0.15546918378678512, 0.14214325374791784, 0.12992781787895613, 0.1254858411993337, 0.11660188784008883, 0.10993892282065519, 0.10494169905607996, 0.09550249861188229, 0.08939478067740145, 0.08162132148806218, 0.07495835646862854, 0.06607440310938367, 0.056635202665186006, 0.049416990560799554, 0.0421987784564131, 0.036646307606885066, 0.029983342587451417, 0.024430871737923375, 0.018878400888395337, 0.015546918378678512, 0.01110494169905608, 0.009439200444197668, 0.006662965019433648, 0.004441976679622432, 0.003331482509716824, 0.000555247084952804, 0.0, 0.0, 0.0, 0.0, 0.0, 0.0, 0.0, 0.0, 0.0, 0.0]
NFATC2,tprs,[1.0, 1.0, 1.0, 1.0, 1.0, 1.0, 0.9996316758747698, 0.9996316758747698, 0.9996316758747698, 0.9992633517495396, 0.9992633517495396, 0.9985267034990792, 0.9985267034990792, 0.9977900552486187, 0.9970534069981584, 0.9970534069981584, 0.994475138121547, 0.9930018416206261, 0.9900552486187846, 0.9874769797421731, 0.9841620626151013, 0.9808471454880294, 0.9723756906077348, 0.969060773480663, 0.9620626151012891, 0.949171270718232, 0.939963167587477, 0.9241252302025783, 0.910865561694291, 0.8968692449355433, 0.8755064456721915, 0.8556169429097605, 0.8324125230202578, 0.8077348066298342, 0.7801104972375691, 0.7436464088397791, 0.7093922651933702, 0.6725598526703499, 0.6232044198895028, 0.5627992633517496, 0.4931860036832412, 0.41878453038674035, 0.33554327808471457, 0.26114180478821364, 0.19594843462246778, 0.14033149171270717, 0.09281767955801105, 0.0, 0.0, 0.0]
NFATC2,fprs,[1.0, 0.7950138504155124, 0.5551246537396122, 0.4554016620498615, 0.3878116343490305, 0.3318559556786704, 0.3013850415512465, 0.27202216066481993, 0.24598337950138505, 0.21939058171745152, 0.20609418282548475, 0.19002770083102494, 0.1778393351800554, 0.1700831024930748, 0.15789473684210525, 0.14792243767313018, 0.13739612188365652, 0.12520775623268698, 0.11412742382271468, 0.10083102493074793, 0.09695290858725762, 0.0886426592797784, 0.08476454293628809, 0.07756232686980609, 0.07590027700831024, 0.06814404432132964, 0.06426592797783934, 0.060941828254847646, 0.057617728531855955, 0.05152354570637119, 0.049307479224376734, 0.04709141274238227, 0.04487534626038781, 0.040997229916897505, 0.03822714681440443, 0.034903047091412745, 0.030470914127423823, 0.0260387811634349, 0.023822714681440444, 0.01662049861495845, 0.009972299168975069, 0.006648199445983379, 0.004986149584487534, 0.0033240997229916896, 0.0016620498614958448, 0.000554016620498615, 0.0, 0.0, 0.0, 0.0]
NFIA,tprs,[1.0, 1.0, 1.0, 1.0, 1.0, 1.0, 1.0, 1.0, 1.0, 1.0, 1.0, 1.0, 1.0, 1.0, 1.0, 1.0, 0.9987908101571947, 0.998186215235792, 0.9975816203143894, 0.9963724304715841, 0.9945586457073761, 0.9909310761789601, 0.9812575574365175, 0.9727932285368803, 0.9691656590084643, 0.9637243047158404, 0.9594921402660218, 0.9474002418379686, 0.9359129383313181, 0.9189842805320435, 0.900241837968561, 0.8821039903264812, 0.8663845223700121, 0.8500604594921403, 0.8228536880290206, 0.7932285368802902, 0.7376058041112454, 0.6970979443772672, 0.652962515114873, 0.6051995163240629, 0.5749697702539298, 0.5405078597339782, 0.47642079806529625, 0.4365175332527207, 0.4014510278113664, 0.3651753325272068, 0.3295042321644498, 0.28536880290205563, 0.22853688029020555, 0.18319226118500603]
NFIA,fprs,[1.0, 1.0, 1.0, 1.0, 1.0, 0.9982554082344731, 0.9424284717376133, 0.8185624563852059, 0.6594556873691556, 0.46824842986741105, 0.3073970690858339, 0.21737613398464758, 0.16573621772505234, 0.12247034193998604, 0.09351011863224006, 0.06838799720865317, 0.052337752965806, 0.03838101884159107, 0.02512212142358688, 0.020586182833217028, 0.017096999302163293, 0.011514305652477321, 0.007676203768318213, 0.005582693649685973, 0.0034891835310537334, 0.00209351011863224, 0.0006978367062107466, 0.0006978367062107466, 0.0, 0.0, 0.0, 0.0, 0.0, 0.0, 0.0, 0.0, 0.0, 0.0, 0.0, 0.0, 0.0, 0.0, 0.0, 0.0, 0.0, 0.0, 0.0, 0.0, 0.0, 0.0]
NFIB,tprs,[1.0, 1.0, 1.0, 1.0, 1.0, 1.0, 1.0, 1.0, 1.0, 1.0, 1.0, 1.0, 0.9991166077738516, 0.997791519434629, 0.9933745583038869, 0.9876325088339223, 0.9774734982332155, 0.9690812720848057, 0.9540636042402827, 0.9377208480565371, 0.9178445229681979, 0.8979681978798587, 0.8776501766784452, 0.8462897526501767, 0.8078621908127208, 0.7689929328621908, 0.7376325088339223, 0.7151060070671378, 0.6930212014134276, 0.6709363957597173, 0.6457597173144877, 0.6170494699646644, 0.5852473498233216, 0.553886925795053, 0.5229681978798587, 0.4651060070671378, 0.4249116607773852, 0.3917844522968198, 0.36351590106007065, 0.3454063604240283, 0.31846289752650175, 0.3003533568904594, 0.28136042402826855, 0.26899293286219084, 0.25353356890459366, 0.23674911660777384, 0.21157243816254417, 0.17181978798586572, 0.11439929328621908, 0.0]
NFIB,fprs,[1.0, 1.0, 1.0, 0.9707446808510638, 0.8967198581560284, 0.8129432624113475, 0.7136524822695035, 0.625886524822695, 0.5274822695035462, 0.4321808510638298, 0.37322695035460995, 0.3324468085106383, 0.2907801418439716, 0.2575354609929078, 0.2176418439716312, 0.1879432624113475, 0.1671099290780142, 0.14406028368794327, 0.12145390070921985, 0.10106382978723404, 0.08023049645390071, 0.0673758865248227, 0.057180851063829786, 0.047872340425531915, 0.0425531914893617, 0.03634751773049645, 0.02969858156028369, 0.02526595744680851, 0.023936170212765957, 0.019060283687943262, 0.01551418439716312, 0.01152482269503546, 0.008865248226950355, 0.0062056737588652485, 0.004432624113475178, 0.0017730496453900709, 0.0004432624113475177, 0.0, 0.0, 0.0, 0.0, 0.0, 0.0, 0.0, 0.0, 0.0, 0.0, 0.0, 0.0, 0.0]
NFIX,tprs,[1.0, 1.0, 1.0, 1.0, 1.0, 1.0, 1.0, 1.0, 0.9988221436984688, 0.9976442873969376, 0.9958775029446407, 0.9899882214369847, 0.9846878680800942, 0.9829210836277974, 0.980565371024735, 0.980565371024735, 0.980565371024735, 0.9793875147232037, 0.9776207302709069, 0.9729093050647821, 0.9729093050647821, 0.9705535924617197, 0.9664310954063604, 0.9634864546525324, 0.9593639575971732, 0.9528857479387515, 0.9440518256772674, 0.9257950530035336, 0.9104829210836278, 0.8963486454652533, 0.8792697290930507, 0.8586572438162544, 0.8345111896348646, 0.8032979976442874, 0.7691401648998822, 0.7444051825677267, 0.7161366313309776, 0.6725559481743227, 0.5347467608951708, 0.5041224970553593, 0.47703180212014135, 0.444640753828033, 0.4193168433451119, 0.39045936395759717, 0.3663133097762073, 0.3327444051825677, 0.30153121319199055, 0.26855123674911663, 0.23733804475853945, 0.19257950530035337]
NFIX,fprs,[1.0, 1.0, 1.0, 0.9939759036144579, 0.904677533664068, 0.7540751240255138, 0.5846917080085046, 0.45322466335931966, 0.3628632175761871, 0.2852586817859674, 0.2232459248759745, 0.17682494684620836, 0.1410347271438696, 0.11197732104890148, 0.08965272856130405, 0.0705173635719348, 0.057406094968107724, 0.0446491849751949, 0.03437278525868179, 0.029057406094968107, 0.02445074415308292, 0.018781006378454996, 0.014883061658398299, 0.013465627214741318, 0.010630758327427357, 0.00815024805102764, 0.006732813607370659, 0.006024096385542169, 0.0038979447200566974, 0.002834868887313962, 0.0010630758327427356, 0.0007087172218284905, 0.0007087172218284905, 0.00035435861091424523, 0.00035435861091424523, 0.00035435861091424523, 0.0, 0.0, 0.0, 0.0, 0.0, 0.0, 0.0, 0.0, 0.0, 0.0, 0.0, 0.0, 0.0, 0.0]
NFKB1,tprs,[1.0, 1.0, 1.0, 1.0, 1.0, 1.0, 1.0, 1.0, 1.0, 0.9963669391462306, 0.9827429609445958, 0.963669391462307, 0.9082652134423251, 0.8387829246139873, 0.7556766575840145, 0.684377838328792, 0.6294277929155313, 0.5835603996366939, 0.5435967302452316, 0.5199818346957311, 0.5104450499545867, 0.5049954586739328, 0.4981834695731153, 0.49591280653950953, 0.4909173478655767, 0.485921889191644, 0.4786557674841054, 0.4768392370572207, 0.47366030881017257, 0.47002724795640327, 0.4659400544959128, 0.46185286103542234, 0.45821980018165304, 0.45322434150772023, 0.45095367847411444, 0.4464123524069028, 0.44232515894641233, 0.43778383287920075, 0.4318801089918256, 0.4223433242506812, 0.41099000908265215, 0.3991825613079019, 0.3891916439600363, 0.37556766575840145, 0.3592188919164396, 0.33242506811989103, 0.31108083560399635, 0.28383287920072664, 0.22070844686648503, 0.12125340599455041]
NFKB1,fprs,[1.0, 1.0, 1.0, 1.0, 1.0, 1.0, 1.0, 0.9995685936151855, 0.9935289042277826, 0.9775668679896462, 0.9344262295081968, 0.8671268334771355, 0.7713546160483176, 0.6738567730802416, 0.5759275237273511, 0.4913718723037101, 0.40767903364969804, 0.33175150992234687, 0.2842968075927524, 0.2627264883520276, 0.24805867126833478, 0.24072476272648835, 0.23166522864538394, 0.22389991371872303, 0.21958584987057808, 0.21484037963761865, 0.21095772217428818, 0.2070750647109577, 0.2014667817083693, 0.19887834339948232, 0.19628990509059535, 0.19327006039689387, 0.1906816220880069, 0.18636755823986195, 0.182053494391717, 0.18032786885245902, 0.17515099223468508, 0.16997411561691114, 0.16393442622950818, 0.16134598792062121, 0.15789473684210525, 0.15056082830025885, 0.1453839516824849, 0.13761863675582398, 0.12812769628990509, 0.11475409836065574, 0.10655737704918032, 0.091458153580673, 0.06471095772217429, 0.03192407247627265]
NR3C2,tprs,[1.0, 1.0, 1.0, 1.0, 1.0, 1.0, 0.999578947368421, 0.9991578947368421, 0.9983157894736842, 0.9983157894736842, 0.9966315789473684, 0.9865263157894737, 0.9827368421052631, 0.9802105263157894, 0.9747368421052631, 0.9696842105263158, 0.9646315789473684, 0.9591578947368421, 0.9507368421052631, 0.9456842105263158, 0.9397894736842105, 0.9292631578947368, 0.9216842105263158, 0.9086315789473685, 0.9002105263157895, 0.8850526315789473, 0.8732631578947369, 0.8568421052631578, 0.8421052631578947, 0.8248421052631579, 0.8071578947368421, 0.7877894736842105, 0.7713684210526316, 0.7490526315789474, 0.7305263157894737, 0.7006315789473684, 0.6745263157894736, 0.6429473684210526, 0.6126315789473684, 0.5717894736842105, 0.5338947368421053, 0.488, 0.4442105263157895, 0.38989473684210524, 0.0, 0.0, 0.0, 0.0, 0.0, 0.0]
NR3C2,fprs,[1.0, 1.0, 0.8797202797202798, 0.8466200466200466, 0.8149184149184149, 0.7762237762237763, 0.7403263403263404, 0.7025641025641025, 0.6708624708624709, 0.6321678321678321, 0.6032634032634032, 0.45874125874125876, 0.43263403263403266, 0.4037296037296037, 0.38461538461538464, 0.3655011655011655, 0.34685314685314683, 0.3328671328671329, 0.3202797202797203, 0.3006993006993007, 0.2699300699300699, 0.25874125874125875, 0.24755244755244754, 0.24242424242424243, 0.23123543123543125, 0.2233100233100233, 0.21585081585081586, 0.206993006993007, 0.1986013986013986, 0.18554778554778556, 0.17529137529137528, 0.16596736596736597, 0.15384615384615385, 0.1445221445221445, 0.131002331002331, 0.12167832167832168, 0.11282051282051282, 0.09976689976689977, 0.09230769230769231, 0.08391608391608392, 0.07086247086247087, 0.062004662004662, 0.05454545454545454, 0.044755244755244755, 0.0, 0.0, 0.0, 0.0, 0.0, 0.0]
PBX1,tprs,[1.0, 1.0, 1.0, 1.0, 1.0, 1.0, 1.0, 1.0, 1.0, 1.0, 1.0, 1.0, 1.0, 1.0, 0.9991119005328597, 0.9986678507992895, 0.9960035523978685, 0.9928952042628775, 0.9875666074600356, 0.9826820603907638, 0.9733570159857904, 0.9640319715808171, 0.9507104795737122, 0.9369449378330373, 0.9218472468916519, 0.9063055062166963, 0.8903197158081705, 0.8681172291296625, 0.8405861456483126, 0.7868561278863233, 0.6940497335701599, 0.6318827708703375, 0.5861456483126111, 0.5497335701598579, 0.5173179396092362, 0.4920071047957371, 0.45959147424511543, 0.4342806394316163, 0.4107460035523979, 0.3867673179396092, 0.3592362344582593, 0.3339253996447602, 0.2895204262877442, 0.24156305506216696, 0.22513321492007105, 0.20870337477797513, 0.1958259325044405, 0.18072824156305506, 0.15319715808170514, 0.05284191829484902]
PBX1,fprs,[1.0, 1.0, 1.0, 0.9559082892416225, 0.8981481481481481, 0.8589065255731922, 0.822310405643739, 0.7777777777777778, 0.7266313932980599, 0.6798941798941799, 0.6331569664902998, 0.5815696649029982, 0.5321869488536155, 0.48412698412698413, 0.42901234567901236, 0.36331569664902996, 0.32319223985890655, 0.28350970017636684, 0.2482363315696649, 0.22663139329805995, 0.2001763668430335, 0.18253968253968253, 0.1591710758377425, 0.13271604938271606, 0.1128747795414462, 0.09303350970017636, 0.07804232804232804, 0.06305114638447971, 0.05026455026455026, 0.03791887125220458, 0.029541446208112873, 0.02204585537918871, 0.01675485008818342, 0.012345679012345678, 0.007936507936507936, 0.002204585537918871, 0.0004409171075837742, 0.0, 0.0, 0.0, 0.0, 0.0, 0.0, 0.0, 0.0, 0.0, 0.0, 0.0, 0.0, 0.0]
PKNOX2,tprs,[1.0, 0.9995702621400946, 0.9995702621400946, 0.9995702621400946, 0.9995702621400946, 0.9995702621400946, 0.9991405242801891, 0.9982810485603781, 0.9978513107004727, 0.9961323592608509, 0.9957026214009455, 0.9939836699613236, 0.9931241942415127, 0.9918349806617963, 0.9914052428018908, 0.9914052428018908, 0.99054576708208, 0.9892565535023635, 0.9866781263429308, 0.9845294370434036, 0.9828104856037817, 0.9819510098839708, 0.9815212720240654, 0.9806617963042544, 0.979372582724538, 0.9785131070047272, 0.9763644177051999, 0.9712075633863343, 0.9626128061882252, 0.954018048990116, 0.9376880103137086, 0.8972926514825956, 0.837559088955737, 0.7675118177911474, 0.6974645466265578, 0.6158143532445208, 0.5083798882681564, 0.3115599484314568, 0.14482165878813924, 0.048560378169316715, 0.013751611516974646, 0.0021486892995272885, 0.0004297378599054577, 0.0, 0.0, 0.0, 0.0, 0.0, 0.0, 0.0]
PKNOX2,fprs,[1.0, 0.7414500683994528, 0.7031463748290013, 0.6534427724578203, 0.6142270861833106, 0.583219334245326, 0.5595075239398085, 0.533515731874145, 0.5166438668490652, 0.46192430460556316, 0.43912448700410395, 0.4222526219790242, 0.40310077519379844, 0.3912448700410397, 0.382124943000456, 0.36707706338349294, 0.3593251253989968, 0.3488372093023256, 0.3369813041495668, 0.3283173734610123, 0.3182854537163703, 0.30414956680346555, 0.29457364341085274, 0.28545371637026906, 0.27678978568171453, 0.2640218878248974, 0.25809393524851804, 0.2471500227998176, 0.23119015047879618, 0.2079343365253078, 0.1823985408116735, 0.16461468308253535, 0.14181486548107616, 0.12494300045599635, 0.10533515731874145, 0.08572731418148655, 0.06292749658002736, 0.04514363885088919, 0.028271773825809393, 0.01094391244870041, 0.0031919744642042863, 0.0009119927040583675, 0.00045599635202918376, 0.0, 0.0, 0.0, 0.0, 0.0, 0.0, 0.0]
PPARG,tprs,[1.0, 1.0, 1.0, 1.0, 0.9791666666666666, 0.9730902777777778, 0.9665798611111112, 0.9565972222222222, 0.9496527777777778, 0.9210069444444444, 0.8585069444444444, 0.83203125, 0.8142361111111112, 0.796875, 0.7760416666666666, 0.7473958333333334, 0.7131076388888888, 0.6727430555555556, 0.6067708333333334, 0.5264756944444444, 0.4743923611111111, 0.4192708333333333, 0.3693576388888889, 0.3111979166666667, 0.2673611111111111, 0.22569444444444445, 0.19401041666666666, 0.16493055555555555, 0.1384548611111111, 0.1154513888888889, 0.10199652777777778, 0.0920138888888889, 0.0837673611111111, 0.07378472222222222, 0.06640625, 0.06163194444444445, 0.05685763888888889, 0.051215277777777776, 0.04470486111111111, 0.04123263888888889, 0.03689236111111111, 0.033854166666666664, 0.028645833333333332, 0.022135416666666668, 0.016493055555555556, 0.010850694444444444, 0.009114583333333334, 0.003472222222222222, 0.0013020833333333333, 0.0]
PPARG,fprs,[1.0, 1.0, 1.0, 1.0, 0.9990974729241877, 0.9986462093862816, 0.9977436823104693, 0.9972924187725631, 0.9959386281588448, 0.9787906137184116, 0.8971119133574007, 0.8727436823104693, 0.855595667870036, 0.8425090252707581, 0.8280685920577617, 0.8064079422382672, 0.7703068592057761, 0.7247292418772563, 0.6669675090252708, 0.595216606498195, 0.5333935018050542, 0.49232851985559567, 0.4548736462093863, 0.42554151624548736, 0.3971119133574007, 0.37815884476534295, 0.3605595667870036, 0.3461191335740072, 0.3334837545126354, 0.3249097472924188, 0.31633574007220217, 0.30685920577617326, 0.2982851985559567, 0.2897111913357401, 0.27978339350180503, 0.2675992779783393, 0.25676895306859204, 0.2527075812274368, 0.24458483754512636, 0.2328519855595668, 0.21750902527075813, 0.20712996389891697, 0.19720216606498195, 0.18456678700361012, 0.16967509025270758, 0.14846570397111913, 0.12319494584837545, 0.06453068592057762, 0.03790613718411552, 0.024368231046931407]
PRDM16,tprs,[1.0, 1.0, 1.0, 1.0, 1.0, 1.0, 1.0, 1.0, 1.0, 1.0, 1.0, 1.0, 0.9567791592658378, 0.9478981645944345, 0.9354647720544701, 0.9230313795145056, 0.9076376554174067, 0.8892835997631735, 0.8738898756660746, 0.8318531675547661, 0.8105387803433984, 0.7761989342806395, 0.7531083481349912, 0.7323860272350503, 0.709295441089402, 0.6370633510953226, 0.6163410301953819, 0.5926583777383067, 0.5677915926583778, 0.5500296033155714, 0.5275310834813499, 0.5032563647128478, 0.4866785079928952, 0.47306098283007697, 0.4541148608644168, 0.43220840734162225, 0.41681468324452337, 0.3925399644760213, 0.36708111308466546, 0.34517465956187093, 0.3321492007104796, 0.3114268798105388, 0.2912966252220249, 0.2729425695677916, 0.2551805802249852, 0.23978685612788633, 0.22320899940793368, 0.20189461219656601, 0.10065127294256956, 0.0]
PRDM16,fprs,[1.0, 1.0, 1.0, 1.0, 1.0, 1.0, 0.9795125397386083, 0.9392440833627693, 0.8851995761215118, 0.8089014482515012, 0.7364888731896856, 0.6661956905687036, 0.6117979512539738, 0.5538678912045214, 0.5001766160367361, 0.3935005298481102, 0.30837160014129283, 0.24196397032850583, 0.18050158954433063, 0.13493465206640762, 0.10031790886612504, 0.07135287884139879, 0.05192511480042388, 0.03673613564111621, 0.02755210173083716, 0.018014835747085834, 0.012363122571529495, 0.010596962204168139, 0.006358177322500883, 0.005298481102084069, 0.004945249028611798, 0.004945249028611798, 0.004945249028611798, 0.004945249028611798, 0.004945249028611798, 0.004945249028611798, 0.004945249028611798, 0.004945249028611798, 0.004945249028611798, 0.0045920169551395265, 0.0035323207347227126, 0.0017661603673613563, 0.0, 0.0, 0.0, 0.0, 0.0, 0.0, 0.0, 0.0]
PROX1,tprs,[1.0, 1.0, 1.0, 1.0, 1.0, 1.0, 1.0, 1.0, 1.0, 1.0, 1.0, 1.0, 1.0, 1.0, 1.0, 1.0, 0.9992800575953924, 0.9992800575953924, 0.9989200863930886, 0.9989200863930886, 0.9985601151907847, 0.9978401727861771, 0.9967602591792657, 0.9949604031677466, 0.9935205183585313, 0.9920806335493161, 0.9895608351331894, 0.9856011519078474, 0.9809215262778977, 0.9766018718502519, 0.9683225341972642, 0.9542836573074154, 0.941324694024478, 0.9215262778977682, 0.894528437724982, 0.859251259899208, 0.8149748020158387, 0.7167026637868971, 0.5269978401727862, 0.3898488120950324, 0.2631389488840893, 0.1587473002159827, 0.07919366450683946, 0.02159827213822894, 0.005399568034557235, 0.0, 0.0, 0.0, 0.0, 0.0]
PROX1,fprs,[1.0, 0.49770378874856486, 0.40298507462686567, 0.34959816303099883, 0.30539609644087257, 0.2738231917336395, 0.2468427095292767, 0.22502870264064295, 0.2095292766934558, 0.19402985074626866, 0.18025258323765786, 0.17049368541905854, 0.1618828932261768, 0.15097588978185994, 0.14351320321469574, 0.13719862227324914, 0.12801377726750862, 0.11538461538461539, 0.10562571756601608, 0.0947187141216992, 0.08668197474167623, 0.07807118254879448, 0.07290470723306544, 0.06199770378874857, 0.05510907003444317, 0.04764638346727899, 0.04075774971297359, 0.030424799081515498, 0.022962112514351322, 0.016073478760045924, 0.011481056257175661, 0.006888633754305396, 0.0028702640642939152, 0.001148105625717566, 0.001148105625717566, 0.000574052812858783, 0.0, 0.0, 0.0, 0.0, 0.0, 0.0, 0.0, 0.0, 0.0, 0.0, 0.0, 0.0, 0.0, 0.0]
RARB,tprs,[1.0, 1.0, 1.0, 1.0, 1.0, 0.9993788819875776, 0.9993788819875776, 0.9993788819875776, 0.9981366459627329, 0.9975155279503105, 0.9956521739130435, 0.9944099378881988, 0.9894409937888199, 0.986335403726708, 0.9850931677018634, 0.9832298136645963, 0.9813664596273292, 0.9770186335403727, 0.9739130434782609, 0.9683229813664597, 0.9633540372670808, 0.9590062111801242, 0.9546583850931677, 0.9453416149068323, 0.9409937888198758, 0.9354037267080745, 0.9267080745341615, 0.9229813664596274, 0.9173913043478261, 0.9124223602484473, 0.906832298136646, 0.8975155279503105, 0.8869565217391304, 0.8795031055900621, 0.8726708074534162, 0.867080745341615, 0.8577639751552795, 0.8472049689440994, 0.8329192546583851, 0.8204968944099379, 0.8093167701863354, 0.7987577639751553, 0.7863354037267081, 0.7701863354037267, 0.7521739130434782, 0.7341614906832298, 0.7080745341614907, 0.684472049689441, 0.6515527950310559, 0.613664596273292]
RARB,fprs,[1.0, 1.0, 0.9996563573883162, 0.99553264604811, 0.9274914089347079, 0.8797250859106529, 0.8243986254295532, 0.7484536082474227, 0.6628865979381443, 0.5900343642611684, 0.5137457044673539, 0.4515463917525773, 0.3852233676975945, 0.3243986254295533, 0.2721649484536082, 0.2309278350515464, 0.19965635738831616, 0.17079037800687286, 0.1463917525773196, 0.12783505154639174, 0.10549828178694158, 0.08969072164948454, 0.0711340206185567, 0.06013745704467354, 0.053951890034364264, 0.047079037800687284, 0.03951890034364261, 0.036426116838487975, 0.032989690721649485, 0.03127147766323024, 0.02852233676975945, 0.026804123711340205, 0.025085910652920963, 0.024398625429553265, 0.023711340206185566, 0.02268041237113402, 0.021305841924398626, 0.018900343642611683, 0.015807560137457044, 0.010996563573883162, 0.007216494845360825, 0.005498281786941581, 0.003780068728522337, 0.0024054982817869417, 0.0010309278350515464, 0.0010309278350515464, 0.0003436426116838488, 0.0003436426116838488, 0.0003436426116838488, 0.0]
REST,tprs,[1.0, 1.0, 1.0, 1.0, 1.0, 1.0, 1.0, 1.0, 1.0, 1.0, 1.0, 1.0, 1.0, 1.0, 1.0, 1.0, 1.0, 1.0, 1.0, 1.0, 1.0, 1.0, 1.0, 1.0, 1.0, 0.9900526623756583, 0.9795201872440024, 0.9701579871269749, 0.957284961966062, 0.9473376243417203, 0.9379754242246928, 0.9291983616149795, 0.9215915740198947, 0.9133996489174956, 0.9028671737858397, 0.8917495611468695, 0.8835576360444705, 0.8736102984201287, 0.8648332358104155, 0.85020479812756, 0.8349912229373903, 0.8203627852545348, 0.8004681100058514, 0.0, 0.0, 0.0, 0.0, 0.0, 0.0, 0.0]
REST,fprs,[1.0, 1.0, 1.0, 1.0, 1.0, 1.0, 0.511917467093561, 0.4453930985414443, 0.3877623621487015, 0.3265741728922092, 0.27961579509071505, 0.2312344361437211, 0.1896122376378513, 0.1607968694414799, 0.1319815012451085, 0.10885805763073639, 0.09107079331198861, 0.07506225542511562, 0.05834222696549271, 0.04589114194236926, 0.03379580220562078, 0.02703664176449662, 0.017787264318747775, 0.01031661330487371, 0.0021344717182497333, 0.0, 0.0, 0.0, 0.0, 0.0, 0.0, 0.0, 0.0, 0.0, 0.0, 0.0, 0.0, 0.0, 0.0, 0.0, 0.0, 0.0, 0.0, 0.0, 0.0, 0.0, 0.0, 0.0, 0.0, 0.0]
RORA,tprs,[1.0, 1.0, 1.0, 1.0, 1.0, 1.0, 1.0, 1.0, 1.0, 1.0, 1.0, 1.0, 1.0, 1.0, 1.0, 1.0, 1.0, 1.0, 1.0, 1.0, 1.0, 1.0, 1.0, 1.0, 1.0, 1.0, 0.9791666666666666, 0.9588068181818182, 0.9389204545454546, 0.9204545454545454, 0.8991477272727273, 0.8768939393939394, 0.8546401515151515, 0.8323863636363636, 0.8158143939393939, 0.7926136363636364, 0.7788825757575758, 0.759469696969697, 0.740530303030303, 0.7230113636363636, 0.7064393939393939, 0.6879734848484849, 0.6676136363636364, 0.6505681818181818, 0.0, 0.0, 0.0, 0.0, 0.0, 0.0]
RORA,fprs,[1.0, 1.0, 1.0, 1.0, 1.0, 1.0, 1.0, 1.0, 0.41403654485049834, 0.3866279069767442, 0.3637873754152824, 0.3388704318936877, 0.3089700996677741, 0.2819767441860465, 0.260797342192691, 0.23961794019933555, 0.21262458471760798, 0.18646179401993354, 0.16611295681063123, 0.13870431893687707, 0.11586378737541528, 0.0909468438538206, 0.0681063122923588, 0.051079734219269105, 0.02616279069767442, 0.005398671096345515, 0.0, 0.0, 0.0, 0.0, 0.0, 0.0, 0.0, 0.0, 0.0, 0.0, 0.0, 0.0, 0.0, 0.0, 0.0, 0.0, 0.0, 0.0, 0.0, 0.0, 0.0, 0.0, 0.0, 0.0]
RORB,tprs,[1.0, 1.0, 1.0, 1.0, 1.0, 1.0, 1.0, 1.0, 1.0, 1.0, 1.0, 1.0, 1.0, 1.0, 1.0, 1.0, 0.9996374184191443, 0.9989122552574329, 0.9963741841914431, 0.9927483683828862, 0.9876722262509064, 0.9807831762146483, 0.9684554024655547, 0.9572153734590283, 0.9372733865119652, 0.9126178390137781, 0.8850616388687454, 0.8578680203045685, 0.8259608411892676, 0.794778825235678, 0.7621464829586657, 0.7327773749093546, 0.7026831036983321, 0.6667875271936186, 0.639231327048586, 0.6102248005801305, 0.5797679477882524, 0.5496736765772299, 0.5239303843364757, 0.48767222625090645, 0.4514140681653372, 0.4126178390137781, 0.373821609862219, 0.33720087019579403, 0.304205946337926, 0.25960841189267586, 0.2092095721537346, 0.15663524292965916, 0.11022480058013052, 0.0]
RORB,fprs,[1.0, 0.9148694665153235, 0.7758229284903518, 0.6452894438138479, 0.547105561861521, 0.4960272417707151, 0.45743473325766176, 0.42054483541430193, 0.38308740068104424, 0.35584562996594776, 0.32519863791146425, 0.3047673098751419, 0.2792281498297389, 0.2582292849035187, 0.23269012485811577, 0.2185017026106697, 0.19920544835414303, 0.17990919409761635, 0.16174801362088537, 0.14699205448354144, 0.1345062429057889, 0.11804767309875142, 0.09194097616345062, 0.07832009080590238, 0.0720771850170261, 0.0641316685584563, 0.05618615209988649, 0.044835414301929624, 0.03859250851305335, 0.03178206583427923, 0.026106696935300794, 0.02383654937570942, 0.019863791146424517, 0.01362088535754824, 0.01191827468785471, 0.01191827468785471, 0.010783200908059024, 0.00851305334846765, 0.00681044267877412, 0.006242905788876277, 0.00340522133938706, 0.0028376844494892167, 0.0028376844494892167, 0.0011350737797956867, 0.0011350737797956867, 0.0, 0.0, 0.0, 0.0, 0.0]
RUNX1,tprs,[1.0, 1.0, 1.0, 1.0, 1.0, 0.9994015559545183, 0.9994015559545183, 0.9994015559545183, 0.9994015559545183, 0.9988031119090365, 0.9988031119090365, 0.9964093357271095, 0.995212447636146, 0.995212447636146, 0.992818671454219, 0.9916217833632556, 0.9898264512268103, 0.9874326750448833, 0.9856373429084381, 0.9838420107719928, 0.9814482345900658, 0.9772591262716936, 0.9748653500897666, 0.9652902453620587, 0.9628964691801316, 0.9581089168162776, 0.9515260323159784, 0.9389587073608617, 0.8934769599042489, 0.8761220825852782, 0.8545780969479354, 0.8372232196289647, 0.8216636744464393, 0.7791741472172352, 0.7540394973070018, 0.7175344105326152, 0.6816277678037104, 0.6325553560742071, 0.5667265110712149, 0.5350089766606823, 0.5056852184320766, 0.4793536804308797, 0.44344703770197486, 0.42190305206463197, 0.3907839616995811, 0.34590065828845, 0.3279473369239976, 0.2956313584679832, 0.2722920406941951, 0.24476361460203472]
RUNX1,fprs,[1.0, 1.0, 1.0, 1.0, 0.9996489996489997, 0.9982449982449982, 0.9757809757809758, 0.7992277992277992, 0.6581256581256582, 0.5531765531765532, 0.46577746577746576, 0.3885573885573886, 0.32958932958932957, 0.28782028782028785, 0.23657423657423657, 0.19936819936819936, 0.16602316602316602, 0.13794313794313795, 0.10986310986310986, 0.0881010881010881, 0.07125307125307126, 0.056511056511056514, 0.044577044577044575, 0.037206037206037205, 0.03229203229203229, 0.02772902772902773, 0.022113022113022112, 0.0179010179010179, 0.016146016146016146, 0.01368901368901369, 0.012285012285012284, 0.011232011232011231, 0.01088101088101088, 0.01053001053001053, 0.010179010179010179, 0.009828009828009828, 0.009828009828009828, 0.009477009477009477, 0.009477009477009477, 0.009477009477009477, 0.009477009477009477, 0.009126009126009126, 0.009126009126009126, 0.009126009126009126, 0.009126009126009126, 0.006669006669006669, 0.002808002808002808, 0.000351000351000351, 0.0, 0.0]
SIX1,tprs,[1.0, 1.0, 1.0, 1.0, 1.0, 1.0, 1.0, 1.0, 1.0, 0.9996078431372549, 0.9996078431372549, 0.9996078431372549, 0.9992156862745099, 0.9980392156862745, 0.9976470588235294, 0.9968627450980392, 0.996078431372549, 0.9929411764705882, 0.9866666666666667, 0.9780392156862745, 0.9694117647058823, 0.9556862745098039, 0.9470588235294117, 0.9290196078431373, 0.9090196078431373, 0.888235294117647, 0.8713725490196078, 0.852156862745098, 0.8309803921568627, 0.8156862745098039, 0.7905882352941176, 0.7733333333333333, 0.7521568627450981, 0.7278431372549019, 0.6941176470588235, 0.6662745098039216, 0.6305882352941177, 0.5905882352941176, 0.5466666666666666, 0.4992156862745098, 0.44901960784313727, 0.3898039215686275, 0.3156862745098039, 0.11254901960784314, 0.03058823529411765, 0.0, 0.0, 0.0, 0.0, 0.0]
SIX1,fprs,[1.0, 0.7045685279187818, 0.6695431472081218, 0.6218274111675127, 0.5766497461928934, 0.5243654822335025, 0.47715736040609136, 0.43908629441624364, 0.40761421319796953, 0.38426395939086294, 0.32639593908629444, 0.29644670050761424, 0.27766497461928935, 0.2593908629441624, 0.24619289340101522, 0.23096446700507614, 0.21269035532994923, 0.18426395939086293, 0.16395939086294417, 0.14923857868020304, 0.13248730964467004, 0.1182741116751269, 0.10203045685279188, 0.08883248730964467, 0.07461928934010152, 0.066497461928934, 0.05989847715736041, 0.05279187817258883, 0.047715736040609136, 0.04263959390862944, 0.03857868020304569, 0.03553299492385787, 0.030456852791878174, 0.026903553299492386, 0.02182741116751269, 0.018781725888324875, 0.015736040609137057, 0.013197969543147208, 0.01116751269035533, 0.007614213197969543, 0.006598984771573604, 0.004568527918781726, 0.0025380710659898475, 0.0005076142131979696, 0.0, 0.0, 0.0, 0.0, 0.0, 0.0]
SIX4,tprs,[1.0, 0.9970446989287034, 0.9959364610269671, 0.9933505725895826, 0.9926117473217584, 0.9915035094200222, 0.990764684152198, 0.9885482083487255, 0.9870705578130772, 0.9863317325452531, 0.9855929072774289, 0.9841152567417806, 0.9830070188400444, 0.9822681935722202, 0.981529368304396, 0.9800517177687477, 0.9785740672330994, 0.9778352419652752, 0.9745105282600665, 0.9693387513852973, 0.9623199113409678, 0.9475434059844847, 0.9301810121906169, 0.9091244920576284, 0.8854820834872552, 0.8625785001847063, 0.8437384558551903, 0.8230513483561138, 0.800886590321389, 0.7835241965275213, 0.7657923900997414, 0.7432582194311046, 0.726634650905061, 0.7000369412633912, 0.6741780568895456, 0.6475803472478758, 0.6132249722940525, 0.5829331363132619, 0.5504248245289989, 0.5131141485038788, 0.46878463243442925, 0.4185445142223864, 0.35537495382342077, 0.2541558921315109, 0.01625415589213151, 0.0003694126339120798, 0.0, 0.0, 0.0, 0.0]
SIX4,fprs,[1.0, 0.637065637065637, 0.604522890237176, 0.5725317153888583, 0.5565361279646994, 0.5350248207391064, 0.5129619415333702, 0.48428019856591287, 0.4567015995587424, 0.42967457253171537, 0.4092664092664093, 0.38554881412024267, 0.3651406508549366, 0.3480419194704909, 0.33204633204633205, 0.31715388858246, 0.25151682294539435, 0.22448979591836735, 0.20794263651406508, 0.18422504136789852, 0.15444015444015444, 0.14009928295642582, 0.11638168781025923, 0.10314396028681742, 0.08990623276337562, 0.07942636514065085, 0.06784335355763928, 0.06012134583563155, 0.05515719801434087, 0.04798676227247656, 0.039713182570325425, 0.035852178709321565, 0.031991174848317705, 0.02702702702702703, 0.02592388306674021, 0.023717595146166576, 0.02206287920573635, 0.02151130722559294, 0.01709873138444567, 0.013789299503585218, 0.010479867622724766, 0.009376723662437948, 0.007722007722007722, 0.003309431880860452, 0.0005515719801434088, 0.0, 0.0, 0.0, 0.0, 0.0]
SMAD3,tprs,[1.0, 1.0, 1.0, 1.0, 1.0, 1.0, 1.0, 1.0, 1.0, 0.9994603345925526, 0.9983810037776578, 0.9983810037776578, 0.9962223421478683, 0.992984349703184, 0.985968699406368, 0.9784133837021047, 0.9719373988127361, 0.963302752293578, 0.9498111171073934, 0.9411764705882353, 0.9276848354020507, 0.9109552077711819, 0.8936859147328656, 0.882892606583918, 0.8731786292498651, 0.8661629789530491, 0.8613059902860226, 0.8521316783594172, 0.8418780356179169, 0.8386400431732326, 0.8310847274689692, 0.820831084727469, 0.8121964382083109, 0.8003237992444684, 0.7889908256880734, 0.7738801942795467, 0.7582298974635726, 0.7350242849433352, 0.7134376686454398, 0.6875337290879655, 0.6605504587155964, 0.6330275229357798, 0.595250944414463, 0.565569347004857, 0.5272531030760929, 0.3847814355099838, 0.2676740420939018, 0.2077711818672423, 0.15110631408526715, 0.09120345385860766]
SMAD3,fprs,[1.0, 1.0, 1.0, 1.0, 1.0, 1.0, 0.9992500937382827, 0.9850018747656543, 0.9598800149981253, 0.8995125609298837, 0.7720284964379452, 0.5324334458192725, 0.31421072365954256, 0.24034495688038995, 0.18747656542932134, 0.1529808773903262, 0.12373453318335208, 0.09936257967754031, 0.08136482939632546, 0.06599175103112111, 0.051368578927634044, 0.04349456317960255, 0.03224596925384327, 0.02662167229096363, 0.02249718785151856, 0.01799775028121485, 0.015748031496062992, 0.013873265841769778, 0.012373453318335208, 0.011623547056617924, 0.010123734533183352, 0.0037495313085864268, 0.0022497187851518562, 0.0011248593925759281, 0.0003749531308586427, 0.0, 0.0, 0.0, 0.0, 0.0, 0.0, 0.0, 0.0, 0.0, 0.0, 0.0, 0.0, 0.0, 0.0, 0.0]
SOX9,tprs,[1.0, 1.0, 1.0, 1.0, 1.0, 1.0, 1.0, 1.0, 1.0, 1.0, 1.0, 1.0, 1.0, 1.0, 1.0, 1.0, 1.0, 1.0, 1.0, 1.0, 1.0, 1.0, 1.0, 1.0, 1.0, 0.9921589127025614, 0.9764767381076843, 0.9613173026659697, 0.9456351280710925, 0.9268165185572399, 0.9127025614218505, 0.8980658651332984, 0.8797699947726084, 0.8646105593308939, 0.8494511238891793, 0.8322007318348145, 0.8175640355462624, 0.7982226868792472, 0.7794040773653946, 0.7637219027705175, 0.7506534239414532, 0.7344485101934135, 0.7140616832200731, 0.0, 0.0, 0.0, 0.0, 0.0, 0.0, 0.0]
SOX9,fprs,[1.0, 1.0, 1.0, 1.0, 1.0, 1.0, 1.0, 0.444572305331799, 0.38550057537399307, 0.3379363252780974, 0.29535864978902954, 0.2581511315688531, 0.22171077867280398, 0.19792865362485615, 0.1653241273494438, 0.1442270809359417, 0.12236286919831224, 0.10049865746068277, 0.08745684695051784, 0.07019562715765247, 0.05638665132336018, 0.03605677023398542, 0.025700038358266206, 0.014192558496355964, 0.002685078634445723, 0.0, 0.0, 0.0, 0.0, 0.0, 0.0, 0.0, 0.0, 0.0, 0.0, 0.0, 0.0, 0.0, 0.0, 0.0, 0.0, 0.0, 0.0, 0.0, 0.0, 0.0, 0.0, 0.0, 0.0, 0.0]
SP100,tprs,[1.0, 1.0, 1.0, 1.0, 1.0, 1.0, 1.0, 1.0, 1.0, 1.0, 1.0, 1.0, 0.9993979530403372, 0.9993979530403372, 0.9993979530403372, 0.9987959060806743, 0.9963877182420229, 0.9945815773630343, 0.9933774834437086, 0.9897652016857315, 0.9891631547260686, 0.9849488260084287, 0.979530403371463, 0.9692956050571945, 0.9608669476219145, 0.9542444310656231, 0.9446116797110174, 0.9325707405177603, 0.9193257074051776, 0.9078868151715834, 0.8952438290186635, 0.8807947019867549, 0.8669476219145094, 0.8537025888019265, 0.8320288982540638, 0.8115593016255268, 0.7868753762793498, 0.7591812161348586, 0.6086694762191451, 0.5141481035520771, 0.4780252859723058, 0.4394942805538832, 0.4045755568934377, 0.3732691149909693, 0.3383503913305238, 0.304635761589404, 0.2630945213726671, 0.22335942203491874, 0.19205298013245034, 0.1649608669476219]
SP100,fprs,[1.0, 1.0, 1.0, 1.0, 1.0, 1.0, 1.0, 1.0, 0.9975515914655474, 0.9660720531654424, 0.8471493529206016, 0.6288912207065408, 0.5047219307450157, 0.38964672962574326, 0.2938090241343127, 0.23015040223854494, 0.1769849597761455, 0.14480587618048268, 0.11787338230150403, 0.09933543196922001, 0.08149702693249387, 0.060860440713536204, 0.046169989506820566, 0.035676810073452254, 0.026232948583420776, 0.019237495627841904, 0.01224204267226303, 0.00944386149003148, 0.008044770898915705, 0.005946135012242042, 0.0027981811822315496, 0.002448408534452606, 0.0006995452955578874, 0.0003497726477789437, 0.0003497726477789437, 0.0003497726477789437, 0.0, 0.0, 0.0, 0.0, 0.0, 0.0, 0.0, 0.0, 0.0, 0.0, 0.0, 0.0, 0.0, 0.0]
STAT1,tprs,[1.0, 1.0, 1.0, 1.0, 1.0, 1.0, 1.0, 1.0, 1.0, 1.0, 0.998812351543943, 0.996437054631829, 0.9922802850356295, 0.9881235154394299, 0.9792161520190024, 0.9714964370546318, 0.9596199524940617, 0.9423990498812351, 0.9299287410926366, 0.916270783847981, 0.9043942992874109, 0.8853919239904988, 0.8693586698337292, 0.8551068883610451, 0.8438242280285035, 0.833729216152019, 0.8224465558194775, 0.8141330166270784, 0.8040380047505938, 0.7939429928741093, 0.7838479809976246, 0.7719714964370546, 0.7648456057007126, 0.7517814726840855, 0.7381235154394299, 0.7232779097387173, 0.7131828978622328, 0.6977434679334917, 0.6751781472684085, 0.6609263657957245, 0.6395486935866983, 0.6146080760095012, 0.5932304038004751, 0.5653206650831354, 0.5190023752969121, 0.47921615201900236, 0.42577197149643703, 0.37292161520190026, 0.24228028503562946, 0.010095011876484561]
STAT1,fprs,[1.0, 1.0, 1.0, 1.0, 1.0, 1.0, 0.9996473906911142, 0.9950634696755994, 0.9569816643159379, 0.8787023977433004, 0.748589562764457, 0.5902679830747531, 0.42595204513399154, 0.2894922425952045, 0.1861777150916784, 0.11318758815232723, 0.0684062059238364, 0.04619181946403385, 0.02785613540197461, 0.017983074753173484, 0.011283497884344146, 0.004936530324400564, 0.0028208744710860366, 0.0014104372355430183, 0.0003526093088857546, 0.0003526093088857546, 0.0, 0.0, 0.0, 0.0, 0.0, 0.0, 0.0, 0.0, 0.0, 0.0, 0.0, 0.0, 0.0, 0.0, 0.0, 0.0, 0.0, 0.0, 0.0, 0.0, 0.0, 0.0, 0.0, 0.0]
TBX15,tprs,[1.0, 0.9646174259177355, 0.9597523219814241, 0.9544449358690845, 0.9451570101724901, 0.9416187527642637, 0.9367536488279522, 0.9310039805395842, 0.9234851835471031, 0.9203892083149049, 0.9164086687306502, 0.913312693498452, 0.9128704113224237, 0.9119858469703671, 0.9119858469703671, 0.9106590004422822, 0.9097744360902256, 0.9093321539141973, 0.9084475895621407, 0.9066784608580274, 0.9062361786819991, 0.9040247678018576, 0.9026979212737727, 0.8996019460415745, 0.8978328173374613, 0.8965059708093763, 0.8942945599292349, 0.8898717381689518, 0.874391862007961, 0.8637770897832817, 0.8500663423264042, 0.8367978770455551, 0.8248562582927909, 0.8102609464838567, 0.7921273772666961, 0.7686864219371959, 0.751437417072092, 0.7315347191508182, 0.7103051747014595, 0.6855373728438744, 0.6528084918177798, 0.6090225563909775, 0.5674480318443167, 0.5064130915524104, 0.42591773551525874, 0.0367094206103494, 0.0, 0.0, 0.0, 0.0]
TBX15,fprs,[1.0, 0.6086764054891545, 0.5763612217795485, 0.5559982293050022, 0.5360779105799026, 0.5250110668437362, 0.5130588756086764, 0.4997786631252767, 0.4860557768924303, 0.46879150066401065, 0.4537405931828243, 0.4440017706949978, 0.4364763169544046, 0.42806551571491813, 0.42231075697211157, 0.41389995573262506, 0.4103585657370518, 0.4028331119964586, 0.39575033200531207, 0.38645418326693226, 0.37627268702965916, 0.366091190792386, 0.3554670208056662, 0.3461708720672864, 0.33598937583001326, 0.3235945108455069, 0.31341301460823373, 0.30367419212040725, 0.2908366533864542, 0.27534307215582116, 0.26162018592297476, 0.24833997343957503, 0.23461708720672864, 0.21558211598052235, 0.20274457724656927, 0.18725099601593626, 0.1708720672864099, 0.1553784860557769, 0.1416555998229305, 0.12749003984063745, 0.10889774236387782, 0.09251881363435148, 0.07259849490925188, 0.05223550243470562, 0.02434705621956618, 0.0004426737494466578, 0.0, 0.0, 0.0, 0.0]
TCF12,tprs,[1.0, 1.0, 1.0, 1.0, 1.0, 1.0, 0.9995840266222962, 0.9995840266222962, 0.9995840266222962, 0.9995840266222962, 0.9995840266222962, 0.9995840266222962, 0.9995840266222962, 0.9995840266222962, 0.9995840266222962, 0.9995840266222962, 0.9991680532445923, 0.9991680532445923, 0.997504159733777, 0.9950083194675541, 0.9912645590682196, 0.9854409317803661, 0.9754575707154742, 0.9642262895174709, 0.9480033277870217, 0.9251247920133111, 0.891846921797005, 0.8556572379367721, 0.8157237936772047, 0.7633111480865225, 0.6963394342762064, 0.629783693843594, 0.4588186356073211, 0.3656405990016639, 0.2699667221297837, 0.16805324459234608, 0.10108153078202994, 0.05948419301164726, 0.03286189683860233, 0.019966722129783693, 0.010815307820299502, 0.004991680532445923, 0.0016638935108153079, 0.0012479201331114808, 0.0, 0.0, 0.0, 0.0, 0.0, 0.0]
TCF12,fprs,[1.0, 1.0, 0.9097353497164461, 0.8445179584120983, 0.7958412098298677, 0.7693761814744802, 0.7405482041587902, 0.719281663516068, 0.6999054820415879, 0.6743856332703214, 0.6512287334593573, 0.6294896030245747, 0.6068052930056711, 0.5902646502835539, 0.5671077504725898, 0.5467863894139886, 0.532608695652174, 0.5080340264650284, 0.4792060491493384, 0.4551039697542533, 0.43147448015122875, 0.3846880907372401, 0.3549149338374291, 0.32325141776937616, 0.2896975425330813, 0.2514177693761815, 0.20935727788279773, 0.17911153119092627, 0.14839319470699433, 0.1332703213610586, 0.11058601134215501, 0.08979206049149338, 0.07514177693761814, 0.05860113421550094, 0.045841209829867675, 0.03969754253308128, 0.026465028355387523, 0.022684310018903593, 0.01606805293005671, 0.012287334593572778, 0.008034026465028356, 0.005671077504725898, 0.0033081285444234404, 0.0023629489603024575, 0.0, 0.0, 0.0, 0.0, 0.0, 0.0]
TCF4,tprs,[1.0, 1.0, 1.0, 1.0, 1.0, 1.0, 1.0, 1.0, 1.0, 1.0, 1.0, 1.0, 1.0, 1.0, 1.0, 1.0, 1.0, 1.0, 1.0, 1.0, 1.0, 1.0, 1.0, 1.0, 1.0, 1.0, 0.9788478847884788, 0.9567956795679567, 0.9383438343834384, 0.9176417641764176, 0.8924392439243924, 0.8712871287128713, 0.8492349234923492, 0.828982898289829, 0.806930693069307, 0.7821782178217822, 0.7574257425742574, 0.738073807380738, 0.7106210621062106, 0.6876687668766877, 0.6678667866786678, 0.6512151215121512, 0.6341134113411341, 0.6183618361836184, 0.0, 0.0, 0.0, 0.0, 0.0, 0.0]
TCF4,fprs,[1.0, 1.0, 1.0, 1.0, 1.0, 1.0, 1.0, 1.0, 0.3938207136640557, 0.3738033072236728, 0.34073107049608353, 0.31462140992167104, 0.2954743255004352, 0.27763272410791995, 0.25718015665796345, 0.23411662315056572, 0.21409921671018275, 0.19669277632724108, 0.16449086161879894, 0.14577893820713664, 0.12010443864229765, 0.09834638816362054, 0.07528285465622281, 0.05352480417754569, 0.02959094865100087, 0.008703220191470844, 0.0, 0.0, 0.0, 0.0, 0.0, 0.0, 0.0, 0.0, 0.0, 0.0, 0.0, 0.0, 0.0, 0.0, 0.0, 0.0, 0.0, 0.0, 0.0, 0.0, 0.0, 0.0, 0.0, 0.0]
TCF7L2,tprs,[1.0, 1.0, 1.0, 1.0, 1.0, 1.0, 1.0, 1.0, 0.9982300884955753, 0.9976401179941002, 0.9976401179941002, 0.9958702064896755, 0.991740412979351, 0.9911504424778761, 0.9899705014749263, 0.9864306784660767, 0.9858407079646018, 0.9817109144542773, 0.9781710914454277, 0.9734513274336283, 0.9663716814159292, 0.95929203539823, 0.9533923303834808, 0.9445427728613569, 0.9345132743362832, 0.9256637168141593, 0.9150442477876106, 0.8949852507374632, 0.8790560471976401, 0.8601769911504424, 0.8407079646017699, 0.759882005899705, 0.7380530973451327, 0.687905604719764, 0.6513274336283186, 0.6188790560471976, 0.5793510324483776, 0.5410029498525074, 0.49852507374631266, 0.46135693215339235, 0.41710914454277287, 0.3905604719764012, 0.34513274336283184, 0.30442477876106194, 0.2713864306784661, 0.17994100294985252, 0.018289085545722714, 0.007669616519174041, 0.0017699115044247787, 0.0005899705014749262]
TCF7L2,fprs,[1.0, 1.0, 1.0, 1.0, 1.0, 1.0, 0.9985840707964602, 0.8605309734513275, 0.7741592920353982, 0.6860176991150443, 0.5946902654867257, 0.4704424778761062, 0.39716814159292035, 0.3334513274336283, 0.2824778761061947, 0.23787610619469027, 0.20106194690265486, 0.16495575221238937, 0.13451327433628318, 0.11504424778761062, 0.09238938053097345, 0.07185840707964601, 0.05274336283185841, 0.03964601769911504, 0.027964601769911505, 0.01911504424778761, 0.01168141592920354, 0.007787610619469027, 0.005663716814159292, 0.004601769911504424, 0.002831858407079646, 0.001415929203539823, 0.00035398230088495576, 0.00035398230088495576, 0.00035398230088495576, 0.00035398230088495576, 0.00035398230088495576, 0.0, 0.0, 0.0, 0.0, 0.0, 0.0, 0.0, 0.0, 0.0, 0.0, 0.0, 0.0, 0.0]
TEAD1,tprs,[1.0, 1.0, 1.0, 1.0, 1.0, 1.0, 1.0, 1.0, 1.0, 1.0, 1.0, 1.0, 1.0, 1.0, 1.0, 1.0, 0.9995446265938069, 0.9990892531876139, 0.9977231329690346, 0.994535519125683, 0.9877049180327869, 0.9758652094717668, 0.9676684881602914, 0.9571948998178507, 0.947632058287796, 0.9371584699453552, 0.9221311475409836, 0.9061930783242259, 0.8806921675774135, 0.8465391621129326, 0.8146630236794171, 0.7759562841530054, 0.7404371584699454, 0.697632058287796, 0.6502732240437158, 0.605191256830601, 0.5541894353369763, 0.49453551912568305, 0.4494535519125683, 0.3938979963570127, 0.27595628415300544, 0.19489981785063754, 0.11475409836065574, 0.026411657559198543, 0.009107468123861567, 0.004098360655737705, 0.0009107468123861566, 0.0, 0.0, 0.0]
TEAD1,fprs,[1.0, 1.0, 1.0, 0.9707401032702238, 0.9018932874354562, 0.7938898450946644, 0.6975043029259896, 0.6226333907056799, 0.5636833046471601, 0.5098967297762479, 0.4621342512908778, 0.4225473321858864, 0.3769363166953528, 0.33175559380378655, 0.28141135972461273, 0.24139414802065404, 0.21385542168674698, 0.18287435456110154, 0.15748709122203097, 0.1303786574870912, 0.10542168674698796, 0.08476764199655766, 0.06755593803786575, 0.04905335628227195, 0.03571428571428571, 0.025387263339070567, 0.013769363166953529, 0.009896729776247849, 0.0051635111876075735, 0.0030120481927710845, 0.0008605851979345956, 0.0, 0.0, 0.0, 0.0, 0.0, 0.0, 0.0, 0.0, 0.0, 0.0, 0.0, 0.0, 0.0, 0.0, 0.0, 0.0, 0.0, 0.0, 0.0]
ZBTB18,tprs,[1.0, 1.0, 1.0, 1.0, 1.0, 1.0, 1.0, 1.0, 1.0, 1.0, 1.0, 1.0, 1.0, 1.0, 1.0, 1.0, 1.0, 1.0, 1.0, 1.0, 1.0, 1.0, 1.0, 1.0, 1.0, 0.9969271290605795, 0.971027216856892, 0.9477611940298507, 0.9297629499561019, 0.9007901668129938, 0.8801580333625988, 0.8621597892888498, 0.8375768217734855, 0.820017559262511, 0.7914837576821774, 0.7682177348551361, 0.7410008779631255, 0.7181738366988587, 0.6900790166812993, 0.6703248463564531, 0.6479367866549605, 0.6299385425812116, 0.6115013169446883, 0.5974539069359087, 0.0, 0.0, 0.0, 0.0, 0.0, 0.0]
ZBTB18,fprs,[1.0, 1.0, 1.0, 1.0, 1.0, 1.0, 1.0, 0.38893844781445136, 0.3670829616413916, 0.3434433541480821, 0.32515611061552185, 0.30374665477252455, 0.2836752899197145, 0.2689562890276539, 0.24710080285459413, 0.22702943800178413, 0.2033898305084746, 0.18108831400535236, 0.15700267618198038, 0.13514719000892061, 0.11150758251561106, 0.09322033898305085, 0.07314897413024085, 0.04594112399643176, 0.021409455842997322, 0.0, 0.0, 0.0, 0.0, 0.0, 0.0, 0.0, 0.0, 0.0, 0.0, 0.0, 0.0, 0.0, 0.0, 0.0, 0.0, 0.0, 0.0, 0.0, 0.0, 0.0, 0.0, 0.0, 0.0, 0.0]
ZBTB20,tprs,[1.0, 1.0, 1.0, 1.0, 1.0, 0.9967875172097292, 0.9811840293712712, 0.9150986691142726, 0.8903166590178981, 0.8604864616796696, 0.8379990821477742, 0.8145938503900872, 0.783845800826067, 0.7595227168425883, 0.7306103717301514, 0.6994033960532354, 0.6461679669573198, 0.6264341441027994, 0.5979807251032584, 0.5713630105553006, 0.5452042221202387, 0.5309775126204681, 0.5162918770078018, 0.5016062413951354, 0.4648921523634695, 0.4575493345571363, 0.45020651675080314, 0.4437815511702616, 0.4341441027994493, 0.4281780633318036, 0.4203763194125746, 0.4130335016062414, 0.39880679210647085, 0.3850390087195961, 0.37402478201009637, 0.35658558972005505, 0.33685176686553464, 0.3217072051399725, 0.3038090867370353, 0.2849931161083066, 0.262964662689307, 0.2372648003671409, 0.22349701698026617, 0.2010096374483708, 0.16704910509407986, 0.1216154199173933, 0.05415328132170721, 0.0, 0.0, 0.0]
ZBTB20,fprs,[1.0, 1.0, 1.0, 1.0, 0.9965826569841948, 0.9833404527979496, 0.9598462195642887, 0.9325074754378471, 0.9124305852199914, 0.888509184109355, 0.8633062793677916, 0.8304143528406663, 0.8043571123451516, 0.7706108500640751, 0.7441264416915848, 0.7103801794105084, 0.6702263989747971, 0.636052968816745, 0.6040153780435711, 0.5766766339171294, 0.5501922255446391, 0.5215719777872704, 0.4985049124305852, 0.4720205040580948, 0.44724476719350703, 0.42246903032891925, 0.4011106364801367, 0.3776164032464759, 0.3511319948739855, 0.3246475865014951, 0.29602733874412646, 0.26441691584792826, 0.2383596753524135, 0.21102093122597182, 0.18325501922255447, 0.1627509611277232, 0.14267407090986758, 0.12217001281503631, 0.10380179410508329, 0.08500640751815464, 0.07005553182400684, 0.05339598462195643, 0.04100811618966254, 0.031183255019222554, 0.018795386586928663, 0.010252029047415635, 0.0025630072618539087, 0.0, 0.0, 0.0]
ZBTB7A,tprs,[1.0, 1.0, 1.0, 1.0, 1.0, 1.0, 1.0, 1.0, 1.0, 1.0, 1.0, 1.0, 1.0, 1.0, 1.0, 1.0, 1.0, 1.0, 1.0, 1.0, 1.0, 1.0, 1.0, 1.0, 1.0, 1.0, 0.9817601459188326, 0.9571363429092568, 0.9352485180118559, 0.9142726858185134, 0.8923848609211126, 0.8691290469676243, 0.8458732330141359, 0.8217054263565892, 0.8030095759233926, 0.7788417692658459, 0.7606019151846786, 0.7405380756953944, 0.719562243502052, 0.702234382124943, 0.6808025535795713, 0.6602827177382581, 0.6420428636570907, 0.6233470132238942, 0.0, 0.0, 0.0, 0.0, 0.0, 0.0]
ZBTB7A,fprs,[1.0, 1.0, 1.0, 1.0, 1.0, 1.0, 1.0, 0.41555651052857756, 0.3949290932531156, 0.3764503652771809, 0.3528147829823807, 0.3313278899871079, 0.3107004727116459, 0.2814782982380748, 0.26085088096261283, 0.23205844434894715, 0.2079931241942415, 0.18607649333906318, 0.1663085517834121, 0.15212720240653202, 0.1207563386334336, 0.09497206703910614, 0.07176622260421144, 0.048990116029222174, 0.024924795874516546, 0.005156854318865492, 0.0, 0.0, 0.0, 0.0, 0.0, 0.0, 0.0, 0.0, 0.0, 0.0, 0.0, 0.0, 0.0, 0.0, 0.0, 0.0, 0.0, 0.0, 0.0, 0.0, 0.0, 0.0, 0.0, 0.0]
ZEB1,tprs,[1.0, 1.0, 1.0, 1.0, 1.0, 1.0, 1.0, 1.0, 1.0, 1.0, 1.0, 1.0, 1.0, 0.9996293550778355, 0.9996293550778355, 0.9996293550778355, 0.9996293550778355, 0.9996293550778355, 0.9992587101556709, 0.9985174203113417, 0.9977761304670126, 0.9966641957005189, 0.9959229058561898, 0.994069681245367, 0.9933283914010378, 0.991475166790215, 0.9899925871015567, 0.9873980726464048, 0.9848035581912528, 0.9814677538917717, 0.9762787249814677, 0.969236471460341, 0.9610822831727205, 0.9518161601186064, 0.9381022979985174, 0.9191994069681245, 0.8917716827279466, 0.8565604151223128, 0.8183839881393625, 0.7798369162342476, 0.7346182357301705, 0.6263899184581171, 0.5352112676056338, 0.4481097108969607, 0.33543365455893254, 0.21793921423276502, 0.09191994069681246, 0.0, 0.0, 0.0]
ZEB1,fprs,[1.0, 1.0, 1.0, 0.9901207464324918, 0.9857299670691547, 0.9758507135016465, 0.9670691547749726, 0.9500548847420417, 0.929198682766191, 0.9012074643249177, 0.6630076838638859, 0.6262349066959385, 0.5938529088913282, 0.5603732162458837, 0.5279912184412733, 0.4961580680570801, 0.4615806805708013, 0.2903402854006586, 0.24478594950603733, 0.21075740944017562, 0.1877058177826564, 0.15861690450054886, 0.1437980241492865, 0.13172338090010977, 0.12403951701427003, 0.11745334796926454, 0.10647639956092206, 0.09549945115257959, 0.08562019758507135, 0.07848518111964874, 0.06750823271130625, 0.062019758507135016, 0.05323819978046103, 0.045554335894621295, 0.03951701427003293, 0.031833150384193196, 0.02579582875960483, 0.02305159165751921, 0.01756311745334797, 0.015367727771679473, 0.009879253567508232, 0.0038419319429198683, 0.003293084522502744, 0.0005488474204171241, 0.0, 0.0, 0.0, 0.0, 0.0, 0.0]
