[76469687225279, 76469687225279, 76469687225279, 76469687225279, 76469687225279, 76469687225279, 76469687225279, 76469687225279, 76469687225279, 76469687225279, 76469687225279, 76469687225279, 76469687225279, 76469687225279, 76469687225275, 76469687225275, 76469687229371, 76469678840763]
[6100943047615, 6100943047615, 6100943047615, 6100943047615, 6100943047615, 6100943047615, 6100943047615, 6100943047615, 6100944096191, 6066584357823]
[76469687225279, 76473982192575, 76473982192575, 76473982192575, 76473982192575, 76473982192575, 76473982200767, 76473982200767, 76472908458943]
[76469687225279, 76469687225279, 76469687225279, 76469687225279, 76452507356095, 76452507356095, 76452507356095, 76452507355583, 76452507355583, 76452507355583, 76452507355583, 76452507355583, 76452507355583, 78651530611135]
[76469687225279, 76469687225279, 76469687225279, 76469687225279, 76469687226303, 76469687226303, 76469687226303, 76469687160767, 76469687160767, 76469687160767, 76469687160735]
[76469687225279, 76469687225279, 76469687225279, 76469687225279, 76469687224767, 76469687224767, 76469687224767, 76469687224767, 76469687224767, 76469687224767, 76469687224767, 76469687224767, 76469687224767, 76469687224767, 76469687224767, 76469687224735, 76469687224735, 76469687224735, 76469687224735, 76469687224735, 76469687224735, 76469687224735, 76469687224735, 76469687224735, 76469687224735, 76469687224735, 85265780246943]
[76469687225279, 76469720779711, 76469720779711, 76469720779711, 76469720796095, 76469720797119]
[76469687225279, 111654059314111, 111654059314111, 111654059314111, 111654059313599, 111654059313599, 111654059313599, 111654059313599, 111654059313599, 129246245358015]
[76469687225279, 76469687225279, 76469720779711, 76469720779711, 76469720812479, 76469720816575]
[76469687225279, 76469687225279, 76469691419583, 94061877463999, 94061877463999, 94061877463999, 94061877463999, 94061877463999, 94061877463999, 94061877463999, 94061877463999, 94061877463999, 94061877463999, 94061894241215]
[76469687225279, 76469687225279, 76469687225279, 76469687225279, 76469687225279, 76469687225279, 76469687225279, 76469687225279, 76469687225279, 76469687225279, 76469687225279, 76469687225279, 76469687225279, 76469687225279, 76469720779711, 76469720779711, 76469720779711, 76469720779711, 76469720779711, 76469724974015, 76469724974015, 76469724974015, 76469724973983]
[76469687225279, 76469687225279, 76469687225023, 76469687225023, 76469687159487, 76469687158975]
[76469687225279, 76469687225279, 76469687225279, 94061873269695, 94061873204159, 94061873204159, 94061873204159, 94061873204159, 94061873204159, 94060799462335]
[76469687225279, 78668710480831, 78668710480831, 78668710480831, 78668710480831, 78668710480831, 78668710480831, 78668710480831, 78668710480831, 78668710480831, 78668710484927, 78668710484927, 78668710484927, 78668710484927, 78668710484923]
[217207175580607, 217207175580607, 217207175580479, 217207175580479, 217207175580479, 217344614533951]
[76469687258047, 76469687258047, 76469687258047, 76469687258047, 76469687266239, 76469687265727]
[76469687225279, 76469687258047, 76469687258047, 76469687257535, 76469553039807]
[76469687225279, 76469687225279, 76469553007551, 76469553007551, 76469553007551, 76469553007551, 76469553007551, 94061739051967, 94061739051967, 94061739051967, 94061772606399]
[76469687225279, 72071640714175, 72071640714175, 72070566972351, 72070566972351, 72070566972351, 72070566972351, 72070566972351, 72070566972351, 72070566972351, 70971055344575]
[76469687225279, 76469687225279, 76469687225279, 76469687226303, 75370175598527, 75370175598527, 75370175598523]
[76469687229375, 76469687229375, 76469687229375, 76452507360191, 76452524137407]
[76469687225279, 76469687225279, 76471834708927, 76471834708927, 76471834708927, 76471834708799, 76471834708799, 217209323064127]
[76469687225279, 76469687225279, 76469687225279, 76469687159743, 76469687163839, 76469687163839, 76469687163839, 76469687163839, 76469687163839, 76469687163839, 76469687163839, 75370175536063]
[76607126178751, 76607126178751, 76607126178751, 111791498267583, 111791498267583, 111791498271679]
[76469687224767, 76469687224767, 76469687224735, 76469687224735, 76469687224735, 76468613482911]
[76469687225279, 76469687225279, 76468613483455, 76468613483455, 76468613483455, 94060799527871, 94060799527871, 94060833082303]
[76469687258047, 76435327519679, 76435327519679, 76437475003327]
[76469687225279, 76469687225279, 76469687225279, 76469687225279, 76469620116415, 76469620116415, 76469620116415, 76469620120511, 76469620120511, 76469620120511, 76469620120511, 76469620120511, 76469620054975]
[76469687159743, 76469687159743, 78668710415295, 8299966237631]
[76469687225279, 76469687229375, 76469687229371, 111654059318203]
[76469687225279, 76469687226303, 76469678837695, 76469678837695, 76452498968511]
[76469687225279, 76469687225279, 76469687225279, 76469687225279, 85265780247487, 85265780247487, 85265780247487, 85265780247487, 85265780247487, 85265780247487, 85265780247487, 85265780247487, 85265780247487, 85265780247487, 85265780247487, 85265780247487, 85265780247487, 85265780247487, 85265780247487, 85265780247487, 85265780247487, 85265780247487, 85265780247487, 85265780263871, 85265813818303]
[76469687225279, 76469687225279, 76469687225279, 76469687225279, 76607126178751, 76607126178751, 76607126178751, 76607126178751, 76607126178751, 78806149434303, 78806149434303, 78806149435327]
[76469687225279, 76469687225279, 76469687225279, 76468613483455, 94060799527871, 94060799527871, 94060799527871, 94060799527871, 94060799527871, 94060799527871, 94060799527871, 94060799527871, 94060799527871, 94060799527871, 94060799527871, 94060799527871, 94060799527871, 94060799527871, 94061873269695, 94061873269695, 94061873269695, 94061873269695, 94061873269695, 129246245358527, 129246245358015]
[76607126178751, 76607126178751, 76607126178751, 76606991961023, 76606991961023, 76606924852159]
[76469687225279, 76469687225279, 76469687225279, 76469687225279, 76469687225279, 76469687225279, 76469687229375, 76469687229375, 76469687229247, 76469687229247, 76469687229247, 76469687229247, 85265780251455]
[94061873269695, 94061873269695, 94061873269695, 94061873269695, 94061873269695, 94061873269695, 94061873269695, 94130592746431, 94130525637567]
[6100943047615, 41285315136447, 41285315136447, 41285315136447, 41285315136447, 41285316185023]
[76469687225279, 94061873269695, 94061739051967, 94061739051967, 94061739051967, 94061739052991]
[76469687225279, 76469687225247, 76469687225247, 76607126178719, 76611421146015]
[76469687225279, 76469687225279, 76469687258047, 76469704035263, 76469703969727]
[76469687225279, 76469687159743, 76469687159743, 76469687159743, 76469687159743, 76469687159743, 76469687159487, 76469687159487, 76469687159487, 76469687159487, 111654059248319]
[85265780247487, 120450152336319, 120450152336319, 120450152336319, 120450152336319, 401925129046975]
[76469687225279, 76478277159871, 76478281354175, 76478281354175, 76478281354175, 76478214245311]
[76469687159743, 76469687159231, 76469687159231, 76473982126527]
[76469687159743, 76469687159743, 76469687159743, 76469689256895, 76469680868287]
[76435327486911, 76435327486911, 76443917421503, 76443917421503, 76443917421503, 76443917421503, 76443917421503, 76443917421503, 76443917421503, 76443917421503, 76443917421503, 76443917421503, 76443950975935]
[76469687224767, 76469687224767, 75370175596991, 75370175596991, 75370175596991, 75370175596991, 92962361641407]
[76469687225279, 76469687225279, 76469687225279, 76469687225279, 76469687225279, 76469687225279, 76469687159743, 78668710415295, 78668710415295, 78668710415295, 78668710415295, 78668710415294]
[76469687225279, 76469687225279, 76469687225279, 357944663935935, 357944663935935, 357944663935935, 357944663935935, 357944663935935, 357944663935935, 357944663935935, 357944127065023, 357944127065023, 357944127065023, 357944118676415]
[76469687225279, 76469687225279, 76469687225279, 76469687225279, 76469687225279, 76469687229375, 76469687229375, 76469687229375, 76469687229375, 76469687229375, 76469687229375, 76469687229375, 76469687229375, 76469687163839, 76469687163839, 76469687163839, 76469687163839, 76469687163839, 76469687163839, 76469687163839, 76469687163839, 76469687163839, 76469687163839, 76469687163839, 76469687163839, 76469687163839, 76469687163839, 76469687163839, 76452507294655]
[76469687225279, 76469687226303, 76435327487935, 76435327487935, 76435327487935, 76439622455231]
[76469687225279, 94061873269695, 94336751176639, 94336751111103]
[111654059314111, 111654059314111, 111654059314111, 111654059314111, 111654059314111, 111654059314111, 111654059314111, 111654059314111, 111654059314111, 111654059314111, 111654059314111, 111654058789823, 111654058789823, 111654058789823, 111654058789823, 111653991680959]
[76469687225279, 76469687225279, 76469687225279, 76469687225279, 76469553007551, 76469552942015, 76469552942015, 76469552942015, 76469552942015, 76469552942015, 76469552942015, 76469552942015, 76473847909311]
[76469553007551, 111653925096383, 111653925096383, 111653925096383, 120450018118591]
[76469687225151, 94061873269567, 94061873269565]
[76469687225279, 75370175597503, 75370175597503, 75370175597503, 75370175598527, 75370175598527, 75370175598527, 75370175598527, 75370175598527, 75370175598527, 75370175598527, 75370175598527, 75370175598527, 75370175598527, 75370175598527, 75370175598527, 75370175598527, 75370175598527, 75370175598527, 75370175598527, 75370175598527, 75370175598527, 75370175598527, 75370175598527, 75370175598527, 75370175598527, 75370175598527, 75374470565823]
[76469553007551, 76469552942015, 76469552941503]
[76469687225279, 76469687225279, 75370175597503, 75370175597503, 75370175597503, 75370175597503, 75370175597503, 75370175597503, 75370175597503, 75370175597503, 75370175597503, 75370175597503, 75370175597499, 75370175597499, 75370175597499, 75370175597499, 75370175597499, 75369101855675]
[76469687225279, 76469687225279, 76469687225279, 76469553007551, 76469553007551, 76469553007551, 76469553007547, 75370041379771]
[76469687225279, 76469687225279, 76469687225279, 76469687229375, 76469687229375, 76469687229375, 76469687229375, 76471834713023, 76471834713023, 76471834713023, 76471834713023, 76454654843839]
[76469687225279, 76469687225279, 76607126178751, 76607126178751, 76607142955967, 76607142955967, 76607142955967, 76607142955967, 76607142955967, 76607142955967, 76469704002495, 76469704002495, 76607142955967, 76607142955967, 76607142955967, 76607142955967, 76615732890559]
[76469687225279, 76469687225279, 76469687225279, 76469553007551, 76469553007551, 76469553007551, 76469553007551, 76469553007551, 94061739051967, 94061739051967, 94061739052991]
[76469687225279, 76469687159743, 76469687159743, 76469687159742, 76469687159742, 76469687159742, 76469703936958]
[76469687225279, 76469687225279, 76469687225279, 76471834708927, 76471834708927, 76471834708927, 76471834708927, 76471834708927, 76471834708927, 76471834708927, 76471834708927, 76471834708927, 76471834708927, 76471868263359, 76471872457663]
[76469687225279, 76469687225279, 76469687225279, 76469687225279, 76469687225279, 76469687225279, 76469687225279, 76469687225279, 94061873269695, 94061873269695, 94061873269695, 94061890046911, 94061890046911, 94061890046911, 94064037530559]
[76469687225279, 76469687225279, 76469687225279, 76469687225279, 76469687225279, 76469687225279, 76469687225279, 76469687225279, 76469687224767, 76469687224767, 76469687224767, 76469687224767, 76469687224767, 76469687257535, 76469687257535, 76469687257535, 76469687257535, 76473982224831]
[76469687225279, 76469687225279, 76469687225279, 76469687225279, 76469687225279, 76469687225279, 76469687225279, 6100943047615, 6100943047615, 6100943047615, 6100943047615, 6100943047615, 6100943047615, 6100942982079, 6100942982079, 6100942982079, 6100942982079, 6100942982079, 6100942982079, 6100942982079, 6100942982079, 6100942982079, 6100942982079, 6100942982079, 6100942982079, 6100942982079, 6100942983103]
[217207175580607, 217207175580607, 217207177677759, 217207177677759, 217207177677759, 234799363722175]
[76469687225279, 76469687225279, 76469687225279, 76469720779711, 76469720779711, 76469720779711, 76469720714175, 76469720714175, 76469720714175, 76469720714175, 76469720715199]
[76469687225279, 76469687225279, 76469687225279, 76469687225279, 76469687225279, 76469687225279, 76469687225279, 76469553007551, 76469553007295, 76469553007295, 76469553007295, 76469553007295, 76469553007295, 76469553007295, 76469553007295, 76469553007295, 76469553007295, 76469553007295, 76469553007295, 76469553007295, 76469553007295, 76469553007295, 76469553007295, 76469553007295, 76469553007295, 76469553007295, 76469553007167]
[76469687225279, 76469687225279, 76469687225279, 76469687225279, 76469687225279, 76469687225279, 76469687225279, 76469687225279, 76469687225279, 76469720779711, 76469720779711, 76469720779583, 76469720779583, 76607159733055]
[76469687225279, 75919931411391, 75919931411391, 75919931411391, 75919931411391, 75919931427775, 76057370381247]
[76469687225023, 76469687225023, 76469687225023, 76435327486655, 76435327421119]
[76468613483455, 217206101838783, 217206101838783, 217206101838783, 217206101839807]
[76469687225279, 76469687225279, 76469720779711, 76471868263359, 76471868197823]
[76469687225279, 76469687225279, 76469687225279, 76469687225279, 76469687225279, 76469687225279, 76469687225279, 76469687225279, 76607126178751, 76607125654463, 76607125654463, 76607125588927]
[76469687225279, 76469687225279, 76469687225279, 76469687225279, 94061873269695, 94061873269695, 94061890046911, 94061890046911, 94061890047935]
[76469687225279, 76469687225279, 76469687225279, 85265780247487, 85265780248511, 85265780248511, 85265780248511, 85265780252607]
[76469687225279, 76469687226303, 76469687226303, 76469687226303, 76469687226303, 76469687230399, 76469687230271]
[76469687225279, 76469687225279, 76607126178751, 76607126178751, 76606991961023, 76606991961023, 75507480333247]
[76469687229375, 76469687229375, 76469687229375, 75370175601599, 75370192378815]
[76435327486911, 76435327486911, 76435327486911, 76435327486911, 76435327486911, 76435327486911, 76435327421375, 76435327421375, 76435327421375, 76435327421375, 76435327421375, 76435327421375, 76439622388671]
[76469687225279, 76469687225279, 76469687225279, 76607126178751, 76609273662399, 76609265273791]
[76469687225279, 76469687159743, 76469687163839, 76469687163839, 76469687163839, 76469687163839, 76469687163839, 94061873208255]
[76469687159743, 76469687159743, 76469687159743, 75370175531967, 75370175531967, 74820419718079]
[357944663935935, 357944663935935, 357944663935935, 357944663935935, 375536849980351, 375536849980351, 375536849980351, 375536849980351, 375536849980351, 375536849980351, 375536849980351, 375536849980351, 375536849980351, 375536849980351, 375536849980351, 375536849980351, 375536850013119]
[76469687258047, 76469687192511, 357944663903167]
[76469687225279, 76469687225279, 76473982192575, 76473982192571, 75374470564795]
[76469687225279, 76469687225279, 76469687225279, 76469687225279, 76469687225279, 76469687225279, 76469687233471, 76469687233471, 76469687233471, 76469687233471, 76469687233471, 76469687233471, 76469687233439, 76469687233439, 76469687233439, 76469687233439, 76469687233439, 76469687233439, 76469687233439, 76469687232927]
[76469687225247, 76469687225247, 76469687225247, 76469687225247, 76469687225247, 76469687225247, 76469687225247, 76469687225247, 76469687226271, 76469687226271, 76469687226271, 76469687226271, 76469687160735]
[94061873269695, 94061873269695, 94061873269695, 94061873269695, 94061873269695, 94061873269695, 94061873269695, 94061873269695, 94061873269695, 94061873269695, 92962361641919, 92970951576511]
[76469687225279, 76469687225279, 76469687225279, 76469687225279, 76473982192575, 76473982196671, 76473982196671, 76473982196671, 76473982197695]
[76469688273855, 76469688273855, 76469688273855, 76607127227327, 76607127227327, 76607127227327, 76607127227327, 76607127227327, 76607127227326]
[76469687225247, 76469687225247, 111654059314079, 111654059314079, 120450152336287]
[76469687225279, 76469687225279, 76469688273855, 76469688273855, 76469688273855, 76469688273855, 94061874318271, 94199313271743]
[357944663935935, 357944663935935, 357944663935935, 357944663935935, 357944663935935, 357944663935935, 357944663935935, 357944663935935, 357944663935919, 357944663968687]
[76473982192575, 76473982192575, 76456802323391, 76456802323135]
[76469687225279, 76469687225279, 76469687225279, 76469687225279, 76469687225279, 76469687225247, 76435327486879, 76435327486879, 76435327486879, 76435327486879, 76435327486879, 76435327486879, 76435260378015]
[76469687225279, 76607126178751, 76607126178751, 76607159733183, 76607159733183, 76607159733183, 76607159733183, 76607159733182]
[76469687225279, 76469687225279, 76469687225279, 76469687225279, 76469687225279, 76469687225279, 76469553007551, 76469553007551, 76469557201855, 76469557201855, 76469557201855, 76469557201855, 76469557201855, 76469557201855, 76469557201855, 76469557201855, 76469557201855, 76469557201855, 76469557201855, 357944533912511]
[75370175597503, 75370175597503, 75370175597503, 75507614550975, 75507614550975, 77706637806527]
[76469687225279, 76469687225279, 76469687225279, 76469687225279, 76469687225279, 76469687225279, 76469687225279, 76469687225279, 76469687225279, 76469687225279, 76469687225279, 76469687225279, 76471834708927, 76471834708927, 76471834708927, 76471834708927, 76471834708927, 76471834708927, 78670857964479, 78670857964479, 78670857964479, 78670874741695]
[76469687225279, 76469687225279, 76469687225279, 76469687225279, 76469687225279, 76469687225279, 76469687225279, 76469687225279, 78668710480831, 78668710480831, 78668710480831, 78668710480831, 78668710480831, 78668710480831, 78668710480831, 78668710480831, 78668710480831, 360143687191487, 360143687191487, 360143687191487, 377735873235903]
[76469687225279, 76469687225279, 85265780247487, 85265780247487, 85265780247487, 85265780247487, 85265780247483, 85265780247355]
[76469687224767, 76469687224767, 76469687224767, 76469687224767, 76469687224767, 76469687224767, 76469687224767, 76469687224767, 76469720779199, 76469720779199, 76469720779199, 76469720780223]
[76469687225279, 94061873269695, 94061877463999, 94061877463487]
[76469687229375, 76469687229375, 76469687229375, 76469687229375, 76469691423679, 76469691423647]
[76469687225279, 76469687225279, 76471834708927, 76471834708927, 76471834708927, 76471834708927, 76471834708927, 76471700491199, 76471700492223]
[76469687225279, 76469687159743, 76469687159743, 76469687159743, 76469687159743, 76471834643391, 76471834643391, 76471834643391, 76471834643391, 76471834643391, 76471834643391, 76471834643391, 76471834643391, 76471834643391, 76471834643391, 76471834643391, 76471834643391, 76471834643391, 76471834643391, 76471834643391, 76471834643391, 76471834643391, 76471834643391, 76471834643391, 76471834643391, 76471834643391, 76471834643391, 76470760901567]
[76469687225279, 76469687225279, 76469687225279, 76469687225279, 76469687225279, 217207175580607, 217207175580607, 217207175580607, 226003268602815, 224903756975039]
[76469687225279, 76469687225279, 76469687225279, 76469687225279, 76469687225279, 76469687225279, 76469687225279, 76469687225279, 76478277159871, 78677300415423, 78677300415423, 78677300448191]
[76469687225279, 76469687225279, 76469687225279, 76469687225279, 76469687225279, 76469687225279, 75370175597503, 75370175601599, 75370175536063]
[76469687225279, 76469687225279, 76469687229375, 76469687229375, 76469687229375, 76469687229247, 76469687229247, 76469687229247, 76469687229247, 76469687229247, 76469687229247, 76473982196543]
[76469687225279, 76469687225279, 76469687225279, 76469687225279, 76469687225279, 76469687225279, 76469687225279, 76469686700991, 76469686700991, 6100942523327, 6100942523327, 6100942523327, 6100942523327, 6100942523327, 6100942523327, 6100942522815]
[76469687225279, 76469687225279, 76469687225279, 76469689322431, 76469689322431, 76469689321919, 6100945144255]
[76469687225279, 76469687225279, 76469687225279, 76469687225279, 76469687225279, 76469687225279, 111654059314111, 111654059314111, 129246245358527, 129246245358527, 129246245358527, 129246245358527, 129246245358527, 129246245358527, 129246244834239]
[76469687225279, 76469687225279, 76435327486911, 94027513531327, 94027513531327, 94027530308543]
[76469687225279, 76469687225279, 76469687229375, 76469687229375, 76469687229375, 76469418793919, 76469418793919, 357944395504575]
[76469687225279, 76469687225279, 76469687225279, 76469687225279, 76469687225279, 76469687258047, 76469687258047, 76469687258047, 76469687258047, 76469687258047, 76469688306623, 76469688306623, 76469688306623, 6100944128959]
[76469687159743, 76469687159743, 75370175531967, 75370175531967, 75370175531967, 75370175531967, 75370175531967, 75370175531967, 75370175531967, 75370175531967, 75507614485439]
[76469687225279, 76469687225279, 76469687225279, 76469687225279, 76469687225279, 76469687225279, 76469687225279, 76469687225279, 76469687225279, 76435327486911, 76435327486911, 76435327486911, 76435327486911, 76435327486911, 76435327491007, 76435260382143]
[76469687225279, 76469687225279, 76469687225279, 76469687225279, 76469687225279, 76469687225279, 76469687225279, 76469687225279, 76469687159743, 76469687159743, 76469687159743, 76469687159743, 76469687159727, 76469687159727, 76469687159727, 76469687159727, 76469687159727, 76469687159727, 76469687159727, 76469687159727, 111654059248559]
[76469687225279, 76469687225279, 76469687225279, 76469687225279, 76469687225279, 76469687225279, 76469687225279, 76469687225247, 76469687225247, 76469687225247, 76469687225247, 76469687225247, 76473982192543, 76473982192543, 76473982192543, 76473982192543, 76473982192543, 76473982193567]
[75370175597503, 75374470564799, 75374470564799, 75374470564799, 75374470564799, 75374470564543]
[76469687225279, 76469687225279, 76469687225279, 76469687226303, 76469687226303, 76469687226303, 76469687226303, 111654059315135, 111654059315135, 111654059315135, 111654059315135, 111654059315135, 111654059315135, 111654059315135, 111654059315135, 111654061412287]
[76469687225279, 76469687225279, 76469687225279, 76469720779711, 76469720779711, 76469712391103, 76469712391103, 76469712391103, 76469712391103, 76469712391099]
[76469687225279, 76469687225279, 76469687225279, 76478277159871, 76478277159871, 76478277159871, 76478277159871, 76478277159871, 75378765532095, 75378765466559]
[76469687225279, 76469687225279, 85265780247487, 85265780247455, 85265780181919]
[76469687225279, 76469687225279, 76469687225279, 76469687225279, 76469687225279, 76469687224767, 76469687224767, 76469687224767, 76469687224767, 76469687224767, 76469687224767, 76469687224639, 76469687224639, 76469687224639, 76471834708287]
[76469687225279, 76469687225279, 78668710480831, 78668643371967, 78668643371967, 78668643372991]
[76469687225279, 76473982192575, 76473982192575, 76473982192575, 76473982192575, 76473982208959, 76473982208959, 76473982206911]
[76469687225279, 76469687225279, 76469687225279, 76607126178751, 76607126178751, 76607126178751, 76607126178751, 76607126178751, 76607126178751, 76607126178751, 76607126178751, 76607126178751, 76607126178751, 76607126113215, 76607126113215, 76607126113215, 76607126112959]
[76469687225279, 76469686700991, 76469686700991, 76469686700991, 76469686700991, 76469686700991, 75370175073215, 75370175073215, 75370175074239]
[76469687225279, 76469687225279, 76469687225279, 76469687225279, 76469687225279, 76469687225279, 76469687225279, 76469687225279, 76469687225279, 76469704002495, 76469704003519, 76471851487167]
[76469687225279, 76469687225279, 76469687225279, 76469687225279, 76469687225279, 72071640714175, 72071640714175, 72071573605311, 72071573605311, 72071573605311, 72209012558783]
[76471834708927, 76471834708927, 85267927731135, 85267927731131]
[76469687225279, 76744565132223, 76744565132223, 76744565132223, 76744565132223, 76744565132223, 76744565132223, 76744565132223, 76744565132223, 76744565132223, 76744565132223, 76744565132223, 76744565132223, 76744565132223, 76744565132223, 76744565132223, 76744565132223, 76744565132223, 76744565132223, 76744565132223, 358219541842879, 358219541842879, 358219541842879, 358219541842879, 358356980796351]
[76469687225279, 76469687225279, 76469687159743, 76469687159743, 76469687159743, 76469687159743, 76469687159743, 76473982127039, 76473982127039, 76473982127039, 76473982127039, 76473982127039, 76473982127039, 76473982127023]
[76469720779711, 76469720779711, 76469720779711, 76469720779711, 76469720779199, 75370209151423]
[85265780247487, 85265780247487, 85274370182079, 85274370182079, 85276517665727]
[76469687225279, 76607126178751, 76607126178751, 76607126178751, 76607126178751, 76607126178239, 76607126178239, 76607126178239, 76607126178239, 358082102888895]
[76607126178751, 76607126178751, 76607126178751, 76607126178751, 76607126178751, 76607126178751, 76607126178751, 76607126178751, 76607126178751, 76607126178751, 76607126178751, 76607126178751, 76607126178751, 85403219200959, 85403219200959, 85403219200959, 85403219200943]
[76469687225279, 76469687225263, 76469687225263, 76469687225263, 76469687225263, 76469687225263, 76469687225263, 76469687225263, 76469687225263, 111654059314095, 111654059314095, 111654059248559]
[76607126178751, 76607126178751, 6238382001087, 6238382001087, 6238382001087, 23830568045503]
[76469688273855, 76469688273855, 76469687225279, 76469687225279, 76469687225279, 76469687225279, 76469687225279, 75370175597503, 75370175597503, 75370041379775, 75370041379775, 75370041379775, 75370041383871]
[76469687225279, 76469687225279, 76469687225279, 76469687225279, 76469687225279, 76469687225279, 76469687225279, 76469687225279, 76469687225279, 76469687225279, 76469687225279, 76469687225279, 76469687225279, 76469687225279, 76469687225279, 76469687225279, 76469687225279, 76469687229375, 76469687229375, 76469687229375, 76469687229375, 76469687229375, 76469687229375, 76469687229375, 76435327491007, 76435327491007, 76435328539583]
[76469687225279, 76469687225279, 76469687225279, 76469687224767, 76469687224767, 357944663935423, 357944663935423, 357944663935423, 357944663936447]
[94061873269695, 94061873269695, 94061873269695, 94061873269695, 94061873269695, 94061873269695, 94061873269695, 94061873269695, 94061873269695, 94061873269695, 94061873269695, 94061739051967, 94061739051967, 94199178005439]
[76469687225279, 76469687159743, 76469687159743, 76469687159743, 76469687159743, 76469687159743, 76469687159711, 76469687159711, 76469687159711, 76469687159711, 76469687167903]
[76469687225279, 76469687225279, 76469687225279, 76469687159743, 76452507290559, 76452507290559, 72054460779455]
[76469687225279, 76538406702015, 76538406702015, 76538406703039, 76538406707135]
[76469687225279, 76469687225279, 76469687225279, 76469687225279, 76469687225279, 76469687225279, 76469687225279, 76469687225279, 76469687225279, 76469687225279, 76473982192575, 85270075214783, 85270075214783, 85407514168255]
[76469687225279, 76469704002495, 76469704002495, 76469704002559, 76469704002559, 76469703478271]
[76469704002495, 76471851486143, 76471851486143, 76471851486143, 76471314615231]
[76469687225279, 76469687225279, 75370175597503, 75370175597503, 356845152308159, 356845152308159, 356845152308159, 356845152308159, 356845152308159, 356845085199295]
[76469687159743, 76469687159742, 76469687159742, 76471834643390]
[76469687225279, 357944663935935, 357944663940031, 375536849984447]
[76469687225279, 76469687225279, 76469687225279, 76469687159743, 76469687159743, 76469620050879, 76469620050879, 76469620050367]
[76469687225279, 76469687225279, 76469687225279, 76469620116415, 76469620116415, 76469620116415, 76469620116415, 76469620116415, 76607059069887, 76607059004351]
[357944663935935, 357944663935935, 357944663935935, 357944663935935, 357944697490367, 357944563272639]
[76469687225279, 357944663935935, 357944663935935, 357944663935935, 357944663935935, 393129036024767, 393129036024767, 393129036024767, 393133330992063]
[76469687258047, 76469687258047, 76469687258047, 76469687258047, 76469687258047, 76469687258047, 76469687258047, 76469720812479, 76469720812479, 76469720812479, 76469720812479, 76469720812479, 76469720812479, 76469720812478]
[76469687225279, 76469687225279, 76469687225279, 76469687229375, 357944663940031, 357944663940031, 357944663940031, 357953253874623]
[76469687226303, 76469686702015, 76469686702015, 76469686702015, 85265779724223]
[76469687225279, 76469687258047, 76744565164991, 76744565164991, 76744565164991, 76744565164991, 76744565164991, 76744565164991, 76744565099455]
[76469687225263, 76469687225263, 76469687225263, 76469687225263, 76469687225263, 76469687225263, 76469687225263, 76469687225263, 76469687225263, 76469687225263, 76469687225263, 76469687225263, 76469687225263, 76469687225263, 76469687225263, 76469687225263, 76469687225263, 111654059314095, 393129036024751]
[76469687225279, 111654059314111, 111654059314111, 111654059314111, 111654059314111, 111654059314111, 111654059314079, 111654059314079, 111654059314079, 111654059314079, 252391547669407]
[76469687225279, 94061873269695, 94061873270719, 94061873270719, 94061873270719, 94061873270719, 94061873270719, 94061873270719, 94061873270719, 94061873270719, 92962361642943]
[76469687225279, 76469687225279, 76469687225279, 76469687225279, 76469687225279, 76469687225279, 76469687225279, 76469687225279, 76469687225279, 76469687225279, 76469687225279, 76469687225279, 94061873269695, 94130592746431, 94130592746431, 94130592746431, 94130592746431, 94130592746431, 94130592746431, 94130592746431, 94130592746431, 94130592746431, 94130626300863]
[76469687225279, 76607126178751, 94199312223167, 375674288933823]
[76469687225279, 76469687225279, 76469687225279, 76469687225279, 76469687225279, 111654059314111, 111654059314111, 111636879444927, 111636879444927, 111636879444927, 120432972467135]
[78668710480831, 78667636739007, 78667636739007, 78667636739007, 78667636739007, 78667636739007, 78667636738991]
[76469687225279, 76469553007551, 76469553008575, 76469553008575, 76469553008575, 76469553008575, 76469553008063]
[357944663935935, 357944663935935, 357944663935935, 357944663935935, 357944663935935, 357944663935935, 357944663935935, 357944663936959, 357944663936959, 357944663936959, 357944663936959, 357944663871423]
[76469678836671, 76469678836671, 76469678836671, 76469678836671, 76478268771263, 76478268771263, 76478268771263, 94070454815679]
[76469687225279, 76469687225279, 76469687225279, 76469687225247, 76469687225247, 76469687225247, 76469687225247, 76469687225247, 357944663935903, 358082102889375]
[76469687225279, 94061873269695, 94061873269695, 94061873269695, 94070463204287, 129254835293119]
[76469687225279, 76469687225279, 76469687225279, 76469687225279, 76469687159743, 357944663870399, 357944663870399, 357944663870399, 357944663870399, 357944663870399, 357944663870399, 357944663870399, 357944663870399, 357944663870399, 357944663870399, 393129035959231]
[76469687225279, 76469687159743, 76469687159743, 76469687159743, 76469687159743, 76469687159743, 76469687160767, 76469687160767, 6100942983103]
[76469687225279, 76607126178751, 76607126178751, 76607126178751, 76607126178751, 76607126178751, 76607126178751, 76607126178751, 94199312223167, 94199312222655]
[76469687225279, 76469687225279, 76469687225279, 76469687225279, 76469687225279, 76469687225279, 76469687225279, 76473982192575, 76473982192575, 76473982192575, 76473982192575, 76473982192575, 76473982192575, 76473982192575, 76473982192575, 76473982193599, 76473982193599, 76473982193599, 76473982193599, 76473982193599, 76473982193599, 76473982193599, 76473982193599, 76611421147071]
[76469687225279, 76469687225279, 76469687225279, 76469687225247, 76469687225247, 76469687225247, 76469687225247, 76469687225247, 76469687225247, 76469687225247, 76469687225247, 76469687225247, 76469687225247, 76469687225247, 76469687225247, 76471834708895, 76471834708895, 76471834708895, 76471834708895, 76471834708895, 76471834708895, 94064020753311]
[76469687225279, 76469687225279, 76469687225279, 76469688273855, 76469688273855, 76469688273855, 76469688273855, 76469688273855, 76469688273855, 76469688273855, 76469688273855, 76469688273855, 76469688274879, 76469688274879, 76469688274879, 76469688274879, 76469688274751]
[76469678836671, 76469678836671, 76469678836671, 76469678836671, 76469678836671, 76469678836671, 76469678836671, 76469678836671, 76469678836671, 76473973803967, 76473973803951]
[76469687159743, 76469687159743, 76469687159743, 76469687159743, 76469687159743, 76469687159743, 76469687163839, 76469687163839, 76469687163839, 76469687163839, 76469687164863]
[76469687159743, 76469687159743, 75370175531967, 75370175531967, 75370175531967, 75370175531967, 75370175531967, 75370175531967, 75507614485439]
[76469687225279, 76469687225279, 76469687225279, 76469687225279, 111654059314111, 111654059314111, 111654059314111, 111654059314111, 111654059314111, 111654059314111, 111654059314111, 111654059314111, 111654059314111, 111654059314111, 111654059322303, 111654059322303, 111654059322303, 111654059322303, 111654059322303, 111654059321791]
[76469687225279, 76469687225279, 76469687225279, 76469687229375, 76469687229375, 76469687229375, 76469687229375, 76469687229375, 76744565136319, 76744565136287]
[76469687229375, 76469687229375, 76469687229375, 76469687230399, 76469687238591]
[76469687225279, 76469687225279, 76469687225279, 76469687225279, 76469687225279, 94061873269695, 94061873269695, 94061906824127, 94061906824127, 94061906299839]
[76469687225279, 76469687225279, 76469687225279, 76469687225279, 76469687225279, 76469687225279, 76469687229375, 76469687229375, 76469687229375, 76469687229375, 76469687229375, 76469678840767, 76469678840767, 76469678840767, 76469678840767, 76469678840767, 111654050929599]
[357944663935935, 357944697490367, 357944697490367, 357944697490367, 357944697490351]
[76469687225279, 76469687225279, 76469687225279, 94061873269695, 94061873269695, 94061873269695, 94061873269695, 94061873269695, 94061873269695, 94061873269695, 94061873269695, 94061873269695, 94061873269695, 94061873269695, 94061873269695, 94061739051967, 94066034019263]
[94061873269695, 92962361641919, 92962361641919, 92962361641919, 92961287900095]
[76469687225279, 76469687225279, 76469687225279, 76469687225279, 76469687225279, 76469687225279, 76469687225279, 76469687225279, 76469687225279, 76469687225279, 76469687225247, 76473982192543, 217211470547871]
[76469687225279, 76469687225279, 76469687225279, 76469687225279, 76469687225279, 76469687225279, 75370175597503, 75370175597503, 110554547686335, 110554547686335, 110554547686335, 110554547685823]
[76469687225279, 76469687229375, 76469687229375, 76469687229375, 76469720783807, 76469720783807, 76469720783295]
[76469691419583, 76469691419583, 76469691419583, 76469691419583, 76469691419583, 76469691419567, 76469691419567, 76469691419567, 76469691419567, 76469691419567, 76469691419563]
[76469687225279, 76469687225279, 76469687225279, 76469687225279, 76469689322431, 76469689322431, 76469689322431, 76469689322431, 76468615580607, 75369103952831]
[76469691419583, 76469691419327, 76607130372799]
[76469688273855, 76469688273855, 76469688208319, 76469688208319, 76469688208319, 76469688208319, 76469688208319, 76469688208319, 111654060297151]
[76469687225279, 76469687225279, 76469687225279, 76469704002495, 76473998969791, 76473998969791, 76473998969791, 111658371058623]
[76469687224767, 76469687224767, 76469687224767, 76469687224767, 76469687224767, 78668710480319, 78668710480319, 78668710481343]
[76469687225247, 76469687225247, 76469687225247, 76469687225247, 76469687225247, 76469553007519, 76469553007519, 76469553007519, 76469553007519, 76469553007391]
[76469687225279, 76469687225279, 76469687225279, 76469687224767, 76469687224767, 76469687224767, 76469620115903, 76469620119999]
[111654059314111, 111654059314111, 111654059314111, 111654059314111, 111654059314111, 111654059314111, 111654059314111, 111654059314111, 111654059314111, 111654059314111, 111654059314111, 111636879444927, 111636879444927, 111636879444927, 111636879444927, 111636879444927, 111636879444927, 111636879444927, 111636879444927, 111636879444927, 111636879444927, 111636879444927, 111636879444927, 110537367817151]
[76469687225279, 76469687225279, 76469687225279, 357944663935935, 357944663935935, 357944663935935, 358013383412671, 358017678379967]
[76469687225279, 76469720779711, 94061906824127, 94061906840511]
[76469687225279, 76469687225279, 76469553007551, 76538272484287, 76538272484287, 75988516670399]
[76469687225279, 76469687159743, 85265780181951, 85265780181951, 85265780181951, 85265780181951, 85265780181951, 85265780181951, 85403219135423]
[76469687225279, 76469687225279, 76469687225279, 76469687226303, 76469687226303, 76469687226303, 76469687226303, 76469687226303, 76469687225791, 76469687225791, 76469687225663]
[76469687225279, 76469687225279, 76435327486911, 76435327486911, 76435327486911, 76435327486911, 76435327486911, 76435327486911, 76435327486911, 76435327486911, 76435327486399, 76443917420991]
[76469687225279, 76469553007551, 76469553007551, 76469554056127, 76469554056127, 76469554056123]
[76469687225279, 76469687225279, 76469687226303, 76469620117439, 76469620117439, 76469620117439, 76471767601087]
[76469687225279, 76469687225279, 76469687225279, 76469687159743, 76469687159743, 76469687160767, 76469687160767, 111654059249599]
[76469553007551, 76469553007551, 76469553007551, 76469586561983, 76469586561983, 76469586561983, 76469586561983, 76469586561983, 76469586563007]
[76469687225279, 76469687225279, 76469687225279, 76469687225279, 76469687225279, 76469687225279, 76469687225279, 76469687225279, 76469687225279, 76469687225279, 76469687224767, 76469687224767, 357944663935423, 357944663935423, 357944663935423, 357944663935407]
[76469687225279, 76469720779711, 76469720779711, 76469720779199, 76469720779199, 76538440255935]
[76469687225279, 76469687241663, 76469687274431, 76469620165567]
[76469687225279, 76469687225279, 76469687225279, 76469620116415, 76469620116415, 76469620116415, 76469620116383, 76469620116383, 76469620116383, 76469620116383, 76469620116383, 76469620116383, 76469620116383, 76469636893599]
[76469687225279, 76469687225279, 76469687225279, 75370175597503, 75370175597503, 75370175597503, 75370176646079, 75370176646079, 75370176646079, 75370176646079, 75370176646047]
[76469687225279, 76469687225247, 76469687225247, 76469553007519, 85265646029727]
[76607126178751, 76607126178751, 76607126179775, 76607126179775, 76607126179775, 76607126179775, 76607126179775, 76607126179775, 76607126179775, 76607126179775, 76607126179775, 76607126179775, 76607126179775, 76607126179775, 94199312224191]
[76469687225279, 94061873269695, 94061873269695, 94061873269695, 94061873269695, 94061873269695, 94061873269695, 94070463204287, 94070463204287, 94070463204287, 94070463204287, 94070463204287, 94070463204287, 94070463204287, 94070463204287, 94070463204287, 94070463204287, 94070463204287, 94207902157759]
[76469687225279, 76469687225279, 76469687225279, 76469687225279, 76469687224767, 76469687224767, 76469687224767, 76469687224767, 76469687224767, 76469687224767, 76473982192063, 76473982192063, 76473982192063, 76474015746495]
[76469687225279, 76607126178751, 76607126179775, 76607126179775, 76607126179775, 76607126179775, 76607126179775, 76607126179775, 76607126179775, 76607126179775, 76607126179775, 76607126179775, 76607126179775, 76607126179775, 76607126179775, 76607126179775, 76607126179775, 76607126179743]
[76469687225279, 76469687225279, 76607126178751, 76607126178719, 76606991960991]
[76469687225279, 76469687225279, 76469687225279, 76469687225279, 75370175597503, 75370175597503, 75370175597503, 75370175630271, 75370175630271, 75370175630271, 216107663985599]
[76469687225279, 76469687225279, 76469704002495, 76469704002495, 76469704002495, 357944680713151, 357946828196799]
[76469687225279, 76469687225279, 76469691419583, 76469624310719, 76469624310719, 357944601021375]
[76469687225279, 76435327486911, 76435327486911, 111619699575743, 111628289510335]
[76469687225279, 76469687225279, 76469687225279, 76469687225279, 76469687225023, 76469687225023, 76469687225023, 76469687225023, 76469687225023, 76469687225023, 76469687225023, 76607126178495, 76607059069631]
[76469687225279, 76469687225279, 76469687225279, 76469687225279, 76469687225247, 76469687225247, 76469687225247, 76469687229343, 76469687229343, 76469687229343, 76469687229343, 76469687229343, 76469687229343, 76469687229343, 76607126182815]
[76469687226303, 76469687226303, 76469687226303, 6100943048639, 6100943048639, 23693129093055]
[76469687225279, 76469687225279, 76469687224767, 76469687224767, 76469687224767, 76469687224767, 76469687224767, 76469687224767, 76469687224767, 76469687224767, 76469687224767, 76469687224767, 76469687224767, 76469687224767, 76469687224767, 94061873269183, 94061806160319]
[76469687225279, 76469687225279, 76469687225279, 111654059314111, 111654059314111, 111654059314111, 111619699575743, 111619699575743, 111619699575743, 111619699608511]
[76469720779711, 76469720779711, 76469720779711, 76469720779711, 76469720779711, 76469720779711, 76471868263359, 76471868263359, 76471868263359, 76471868263359, 76471868263359, 76471868263359, 111656240352191]
[76469687225279, 76469687225279, 76469687225279, 76469687225151, 76469687225151, 76469687225151, 76469687225151, 94061873269567, 94061873269567, 94061873269567, 94199312223039]
[76607126178751, 76607126178751, 76607126178751, 76607126178751, 76607126178751, 358082102889407, 358082102889407, 358082102889407, 358082102889407, 358082102889407, 358082102889407, 358082102889407, 358082102889407, 358082102890431]
[94061873269695, 94061873269695, 94061873204159, 94061873204159, 94061873204159, 94061873204159, 94061873204159, 94061873204159, 94061873204159, 94061604768703]
[76469687225279, 76469687225279, 76469687225151, 76469687225151, 76469687225151, 111654059313983, 111662649248575]
[76469687225279, 76469687225279, 76469687225279, 76469687225279, 76469687226303, 76469687226303, 76469687226303, 76469687226303, 76469687226303, 76469687226303, 76469687226303, 76469687226303, 76469687226303, 76469687226303, 76469687226287, 76469687226287, 76469687160751]
[76469687225279, 76469704002495, 76469704002495, 76469704002495, 76469704002495, 76469704002495, 76469704002495, 76469704002495, 76469704003519, 76469704019903]
[76469720779711, 76469721828287, 76469721762751]
[85265780247487, 85265780247487, 85265780247487, 85265780251583, 102857966295999]
[76469687225279, 76469720779711, 357944697490367, 357944697490367, 357944697490367, 357944697490367, 357944697490367, 357944697490367, 357944697490367, 393129069579199]
[76469687225279, 76469687225279, 76469687225279, 76469687225279, 76469687225279, 76469687225279, 76452507356095, 76452507355839, 76452507355839, 94044693400255]
[76469687225279, 76469687225279, 76469687225279, 76469704002495, 76469704002495, 76469704002463, 76452524133279]
[76469553007551, 76469553007551, 76471700491199, 76471700491199, 76471700491199, 76471700491199, 76471700491199, 76471700491199, 76471734045631]
[76469687225279, 76469687225279, 76478277159871, 76478277159871, 76478277159871, 76478293937087, 76478293937087, 76478293936575]
[76471834708927, 76471834708927, 76471834708927, 76471834708927, 76471834708927, 76471834708927, 76471834708927, 76471834708927, 76471834708927, 76471834708927, 76471834708927, 76471834708927, 76471868263359, 76471868263359, 76471868263359, 76471868263359, 94064054307775]
[76469689322431, 76469689322431, 76469689322431, 76469693516735, 76469693516735, 76469693516735, 76469693516735, 76469691419583, 76469691419583, 76469691419583, 75370179791807, 75374474759103]
[76469687225279, 76469687225279, 76469687225279, 76469687225279, 76469687225279, 76469687225279, 76469687225279, 76469687225279, 76469687225279, 76469720779711, 76469720779711, 76435361041343, 76435361041343, 76435361041343, 76435361041343, 76435361041311]
[76469687225279, 76469687159743, 76469687159743, 111654059248575, 111654059248575, 393129035959231]
[76469687225279, 76469687225279, 76469687159743, 76469687159743, 76469687159743, 76469687159743, 76469687159231, 76469720713663]
[76469687225279, 76469687225279, 75370175597503, 92962361641919, 92962361641919, 92962361641919, 92962361641919, 92962361641919, 92962361641919, 92962361641919, 93099800595391]
[76469687225279, 76469687225279, 76469687225151, 76469687225151, 76473982192447, 76473982126911]
[76469687225279, 76469687225279, 76469687226303, 357944663936959, 357944663941055]
[76469687225279, 76469687225279, 76469687225279, 76469720779711, 76469720779711, 76469720779711, 76469720779711, 76469720779711, 76469586561983, 76469586561983, 76469586561983, 76469586561983, 76469586496447]
[76469687225279, 76469687225279, 76469687225151, 76469687225151, 76469687225151, 76473982192447, 76473982192447, 76473713756991]
[76469687225279, 76469687225279, 76469687224767, 76469687224767, 76469687159231, 76469687159231, 94061873203647]
[76469687225279, 76469687225279, 76469687225279, 76469720779711, 78668744035263, 78668744035263, 78668744035263, 77569232407487]
[76469687225279, 76469687225279, 76469687225279, 76469687225279, 76469687225279, 76469687225279, 76473982192575, 76473982192575, 76473982192575, 76473982192575, 76474015747007, 94066201791423]
[76469687225279, 357944663935935, 357944663935935, 357944663935903, 357944663935903, 357944655547295]
[76469553007551, 76469552942015, 76469552942015, 76469552942015, 76469552942015, 76469552942015, 76469552942015, 76469552942015, 76469552942015, 76469552942015, 76469552942015, 76469552942015, 76469552942015, 76471700425663]
[76469687225279, 76469687159743, 76469687159743, 76469687159743, 76469687159743, 76469687159743, 76469687159743, 76469687159743, 76469687159743, 76469687159743, 76469687159743, 76469687159743, 75370175531967, 75370175536063]
[76469687225279, 76469553007551, 76469553007551, 76469553007551, 76469553007551, 76469553007551, 76469553007551, 75370041379775, 75370041379775, 75370041379775, 75370041379775, 75370041379775, 92962227424191]
[357944663935935, 357944596827071, 357944596827071, 357944630381503]
[76469687225279, 76469687225279, 76469687225279, 76469687225279, 76469688273855, 76469688273919, 76469688273919, 76469688273887]
[76469687225279, 76469687225279, 76469687225279, 76469687225279, 111654059314111, 111654059248575, 111654059248575, 111654059248575, 111654059248575, 111654059248575, 111654059248575, 111654059248575, 111654059117503]
[76469687225279, 76469687225279, 76469687225279, 76469687226303, 76469687226303, 76469687226303, 76469687226303, 76469687226303, 76469687226303, 76469687226303, 76469687226303, 76469687226303, 76469687259071, 76469687259071, 76469687193535]
[76473982192575, 76473982192575, 76473982192559, 76473982192559, 76473982192559, 76473982193583]
[76469687225279, 76469687225279, 76469687225023, 76469687226047, 76469687226047, 76469687226047, 76469687226047, 76469687226047, 76469687226047, 76469687226047, 76469704003263]
[76469687225279, 76607126178751, 76607126178751, 76607126178623, 94199312223039]
[76469687223231, 76473982190527, 76473982190527, 76473982190527, 76473982190527, 76473982223295]
[76469553007551, 76469553007551, 357944529718207, 357944530766783]
[76469687225279, 76469687225279, 76469687225279, 76469687225279, 76469687225279, 76469704002495, 76478293937087, 76478293937087, 76482588904383]
[76469687225279, 76469687225279, 76469687225279, 76469687225279, 76469687225279, 76469687225279, 76469687159743, 76469687159743, 76469687159743, 76469687159743, 76607126113215, 76607126113215, 76607126113215, 76607126113215, 76607126113215, 217344614468543]
[76469553007551, 76469553007551, 6100808829887, 6100808829887, 6100808829887, 5001297202111]
[76469687225279, 94061873269695, 94061873204159, 94061873204159, 94061873204159, 94061873204159, 92962361576383]
[76469687225279, 76469687229375, 76469687229375, 76469687229375, 76469687229375, 76469687229375, 76469687229375, 76469687229375, 76469687229375, 76469687229375, 76435327491007, 76435327491007, 76435327425471]
[76469687225279, 76469687225279, 76469687225279, 76469687225023, 76469687225023, 76469687225023, 111654059313855, 111654059313855, 111654059313855, 111654059313855, 111654059313855, 111654059313855, 111654059313855, 111654059313855, 111654059313855, 111654059314879]
[76469687225279, 76469687225279, 85265780247487, 85265780247487, 85265780247487, 85265780247487, 226003268602815, 226003268602303]
[76469687225279, 76469687225279, 76469687225279, 76469687225247, 94061873269663, 94061873270687]
[76469687225279, 76469704002495, 76469704002495, 76469704002495, 76469704002495, 76469704002495, 94061890046911, 94061890046911, 94061890046911, 129246262135743]
[76469687224767, 76469687224767, 76469687224767, 76469687224767, 76469687224767, 76469687224767, 76469687224767, 76469687224767, 76469687224767, 76469687224767, 76469687224767, 76469687224767, 76469687224767, 76469687224511, 76469687224511, 76469687225535]
[76469687225279, 76469687225279, 76469687225279, 76469687225279, 76469687229375, 76469687229375, 76478277163967, 76478277163967, 76478277163967, 76478277163967, 76478277163967, 76478277163455]
[76469687225279, 76469687225279, 76469687225279, 76469688273855, 76469688273855, 76435328535487, 76435328535487, 76435328535487, 76435328535487, 76435328535487, 76435328535487, 76435328539583]
[76469687225279, 76469687225279, 76469687225279, 76469687225279, 76469553007551, 76469553007551, 76469553007551, 76469553007551, 76469553007551, 76469553007551, 76469553007039, 76469553007039, 76469553007039, 76469553007039, 76469553007039, 76469553007035]
[76469687225279, 76469553007551, 76469553007551, 76469554056127, 76469554056127, 76469554056127, 76469554055999]
[94061873269695, 94061873269695, 94061873269695, 94061739051967, 94061739051967, 94061739051967, 94061739051967, 94130458528703]
[76469687225279, 76469687225279, 76469687225279, 76469687225279, 76469687225275, 76469687225275, 76469687225275, 76469704002491, 76469704002491, 76469704002491, 76469704002491, 76469704002491, 76469704002491, 76469704002491, 76469704002491, 76469704002491, 76469704002491, 76469704002491, 76469704002491, 76469704002491, 76469704003515]
[76469687225279, 76469687225151, 76469687241535, 76469687241535, 76469687241535, 76469687241535, 76469687241535, 76469687241535, 76469687241535, 76469687241535, 76469688290111]
[76469687225279, 76469687233471, 76469687233471, 76469687233471, 76469687233471, 76469687233471, 111654059322303, 111654059322303, 111654059322303, 111654059322303, 111654059322303, 111656206805951]
[76478277159871, 111662649248703, 111662649248703, 111662649248703, 111662649248703, 111662649248703, 111662649248703, 111662649248703, 111662649248703, 111662649248703, 111662649183167]
[76469687225279, 94061873269695, 94061873269695, 94061873269695, 102857966291903, 102857966291903, 102857966291903, 102857966291903, 102857966291903, 102857966291903, 102857966291903, 102857966291903, 102857966291903, 102857966291903, 102866556226495]
[76469687229375, 76469687229375, 76469687229375, 76469687229375, 217207175584703, 217207175584703, 217207175584703, 217207175584703, 252391547673535]
[76469687225279, 76469687225279, 76469687225279, 76469687225279, 76469687225279, 76469687225279, 94061873269695, 94061873269695, 94061873269695, 94061873269695, 94061873269695, 94061873269695, 94061873269695, 94061873269695, 102857966291903, 102857966291903, 102857966291903, 102857966291903, 102857966291871]
[76469687229375, 94061873273791, 94061873273791, 94061873273791, 94061873273791, 94061873273791, 94061873273791, 94061873273791, 94061873273775]
[76469687225279, 76469687225279, 76469687225279, 76469687225279, 76469687225279, 76469687225279, 76469687225279, 76469687225279, 76469687225279, 76469687225279, 76469687159743, 76469687159743, 76469687160767, 76469687160767, 75919931346879]
[76469553007551, 76469553007551, 76469553007551, 76469553007551, 76469553007551, 76469553007551, 76469553007551, 76469553007551, 76469553007551, 76606991961023, 76606983572415]
[76469687225279, 76469687225279, 76469687225279, 76469687225023, 76469687233215, 76469687233215, 76469687233215, 76469687233215, 76469687233215, 76469687233215, 76469687233215, 94061873277631]
[76469687225279, 76469687225279, 76469687225279, 76469687225279, 76473982192575, 76473982192575, 76474015747007, 76473881529279]
[76469687225279, 76469687225279, 76469687225279, 76469687225279, 76469687225279, 76469687225279, 76469687225279, 76469687225279, 76469687225279, 76469687225279, 76469687225263, 76469687225263, 111654059314095, 111654059314095, 111654059314095, 111654059314095, 111654059314095, 111654059314095, 111654059314095, 111654059314095, 111654059314095, 111654059314095, 111654059314095, 111654059248559]
[76469687225279, 76469687225279, 76469687225279, 76469687225279, 76469687225279, 76469687225279, 76469687225279, 76469687225279, 76469687258047, 76469687258047, 76469687258047, 76469687258047, 78668710513599, 78668710513599, 78668710513599, 78668710513599, 78668710513599, 78668576295871]
[76469553007551, 76469553011647, 76469553011647, 76469553011647, 76469553011647, 76469553011647, 76469553011647, 76469553011647, 76469553011647, 85265646033855]
[76435327486911, 76435327486911, 76435327486911, 76435327486399, 76572766439871]
[76469553007551, 76469553007551, 76435193269183, 76435193269183, 76435193269183, 76435193269183, 76435193268671]
[76469687225279, 76469687225279, 76469687225279, 76469687225279, 76469687225279, 76607126178751, 76607126178735, 76607126178735, 76607126178735, 76607130373039]
[76469687225279, 76469687159743, 76469687159743, 76469687159743, 76469687159743, 76469687159743, 76469687159743, 76473982127039, 76473982127039, 76473982127039, 76611421080511]
[76469687225279, 76435327486911, 76435193269183, 76435193269183, 76435193270207]
[76469687225279, 76469687225279, 76469687225279, 76469687225279, 76469687226303, 76469687160767, 76469687160767, 76607126114239]
[76469687225279, 76452507356095, 76452507356095, 76452507356095, 76452507356095, 76452507356095, 76452507356095, 76452507356095, 76452507356095, 76452507356095, 76452507356095, 75352995728319, 75352995728319, 75352995728319, 75352995729343]
[76469687225279, 76469687225279, 76469687225279, 76469687225279, 76469687225279, 76469553007551, 76469553007551, 76469553007551, 76469553007551, 76469553007551, 76452373138367, 76452373138367, 76452373138367, 76452373138367, 76452373138367, 76452373138367, 76452373138367, 76452373138367, 76452373138367, 76452373138367, 76452373138367, 76452373138367, 76452373138367, 76452373138367, 76452373138367, 76452373138367, 76454520622015]
[76469687225279, 76469687159743, 76469687159743, 76469687159743, 76469687159743, 76469687159743, 76469689256895, 76469689256895, 76469689256895, 76469689256895, 76469689256895, 76469689256895, 76469689256895, 357944665967551]
[76469687225279, 76469687225279, 76469687225279, 76469687225279, 76469687225279, 76469686700991, 76469686700991, 76469686700991, 76469686700991, 76469686700991, 76469686700991, 76469686700991, 76469686700991, 76469686700991, 76469686700991, 76469686700991, 76607125654463, 76607125658559]
[76469687226303, 76469687226303, 76469687226303, 76469720780735, 76469720780735, 76469720780735, 75370209152959]
[76478277159871, 76478277159871, 76478277159871, 76478277159871, 76478277160895, 76478293938111]
[76469687225279, 76469687225279, 76469687225279, 76469687225279, 76469687225279, 76469687225279, 76469687225279, 76469687225279, 76469687226303, 76469687226303, 76469687226303, 76469687226303, 76469687226303, 76469687230399, 76469687230399, 76435327492031]
[76469687225279, 76469687225279, 76469687225279, 76469687225279, 76469687225279, 76469687225279, 76469687225279, 76469687225279, 76469687225279, 76469687225279, 76469687225279, 76469687225279, 76469687225279, 76469687225279, 76469687225279, 76469687225279, 76469687225279, 76469687225279, 76469687225279, 76469687225279, 76469687226303, 76469687226303, 76469687226303, 76469687226303, 76469687226303, 76607126179775, 76607126179775, 76607126179775, 76572766441407]
[76469687225279, 76469687225279, 76469687225279, 76469687225279, 76469687225279, 76469687225263, 76469687225263, 76469720779695, 76469720779695, 76469720779695, 76469720714159]
[76469687225275, 76469687225275, 76469687225275, 76469687225267, 111654059314099]
[75370175597503, 75370192374719, 75370192374719, 75370192374719, 75370192374719, 110554564463551]
[76469687225279, 76538406702015, 76538406703039, 76538406703023]
[76469687225279, 76469687225279, 76469687225279, 76469553007551, 76469553007551, 76469553007551, 76469553007551, 76469553007551, 76469553007551, 76469552942015, 76469552942015, 76469552942015, 76469552942015, 76469552942015, 76469552942015, 76469552942015, 76469552942015, 76469552942015, 76469552941999]
[76469687225279, 76469687225279, 76469687225279, 76469687225279, 76469687225279, 76469687225279, 76469687225279, 76469687225279, 76469687225279, 76469687225278, 76469720779710, 94061906824126]
[76469687225279, 76469687225279, 76469687225279, 76469687225279, 76469687225279, 76469687225279, 76469687225279, 76469687225279, 76469687159743, 76469687159743, 76469687159743, 76469687159743, 76469687159743, 76469687159743, 76469687159743, 75370175531967, 75370175531967, 75370175531967, 75370175531967, 75370175531967, 75370176580543]
[76469687225279, 76469687225279, 76469687225279, 76469687225279, 76469687225279, 76469687225279, 76469687225279, 76469720779711, 76469720783807, 76469720783807, 76469720783807, 76469452348351]
[76452507356095, 76452507356095, 76452507356095, 76452507356095, 76452507356095, 76451970485183, 76451970485183, 76451971533759]
[76469687224767, 76469553007039, 76469553015231]
[76469687225151, 76469687225151, 76452507355967, 76452507355967, 76452507355967, 76452507355455]
[111654059314111, 111654059248575, 111654059248575, 111654059248575, 111653992139711]
[76469687225279, 76469687225279, 76469687225279, 76469687225263, 76469687225263, 76473982192559, 76473982192559, 75374470564783]
[76469688273855, 76469692468159, 76469692468159, 76469692468159, 76469692468159, 76469692468159, 94061878512575]
[76469687225279, 76469687159743, 76471834643391, 76471834643391, 76471834643391, 76471834643391, 76437474905023]
[76469687159743, 76469687159743, 76473982127039, 76473982127039, 76473982126527]
[76471834708927, 76471834708927, 76471834708927, 76471834708927, 76471834708927, 76471834708927, 76471834708927, 76471834708927, 76471834708927, 76471834708927, 76471834708927, 76471834708927, 76471834708927, 76471834708927, 76471297838015, 76540017314751]
[76469687225279, 76469687225279, 76469687225279, 76469687225279, 76469687225279, 76469687225279, 76469687225279, 76469687225279, 76471834708927, 76471834708927, 76471834708927, 76471836806079, 76471836806079, 76471836806079, 76471836806079, 76471870360511]
[78668710480831, 78668710480831, 78668710480831, 78668710480831, 78668710480831, 87464803503039, 87464803503039, 87464803503039, 87464803503039, 87464803503039, 87464803503039, 87464837057471]
[76469687225279, 76469687159743, 76469687159615, 76469687159615, 76469687159743, 76469687159743, 76469688208319, 76469688212415]
[76469687225279, 76469687229375, 76469687229375, 76469687229375, 76469687229375, 76469687229375, 76469720783807, 76469720791999]
[76469687225279, 76469720779711, 76469720779711, 76469720779711, 76469720779711, 76469720779711, 76469720779711, 76469720779711, 76469720779711, 76469720779711, 76469720779711, 76469720779711, 76469720779711, 76469720787903, 76469720820671]
[76469687225279, 76469687225279, 76469687225279, 94061873269695, 94061873286079, 94061873286079, 94061873286079, 94061873286079, 94061873286079, 94061873286079, 94061873286079, 94061873286079, 94061873290175]
[76469687225279, 76469687225279, 76469687226303, 76469553008575, 76469544619967]
[76469687225279, 76469687225279, 76469687225279, 76469687225279, 76469687225279, 76469687225279, 76469687225279, 76469687225279, 76468613483455, 76468613483455, 76468613483455, 76468613483455, 76468647037887, 76468647037887, 76468647037887, 76468647037887, 76468647041983]
[76469687225279, 76469687225279, 76469687159743, 76469687159487, 76469687159487, 76469687159487, 76469688208063]
[76469720779711, 76469720783807, 76469720783807, 76469720783807, 76469586566079]
[76469687225279, 76469687225279, 76469687225279, 76469687225279, 76469687225279, 76469687225279, 76469687225279, 76469687225279, 78668710480831, 78668710480831, 78668710480831, 78668710480831, 78668710480831, 78668710481855, 78668710481855, 78668710481855, 78668710481855, 78668710481855, 78668710481855, 78668710481855, 78668576264127]
[76469687225279, 76469678836671, 76469678836671, 76469678836671, 76469678836671, 76452498967487, 85248591989695]
[357944663935935, 357944663935935, 375536849980351, 375674288933823]
[76469687225279, 76469687225279, 76469687159743, 76469552942015, 76469552942015, 76469552942015, 6100808764351]
[76469687225279, 76469687225279, 76469687225279, 76469687225279, 76469687225279, 76469687225279, 76469687225279, 76469687225279, 76469687159743, 76469687159743, 76469687159743, 76469687159743, 76469687159743, 76469687159743, 76607126113215, 76607126113215, 76607126113215, 76607126113215, 76607126113215, 76607126113215, 76607126113215, 76607126113215, 76607126113215, 76607126113183]
[76469687225279, 76469678836671, 76469678836671, 76469678836671, 76469678836671, 76469678836543, 76469680933695]
[76469687225279, 357944663935935, 357944663935935, 357944663935935, 357944663935935, 357944663935935, 357944663935935, 357944663935935, 357944663935935, 357944663935935, 357944663935935, 357944663935935, 357944663935935, 357944663935935, 357944663935935, 357944663935935, 357946811419583, 357946844974015]
[76469687225279, 76469687225279, 76469687225279, 76469687225279, 76469687225279, 76469687258047, 76469687258047, 76469687258047, 76469687258047, 76469687192511, 76469687192511, 76468613450687]
[76469687225279, 76469687225279, 76469687225279, 76469687225279, 76469687225279, 76469687225279, 76469687225279, 76452507356095, 76452507356095, 76452507356095, 76452507356095, 217189995711423, 217189995711423, 217189995711423, 217189995710911]
[76469687225279, 76469687225279, 76469687225279, 76469687229375, 76469687229375, 76469687229375, 76469687229375, 76469687229375, 76469687229375, 76469687229375, 76469687229375, 76607126182847, 76607126182847, 76607126182847, 76607126182847, 76607126182847, 76607126182847, 76675845659583]
[76469687225279, 76469686700991, 76469686700991, 76469686700991, 94061872745407, 94061872745407, 94199311698879]
[76469687225279, 76469687225279, 76469687225279, 76469687225279, 76469687225279, 76469687225279, 76469687225279, 85265780247487, 85265780251583, 85231420513215]
[76469687225279, 76469687159743, 76469687159743, 76469687159743, 76469687159743, 76469687159743, 76469687159743, 76469687160767, 76469687160767, 76469687160767, 76469687160767, 76469687160255]
[76469687225279, 76469553007551, 76469553007551, 76469552942015, 76469552942015, 76469552942015, 76469552942015, 76469552942015, 76469552942015, 76469552942015, 76469552942015, 76469552942015, 76469552942015, 76471700425663]
[76469687225279, 76469687233471, 76469687233471, 75370175605695, 75370167217087]
[76469687225279, 76469687225279, 76469687225279, 76469687225279, 76469678836671, 76469678836671, 76469678836671, 76469678836671, 76469678836671, 76469678836671, 76478268771263, 76478268775359]
[76469687159743, 76469687159743, 76469687159743, 76469687159743, 76469687159743, 76469687159743, 76469687159711, 76469687159711, 76469687159711, 76469687159711, 76469687167903]
[76469687225279, 76469687225263, 76469687225263, 76469687225263, 76469687225263, 76469687225263, 76469687225263, 76469687225263, 76469688273839, 76469554056111]
[76469687225279, 76469687225279, 76469687225279, 94061873269695, 94070463204287, 94070463204255]
[76469687225279, 76469687225279, 76469704002495, 76469704002495, 76469704002495, 76469704002495, 76469704002495, 76469704002495, 76435344264127, 76435344264127, 76435344264127, 76435344264127, 76435344264127, 76435344264127, 76435344264127, 76435344264127, 76435344264127, 76435344264127, 76710222171071]
[76469687225279, 76469687225279, 76469687225279, 76469687229375, 76469687229375, 76469687229375, 76469687229375, 76469687229375, 76469687229375, 76469687229343, 76469687229343, 76469687229343, 76469687229343, 76435327490975]
[76469687225279, 76469687225279, 76469687224767, 76469687225791, 76469687225791, 76469687225791, 94061873270207]
[76469687225279, 94061873269695, 96260896525247, 96260888136639]
[76469687225279, 111654059314111, 111654059314111, 111654059314111, 111654059314111, 111654059314111, 111654059314111, 111654059314111, 111654058789823, 111658353757119]
[76469687225279, 76469687225279, 76469687225279, 76469687225279, 76469687225279, 76469687225279, 76469687225279, 76469687225279, 76469620116415, 76469620116415, 111653992205247, 111653992205247, 111653992205247, 111653992205247, 111653992205247, 111653992205247, 111653992205247, 111653992205247, 111653992205247, 111653992205247, 111653992205247, 111653992205247, 111653992238015]
[76469720779711, 76469720779711, 76469720779711, 76469720779711, 76469720779711, 76469720779711, 76469720779711, 76469720779711, 76469720812479, 357944697523135]
[76469687225151, 76469687225151, 76469687225151, 76469687224639, 76469687224639, 76469687224639, 76469687224639, 76469687224639, 76469687224639, 76469687224639, 76469687224639, 76469687224639, 76469687224639, 76469687224639, 76469687224639, 76469687224639, 76469687224639, 76469553006911]
[76469687159743, 76469687159743, 76469687159742, 76469687159742, 76469687159742, 76469687159742, 76469687159742, 76469687159742, 76469687159742, 76469687159742, 76469687159742, 76469687159742, 76469687159742, 76469687159742, 76469687159742, 76469687159742, 76469687159742, 76469687159742, 76469687159742, 76469687159742, 76469687159740]
[76469687225279, 76469687229375, 76469687229375, 76469687229375, 76469687229375, 94061873273791, 94061877468095]
[94061873269695, 94061873269695, 94061873269695, 94061806160831, 94061806160831, 94061806160831, 94061806160831, 94061806160831, 94070396095423]
[76469687225279, 76469687225279, 76469687225279, 76469687225279, 76473982192575, 76473982192575, 76473982192575, 76473982192575, 76473982192575, 76469687225279, 76469687225279, 76469687225279, 76469687225279, 76469687225279, 76478277159871, 76478277159615, 76478277159615, 76478277160639]
[76469687225279, 76469687226303, 76469687226303, 76469687226303, 76469688274879, 76469688274879, 76469688274879, 76469688274879, 76469688274367]
[76469687225279, 76469691419583, 76607130373055, 76607130373055, 76607130377151]
[76469687225279, 76469687225279, 76469687225279, 76469687229375, 76469687229375, 76469687229375, 76469720783807, 94061906828223]
[76473982192575, 76473982192575, 76473982192575, 76473847974847, 76473847974847, 76473847974847, 76473847974847, 76473847974847, 76473847974847, 76473864752063]
[76469687225279, 76469687225279, 76469687225279, 75370175597503, 75370175597503, 75370175597503, 75370175597503, 75645053504447, 75645053504447, 75645053504447, 75645053504447, 77844076759999]
[76469687225279, 76469687225279, 76469553007551, 76469553007551, 76469553007551, 76469553007551, 76469553007551, 76469553007551, 76469586561983, 76469586561983, 76469586561983, 76469586561983, 76469586561983, 76469586561983, 76469586561983, 76469586561983, 76469586561983, 76469586561983, 76469586561983, 76469586561983, 76469586561983, 76469586561983, 76469586561983, 76469586563007]
[76469687225279, 76469687225279, 76473982192575, 76473982192575, 76473982192575, 76473982192063, 76473982192063, 76473982192063, 76473982192063, 76473982192063, 76473982192063, 76473982193087]
[76469687225279, 76469678836671, 76469678836671, 76469678836671, 76469678836671, 76473973803967, 76473973808063]
[76469687225279, 76469687225279, 76469687225279, 76469687224767, 76469620115903, 76469620115903, 76469620115903, 76469620115903, 76469653670335]
[76469687225279, 94061873269695, 94061873269695, 94061873269695, 94061906824127, 94061906824127, 94070496758719]
[76469687258047, 76469687225279, 76469687225279, 76469687159743, 76469687159743, 76469687159743, 76469687159743, 76469687159487, 76469687159487, 85265780181695]
[76469687225279, 76469687225279, 76469687225279, 76469687225279, 76469687225279, 76469687225279, 76469687225279, 76469687225279, 76469687225278, 76469687225278, 76469687225278, 94061873269694, 94061873269694, 94061873269694, 94061873269694, 94061873269694, 94061873269694, 94061873269694, 94061873269694, 94061873273790]
[76469687225279, 76469687225279, 76469687225279, 76469687225279, 76469687225279, 72071640714175, 72071640714175, 72071640714175, 72071640713663, 72071640713663, 72071640713663, 72071640713659]
[76469687229375, 76469687229375, 76471834713023, 76471834713023, 76471834713023, 76471834713023, 76471834713023, 76471834713023, 76471297842111]
[76469687225279, 76469687225279, 76469687225279, 76469687225279, 76478277159871, 76478277159871, 76478277159871, 76478268771263, 76478268770751]
[76469687225279, 76469687225279, 76469687225151, 76469687225151, 76469687225151, 76469687257919, 76469687192383]
[76469688273855, 76469688273855, 76469688273855, 76469688274879, 76469688274879, 76478278209471]
[76469687225279, 76469687225279, 76469687225279, 76469687225279, 76469687225279, 76469687225279, 75370175597503, 75370175598527, 75370175598527, 75370175598527, 75507614551999]
[76469686700991, 76469686700991, 76469686700991, 76469149830079, 76469149830079, 76469149830079, 76469149830079, 76469149830079, 76469149862847]
[76469687258047, 76469687258047, 76469687258046, 76469687258046, 75370175630270]
[76469687225279, 76469687258047, 76469687258047, 76469687257791, 76469687257791, 76469687257791, 76469687257791, 76469687257791, 76469687257791, 76469687257791, 76469687257791, 76469687257791, 76469687257791, 85265780279999]
[76469687225279, 76469687225279, 76469687225279, 76469678836671, 76469678836671, 76469678312383, 76469678312383, 111654050401215]
[76469687225279, 76469687225279, 76469687225279, 76469687225279, 76469687225279, 76469687225279, 76469687225279, 76469687159743, 76469687159743, 76469687159743, 76469687159743, 76469687159743, 76469687159743, 76471834643391, 76471834643391, 76471834708927, 76471834708927, 76471834708927, 76471834708927, 76471834708927, 76471767600063, 76471767600063, 76471767600063, 76471767600063, 76471767600063, 76471768648639]
[76469687225279, 76469687225279, 76469688273855, 76469688273855, 76469688273855, 76469688273855, 76469688273855, 76469688273855, 76469688208319, 76469688208319, 76469688208319, 76469688208319, 76469688208319, 76469688208319, 76469688208319, 76469688208319, 76469688208319, 76607127161791]
[76607126178751, 76607126178751, 76675845655487, 76675845655487, 76675845655487, 76675845655487, 76675845655487, 76675845655487, 76658665786303]
[76469687225279, 76469687225279, 76469687225279, 76469687225279, 76469687225279, 76469687225279, 76469687225279, 76469687225279, 76469687225279, 76469687229375, 76469687229375, 76469687229375, 76469687229247, 76469687229247, 76469687229215]
[76469687225279, 76469687225279, 76469687225279, 75370175597503, 75645053504447, 75645053504447, 75645053504447, 75645053504447, 75610693766079]
[76469687225279, 76469687225279, 76469687225279, 76469687225279, 76469687225279, 76469687225279, 76469687225279, 76469687225279, 76469687225279, 76469687225279, 76469687225279, 76469687225279, 76469687225279, 76469687225279, 76469687225279, 76469687225279, 76469687225279, 76469687225279, 94061873269695, 94061873269695, 94061873269695, 94061873269695, 94199312223167, 94199312223167, 94199312223167, 94199178005439]
[76469687225023, 76469687225023, 76469553007295, 76469553007295, 76469553011391]
[76469687225279, 76469687225279, 76469687224767, 76607126178239, 75507614550463]
[76469687225279, 76469687159743, 76469687159743, 76469687159743, 76469687159743, 76469687159743, 76469687159743, 76607126113215, 76607126113215, 78806149368767]
[76469687225279, 76469687225279, 76469687225279, 76469687225279, 76469687225279, 76469687225279, 76469687225279, 76469687225279, 76469687225279, 76469687225279, 76469687225247, 94061873269663, 94061873269663, 94061873269151]
[76469687225279, 76469687225279, 76469687225279, 76469687225279, 76478277159871, 76478310714303, 76461130845119]
[76469720779711, 76469720779711, 75370209151935, 75370209156031]
[75370175597503, 75370175597503, 75370175597503, 75370175597503, 75369101855679, 75369101855679, 75369101855679, 75369101855679, 75369101855679, 75369101855679, 75369101856703]
[76469687225279, 76469687225279, 76469687225279, 76469687225151, 76469687225151, 76469687224895, 76469687228991]
[76469687159743, 76469687159743, 76469687159743, 76469687159743, 76469687159743, 6100942982079, 6100942982079, 6100942981823]
[76469687225279, 76469687225279, 76469687225279, 76469687225279, 76452507356095, 76452506831807, 76452506831807, 76452506831807, 357927483542463]
[76538406702015, 76538406702015, 217275895057343, 217275895057343, 217275895057343, 217275895057343, 217275895057343, 217275895057343, 217275895057343, 217275895057343, 217207175580607, 217207175580095, 217207175579839]
[76469687225279, 76469687241663, 76469687241663, 76469687241663, 76473982208959, 76473982208959, 76473982208959, 76473982208959, 76473915100095]
[76469687225279, 76469687225279, 76469687225279, 76469687225151, 76469687225151, 76452507355967, 76452507355967, 111636879444799]
[76469687225279, 76469687225279, 76469687225279, 76469687225279, 76469704002495, 75370192374719, 75370192374719, 75370192374719, 5001448197055]
[76469687226303, 76469687226303, 76469687226303, 76469687226303, 76469720780735, 76469720780735, 357944697491391]
[76469687225279, 76469687225279, 76469687225279, 78668710480831, 78668710480831, 78668710480831, 78668710480831, 78668710480831, 78668702092223, 78668702092223, 78668702092223, 78668702092223, 78668702092223, 78668702092223, 78668702092219]
[76469687225279, 76469687225247, 76469687225247, 6100943047583, 6100943047583, 6100943047583, 6100808829855]
[76469687225279, 76469687225023, 357944663935679, 357944663935679, 357944663935679, 357944663411391]
[76469687225279, 76469687225279, 76469687225279, 76469687225279, 76469687225279, 76469687225279, 76471834708927, 76471834708927, 76471834708927, 76471834708927, 76471834708927, 76471834708927, 76471834708923, 76471834708923, 76471834708923, 94064020753339]
[76469687225279, 76469687225279, 78668710480831, 78668710480831, 78668710480831, 78668710480831, 96260896525247, 96260896525247, 96260896525247, 96260896525247, 96260896525247, 96269486459839]
[76469687225279, 76469687225279, 76469687225279, 76469687225279, 76469720779711, 76469720714175, 76469720714175, 76607159667647]
[76469687225279, 76469687225279, 76469687225279, 76469687226303, 76469686702015, 76469686706111]
[76469687225279, 76469687225279, 76469687225279, 76469687225279, 76469687225279, 76469687225279, 76469687224767, 76469687224767, 76469687224767, 76469687224767, 76469687224767, 76469687224767, 76469687224767, 76469687224767, 76469553007039, 76469553007039, 76469553007039, 76469553007039, 76469553007039, 76469553007039, 76469553007039, 76469553007007]
[76469687225279, 76469687225279, 72071640714175, 72071640714175, 72071640714175, 72071640714175, 72071640714175, 72071640714175, 72071640714175, 72071640714175, 72071640718271, 72071640718271, 72071640718271, 72071640193983]
[76469687159743, 76469687159743, 76469687159743, 76469687159743, 76469687159743, 76469687159743, 76469703936959, 76469703936447]
[76469687225279, 76469687225279, 76469687225279, 357944663935935, 357944663935935, 357944663935935, 357944663935935, 357944663935935, 357944663935935, 357944663935935, 357944663935935, 357944663935935, 357944663935935, 357944663935935, 357944663411647, 357944663411631]
[76469687225279, 76469687225279, 76469687225279, 76469620116415, 76469620116415, 76469620116415, 76452440247231, 76452440247231, 76452440247231, 76452440247231, 76452440247231, 76452440247231, 76452440247231, 76521159723967]
[76469687159743, 76469687159743, 76469687159743, 6100942982079, 6100942982079, 14897036004287]
[76607126178751, 76607126178751, 76607126178751, 76607126178751, 76589946309567, 76589946309567, 76589946309567, 76589946309567, 76589946309567, 111774318398399]
[76469687225279, 76469687225279, 76469687225279, 76452507356095, 76452373138367, 76452373138367, 76452373138367, 76452373138367, 94044559182783]
[76469687225279, 75370175597503, 75370175597503, 75370175597503, 75370175596991, 75370175596991, 75370175596991, 75370175596991, 75370175596991, 75370175596991, 75370175596991, 75369101855167]
[76469687225279, 76469687225279, 111654059314111, 111654059314111, 111654059314111, 111928937221055, 111928937221055, 111928937221055, 110829425593279]
[76469687225279, 76469687225279, 76473982192575, 76473982193599, 111658354282431]
[76469687225279, 76469687225279, 76469687159743, 76469687159743, 76469687159743, 357944663870399, 357944663870399, 357944663871423]
[76469687225279, 76469687225279, 76469687225279, 76469687241663, 76469687241663, 76469687241663, 76469687241663, 76469687241663, 76469687241663, 76469687239615, 76469687239615, 76469687239615, 76469687239103]
[76469687225279, 76469687225279, 76469687225279, 76469687229375, 76469720783807, 76469720783807, 76469720783807, 76469720783807, 76469720783807, 76469720783807, 76471868267455]
[76469687225279, 76469687225278, 76469687225278, 357944663935934, 357944663935934, 357944663935934, 357944663935934, 357944663935934, 357944663935934, 357944663935934, 357944663935934, 357944663935934, 357944663935934, 357944663935934, 357944663935934, 357944663935934, 357944663935934, 357953253870526]
[76469687225263, 75919931411375, 75919931411375, 75919931411119]
[76469687225279, 76469687225279, 76469687225279, 76469687225279, 76469687225279, 76469687225279, 76469687225279, 76435327486911, 76435327486911, 76439622454207, 76439622454207, 76439622454207, 76439622454207, 76439622454207, 76439622454207, 76439622454207, 76441769937855]
[76469687225279, 76469687225279, 76469687225279, 76469687225279, 76469687225279, 76469687225279, 76469687225263, 76469687225263, 76469687225263, 76469687225007, 76469687225007, 76469687225007, 76469687225007, 94061873269423]
[76469687225279, 76469687226303, 76469687226303, 76469687226303, 76473982193599, 76473982193599, 76473982193599, 76473982193599, 76473982193599, 76473982193599, 76473982193599, 75374470565823]
[76469687225279, 76469687225279, 76469687225279, 76469687225279, 76469687225279, 76469687225279, 76469687225279, 76469687225279, 76469687225279, 76469687225279, 76469687225279, 76469687225279, 76469687225279, 76469687225279, 76469720779711, 76469720780735, 76469720780735, 76469720780735, 76469720780735, 76469720780735, 76469720780223]
[76469687225279, 76469687225247, 76469687225247, 76469687225247, 75370175597471, 75370175597471, 216107663952799]
[76469687225279, 76469687225279, 76469687225279, 76469687225279, 76469720779711, 76469720796095, 76469720796095, 76469720796095, 76469720796095, 76469720796095, 76469720797119]
[76469687225279, 76469687225279, 76469687225279, 76469687225279, 76469687225279, 111654059314111, 111654059314111, 111722778790847, 111722778790847, 111722778790847, 111722778790847, 111688419052479]
[76469687225279, 76469687225279, 94061873269695, 94061873269695, 94061873204159, 94061873204159, 94061873204159, 94061873204159, 94061873204159, 94061873204159, 94061873204159, 94061873204159, 94061873204159, 94061873204159, 94061873204159, 94061873204159, 94061873204159, 94061873204159, 94061873204159, 94061873204159, 94061873204159, 94061873204159, 94061873204159, 94061873204159, 94061873204159, 94061873204159, 94061873204159, 94061873204031]
[76469687225279, 76469687225279, 76469687225279, 76469687225279, 76469687225279, 76469687225279, 76469687225279, 76469687225279, 76469687225279, 76469687225279, 76469687225279, 76469687225279, 76469687225279, 76469687226303, 76469687226303, 76469687226303, 76469687226303, 76469687226303, 76469687226303, 76468613484479, 76468613484479, 76468647038911]
[76469687225279, 85265780247487, 85265780247487, 85265780247487, 85265780248511, 85265780248511, 85265780248511, 85265780182975]
[85265780247487, 85265780247551, 85265780247551, 85265780247551, 85265780247551, 85265780247551, 85265780247551, 85265780247551, 85265780247551, 85265780247551, 84166268619775]
[76469687225279, 76469687225279, 76469687225279, 76469687225279, 76469687225279, 76469687159743, 76469687159743, 76469687159743, 76469687159743, 76469687159743, 76469687159743, 76469687159743, 76469687159743, 76469687159743, 76469687159743, 76469687159743, 76469687159743, 76469687159743, 76469687159743, 76469687159743, 76607126113215, 94199312157631]
[76469687225279, 76469687225279, 76469687225279, 76469687226303, 76469687226303, 76469687226303, 76469687226303, 76469687226303, 76469687226303, 76607126179775, 76607126179775, 76609273663423]
[76469687225279, 76469687225023, 76469687225023, 76469687159487, 76469687159487, 76469620050623]
[76607126178751, 76607126178751, 358082102889407, 358082102889407, 358082102889407, 358082102889407, 358082102889407, 358082102889407, 358082102889407, 358082102889407, 358082102889407, 358082102889407, 358082102889407, 358082102889407, 358082102889407, 358082102889407, 358082102889407, 393266474978239]
[76469687225279, 76469687225279, 76469687226303, 76469687226303, 76473982193599, 111658354282431]
[75370175597503, 75370175597499, 75370175597499, 75370175598523]
[76469687225279, 76469687225279, 76469687225279, 76469687225279, 76469687225279, 76469687225279, 76469687225279, 76469687225279, 76469688273855, 76469688273855, 76469688273855, 76469688273855, 76469688273855, 76469688273599, 76469688273599, 76469688273599, 94061874318015]
[76469687225279, 76452507356095, 76727385263039, 76727385263039, 76727385263039, 76727385263039, 76727385263039, 76693025524671]
[76469687225279, 76469687225279, 76469687225279, 357944663935935, 357944663935935, 357944663935935, 357944663935919, 357944663935919, 357944663936943]
[76469687225279, 76469687225279, 76469687225279, 76473982192575, 76473982192063, 76473982192063, 76473982192063, 76473982192063, 76473847974335]
[76469687225279, 78668710480831, 78668744035263, 77569232407487]
[76469687225279, 75370175597503, 84166268619711, 84166268619711, 84166268619711, 84166268620735]
[76469687225279, 76469687225279, 76469687225263, 76469687225263, 76469687225263, 76469687225263, 76469687225263, 76469687159727, 76469687159727, 76469687159727, 76469687192495]
[76469687225279, 76469687225279, 76469687225279, 76469687225279, 357944663935935, 357944663935935, 357944663935935, 357944663935935, 357944663411647, 357944663411647, 360143686667199]
[76469687225279, 76469687225279, 76469687225279, 76469687225279, 76469687225279, 76469687225279, 76469687225279, 76469720779711, 76469720779711, 76469720779711, 76469586561983, 76469586561983, 76469586561983, 76469586561983, 76469586561951]
[76469687225279, 76469687225023, 76469687225023, 76469687225023, 76469687225023, 76469687225023, 76469687229119, 76469687229119, 76469687229119, 76469687229119, 76469687229119, 76469687229375, 76469687163839, 76469687163839, 76469687163839, 76469687163839, 76469687163839, 76469687163839, 111654059252671]
[76469687225279, 76435327486911, 76435327486911, 76435327487935, 76435327487935, 76435327487935, 76435327487935, 76435327487935, 76435327487935, 76435327487935, 357910304198591]
[76538406702015, 76538406702015, 76675845655487, 76675845655487, 76675845655487, 76675845655487, 76675845655487, 76675845655487, 76675845655487, 217413334010815]
[76469687225279, 76469687225279, 76469687225279, 76469687224767, 76469687224767, 76469687224767, 76469687224767, 76471834708415, 111656206797247]
[76469687225279, 76469687225279, 76469687225279, 76469687225279, 76469687225263, 75370175597487, 75370175597487, 75370175597487, 75370175597487, 75370175597487, 75370175597487, 75370175597487, 75370175597487, 75370175597487, 75370175597487, 75370175597487, 75370175601583]
[76469687225023, 76469687225023, 76469687225023, 76469687225023, 76469687225023, 76469687225023, 76469687225023, 76469687225023, 76469687225023, 76469687225007, 76469687225007, 76469687225007, 76469687257775]
[76469687225279, 76469687225279, 76469687225279, 76469687225279, 76469687225279, 78668710480831, 78668710415295, 78668710415295, 78668710415295, 78668710415295, 78668710415295, 78668710448063]
[76469687225279, 76469687224767, 76469687224767, 76469687224767, 76469687224767, 76469687159231, 76469687159231, 76469687159231, 76469687159231, 76469687159231, 76469687159231, 76469687159231, 76469687159231, 76469552941503]
[76469687225279, 76469688273855, 76469688208319, 76469688208319, 76469688208319, 76469688208319, 76469688208319, 76469688208319, 76469688208319, 76469688209343]
[76469687226303, 76469687226303, 76469687226303, 76435327487935, 76435327487935, 76435327487935, 76435327487935, 76435327492031]
[76473982192575, 76473982192575, 76473982192575, 76473982192575, 94066168236991, 94066168236991, 94066168236991, 94066168236991, 89668121725887]
[76469687225279, 76473982192575, 76473982192575, 76473982192575, 76473982192575, 76473982192575, 76473982192575, 76473982192575, 76473982192575, 76473982192575, 76473986386879, 76473986386879, 76473986386879, 76473982192575, 76473982192575, 76473982192575, 76473982192575, 76473982192575, 76473982192575, 76473982192575, 76473982196671, 76473982196671, 76473982196671, 76473982196671, 76473982196671, 76473982196671, 76473982196671, 76473982196671, 76473982196671, 76473982196671, 76473982196671, 76473982196671, 76473982196671, 76473982196671, 76473982196671, 76473982196671, 76473915087807]
[76469687225279, 94061873269695, 94061906824127, 94061906823615]
[76469688273855, 75370176646079, 75370176646079, 75370176645567]
[76469687225279, 76469687225279, 76469687225279, 76469687225279, 76469687225279, 76471834708927, 76471834708927, 76471834708927, 76471834708927, 76471834708927, 76471834708927, 76471834708927, 76471834708927, 76471834709951, 76471834709951, 76471834709951, 76471834709951, 78670857965503]
[76469687225279, 76469687225279, 76469687225279, 76469687226303, 76469689323455, 76469689323455, 76469689323455, 76469689323455, 76469689323455, 76469689323455, 76469689323455, 76469689323455, 76469689323327]
[76469687225279, 76469687225279, 76469687225279, 76469687225279, 76469687159743, 76469687159743, 76469687159743, 76469687159743, 75370175531967, 75370175531967, 75370175564735]
[76469687225279, 76469687225279, 76469687225279, 76469687225279, 76469687225279, 76469687225279, 76469687225279, 76469687225247, 76469687225247, 76469687225243, 76469687225243, 76469620116379]
[76469687225279, 76469687225279, 76469687159743, 76469687159743, 76469687159743, 76469687159727, 76469687159727, 76469687159727, 76469687159727, 76469691354031]
[76469687225279, 76469687225279, 76607126178751, 76607126178751, 76607126178751, 76607126178751, 76607159733183, 76607159733183, 76607159733183, 76607159733183, 76607159733183, 76607159733183, 76607025515455]
[76469688273855, 76469679885247, 76469679885247, 76469679885247, 76469679885247, 76469679885247, 76469679885247, 76469679885247, 76469688273855, 76469688273855, 76469688273855, 76469688273855, 76469688273855, 76469688273855, 76469688273855, 76469688273855, 76469554056127, 76469554056127, 76469554055615]
[76469687225279, 76469687225279, 76469687225279, 76469687229375, 76607126182847, 76607126182847, 76607126182847, 76607126182847, 76607126182847, 76607126182847, 76607159737279]
[76469687225279, 76607126178751, 76607126178751, 76607126178751, 76589946309567, 76589946309567, 76589946309567, 76589946309567, 76589946309567, 76589946317759]
[76469687225279, 76469687225279, 76469687225279, 76469688273855, 76469688273855, 75370176646079, 75370176646079, 75370176646079, 75370176646079, 75370175597503, 75370175597503, 75378765532095, 75378765532095, 75378765532095, 75378765532095, 75378765532095, 356853742242751]
[76469687225279, 76469687225279, 76469687225279, 76469687225279, 76469687225279, 76469687225279, 76469687225279, 76469620116415, 76469620116415, 76469620116415, 76469620116415, 76469619592127, 76469619592127, 111653991680959]
[76469687225279, 76469691419583, 76469691419583, 76469691419583, 76469691419583, 76469691419583, 111654063508415, 111654063508415, 110554551880639]
[76469687225279, 76469687225279, 76469687225279, 76471834708927, 76471834708927, 76471834708927, 76471834708927, 76471834708927, 76471834708927, 76471834708895, 76540554185631]
[76469687225279, 76452507356095, 76452507356095, 76452507356095, 76452507356095, 76452540910527, 76452540910527, 76452540910495]
