,NFYC,STAT2,SIX4,FOS,ETS1,NCAM1,NFIB,HSF2,RORA_RORB,SIX1,NFIX,ESR1,JUN,SOX9,RUNX1,PKNOX2,ASCL1,FOXO3,TCF7L1,STAT1,TEAD1,BACH1,CUX2,EHF,ZBTB20,ZEB1,NR6A1,EPCAM,TFDP1,THRB,GRHL2,CREB1,JUNB,KMT2A,RBPJ,SMAD3,NFIA,PROX1,TBX15,TCF4,BACH2,NFATC2,JUND,LMX1B,NFKB1,MEIS2,TCF7L2,REST,PBX1,SOX11,ICAM1,HES1,EGR1
NFYC,0.7654716230395638,,,,,,,,,,,,,,,,,,,,,,,,,,,,,,,,,,,,,,,,,,,,,,,,,,,,
STAT2,,,,,,,2.2043298857580127,,,,,,,,2.840596184826369,,,,4.835517302075123,,1.9982953114340383,,,,,,,,,,,,,,,,3.1246378902071603,,,,,,,,,,,,,,,,
SIX4,7.2803966328856236,,,,,,,,,8.97637521239948,7.226466154751276,,,,,,,,4.658400294482659,,6.517733557590096,,,,,,,,,,,,,,,,,,,,,,,,,,,5.440149912916739,,,,,
FOS,,,,,,,,,5.217175090618482,,,,13.139792484452267,,5.443041449009066,,,,,,4.969205222459266,,,,,,,,,,,,,,,,,,,,,,,,,,,4.285878081161192,,,,,6.5836861991765705
ETS1,,,,1.8751454768233193,,,,,,,1.4351341445957315,,,,,,,,,,,,,,,,,,,,,,,,,,,,,3.962144509773727,1.903934760597318,,,,,,,,,,,,
NCAM1,6.101108836973957,,,,,,,,,,8.397418211180415,,,,3.7586870050200574,,,,,,,,,,,,,,10.188298403183406,,,,,,,,7.667735529705294,,,,,,,,,6.9533317247081206,,,,,,,
NFIB,,,,,,,,5.997347401209829,,,,,,,,,8.713759982621244,,6.112843722228361,6.6028227233483,,,,,,,,,,8.244797924925477,,,,,,,,,,8.421221922269556,,,,,,,,,,,,,
HSF2,4.855431358545721,,,,,,,,,,,,,,,,,,,,4.752738886084167,,,,,5.463530386131142,,,9.957069559139972,,,,,,,,,,,8.870530363693055,,,,,,,,,,,,,5.03805323431215
RORA_RORB,,,,,,,,,,,,,,,,,7.174521566154634,3.718826178785002,,,,,,,,,,,,,3.7266831660913207,,,,,,3.1661741132023216,,,,,,,4.462241954596522,,,,,,,,,
SIX1,,,,,,,,,5.720333336130593,,,,,,1.9105956521239724,,,,,,,,,1.6646162082739113,,,,,,,,,,,,,,,,5.887986397719661,,,,,,,,3.419966308516848,,,,,
NFIX,,,,,,,,3.45091159686424,2.937212582618614,,,,,,3.1114278002903335,,,,,3.1401343104225568,,,,,,,,,,,,,,,,,,,,,,5.482391872788626,,,,,,,,,,,
ESR1,,,,,,,,,,,,0.7137045810919235,,,,,,,,,,,,,,,,,,,,,,,,,,,,,,,,,,,,,,,,,
JUN,,,,10.511742436016092,,,,,,,,,,,3.835405189153568,,,,,,,,,3.930738447429915,,,,,,,,,7.979375848294791,,,,,,,11.553189121103637,,,,,,,,,,,,,5.246685127876959
SOX9,,,,,,,,,,,,,,0.7345766715518603,,,,,,,,,,,,,,,,,,,,,,,,,,,,,,,,,,,,,,,
RUNX1,,,,4.636619288853766,,,,,,,,,,,,,,,,8.156429071599927,4.428214958118368,,,,,,,,,,,,,,,,,,,,,,4.205877802476498,,,,13.586085783213996,,4.1962570234003,,,,
PKNOX2,,,,,,,,,,,,,,,,,,,2.8126995451297585,3.357197800017576,,,,,,,,,,,,,,,4.8083648013533455,,,,,,,,,,,,3.3729253406240396,5.532389350813055,,,,,
ASCL1,,,,,,,,,7.874216771422235,9.957369020394715,,,10.08764542537082,,,,,,,,,,,,,,,,,,,,,,,,,,,,,,7.3266347995876115,,,,,,,,,6.4848989494486755,5.632050536737527
FOXO3,,,,2.0593838289562867,,,,,2.8479247784703974,,,,,3.0923937775256847,,,,,,,,,,,,,,,,,,,,,,,,,,,,,,,,1.849609237018195,,,,,,,
TCF7L1,,,,,,,6.000406150330725,,,,,,,,4.1410756621571085,,4.596402907123461,,,,,,,6.096804437861233,,,,,,,,,,,,,8.366078829861367,,,,,,,,,,,6.562217017749043,,,,,
STAT1,,,,,,,,,,,,,,,,,,,,0.7206131566008432,,,,,,,,,,,,,,,,,,,,,,,,,,,,,,,,,
TEAD1,,,,,,,12.676136484982532,,,,,,,,3.4848275907917974,,,,,,,,,2.8587794036986196,,,,,,,,,,,,,,,,12.088435310440381,,,,,,,,,3.3974856925452666,,,,4.874788897952953
BACH1,,,,,,,,,,,,,,,1.6775449801720863,,,,,,5.205394351610897,,,3.025349472817975,,,,,,,,,,,,,,,,6.117720911231864,,,2.0127330858604595,,,,,,,,,,
CUX2,,,,,,,8.168254142134264,,4.334264128231091,,,,,,6.476078072836811,,,,,,,,,5.465355784117401,,,,,7.256451254767573,,,,,,,,,,,,,,,,,9.579487057441211,,,,,,,
EHF,,,,,,,0.3423570006485138,,,,,,,,1.0440781704619186,,,,,,,,,,,,,,,,,,,,,,,,,,,,,,,,,,,,,,
ZBTB20,,,,,5.752110369526582,,,,,,,,7.603508813398465,,,,,,,,,,,,,,,,,,,9.340220416916376,,,,,5.513641010767982,,7.7375909095040525,,,,7.980471141492863,,,,,,,,,,
ZEB1,,,,,,,,,,,,,,,,,,,,,,,,,,0.7352758770600663,,,,,,,,,,,,,,,,,,,,,,,,,,,
NR6A1,,,,,,,,,,,,,,,,,,,,,,,,,,,0.7829863577242777,,,,,,,,,,,,,,,,,,,,,,,,,,
EPCAM,,,,6.239776359153369,,,,,,,,,5.835769720053941,,,,,,,5.2214056859083815,,,,,,,8.767819301250007,,,,,,,,,,,,,11.772101611489381,,,,,,,,,,,,5.094788091491979,
TFDP1,,,,,,,,,,,,,,,,,,,,,,,,,,,,,0.7552929518214624,,,,,,,,,,,,,,,,,,,,,,,,
THRB,,,,,,,,,,0.5676163152804365,,,,,,,,,,,,,,,,,,,,,,,,,,,,,,,,,,,,,,,,,,,
GRHL2,,,,,,,2.779119367109886,,,,,,,,0.8007816475831869,,,,,,,,,,,,,,,,,,,,,,2.659801213119212,,,2.6572767172753107,,,,,,,,,,,,,
CREB1,,,,,,,,,,,,,,,,,,,,,,,,,,,,,,,,0.8442301527613707,,,,,,,,,,,,,,,,,,,,,
JUNB,,,,,,,,,,,,,,,,,,,,,1.2608787794653917,,,,,,,,,,,,,,,,,0.8993747984521188,,,,,,,,,,,,,,,1.5828850285890184
KMT2A,,,,,,,,,,,,,4.980054632699506,,,,,,,6.927648505802917,,,,,,,,,,,,,,,,,,,,,,5.4493498019483315,6.93984523334525,7.3493256820673585,,,,,,,,,5.597628062129245
RBPJ,,,,,,,,,,,,,,,,,,,,,,,,,,,,,,,,,,,0.8033016345108884,,,,,,,,,,,,,,,,,,
SMAD3,,,,,,,,,,,,,,,3.8628621254837725,,5.320822308601751,,,,,,,3.4314345446684373,,,,,,,,,,,,,,,,,,,,,,,,3.981119803867629,3.5050132161660623,,,,
NFIA,,,,,,,6.848889825035327,,,,,,,,7.005374650265964,,,,,8.266772344507428,,,,5.247844098527264,,,,,,,,,,,,,,,,6.621510761408588,,,,,,5.508982691789023,,,,,,,
PROX1,,,,,,,,,,,,,,,,,,,,,,,,,,,,,,,,,,,0.8731202355588666,,,,,,,0.9206833398808154,,,,,,,,,,,
TBX15,,,,,,,,,,10.343771277449427,9.078084860655418,2.955752679517862,,,,,,,,,,,,,,,,,,,6.045323517870474,,,,,,4.707559423261976,,,,,7.297912147256209,,,,,,,,,,,
TCF4,,,,,,,,,,,,,,,,,,,,,,,,,,,,,,,,,,,,,,,,0.7705246241894069,,,,,,,,,,,,,
BACH2,,,,,,,0.8867410432442581,,,,,,,,,,2.0018402001696125,,,,1.0130609359804215,,,,,,,,,,,,,,,,,,,,,,,,,,,,,,,,
NFATC2,,,,,,,,,,,,,0.30613040610801423,,,,1.079084941625585,,,,,,,,,,,,,,,,,,,,,,,,,,,,,2.033855799311244,,,,,,,
JUND,,,,,,,,,,,,,,,,,,,,,,,,,,,,,,,,,,,,,,,,,,,0.7263591641774437,,,,,,,,,,
LMX1B,,,,,,,,,,,,,,,,,1.4500206145120846,,,,,,,,,,,,,,,,,,,,,,,,,,1.5257013511611202,,,3.6798001835848635,,,,,,,1.6237774810853107
NFKB1,,,,,,,2.75888090956491,,,,,,,,0.9191366730456423,,3.477008015287436,,,,,,,1.7235310285755145,,,,,,,,,,,,,,,,,,,,,,,,,,,,,
MEIS2,,,,,,,,,,,,,,,2.517757899172626,,1.3972596867670373,,,,,,,,,,,,,,,,,,,,,,,,,,,,,,,2.6632210669065715,,,,,1.8471473009187822
TCF7L2,,,,,,,,,,,,,,,,,,,,,,,,,,,,,2.9002552625205014,,,,,,,,4.5260620101055515,4.0310371736610415,,,,,,,,3.5930424986266845,,,,,,,1.0498340818307668
REST,,,,,,,,,,,,,,0.7491715693427432,,,2.2604332983277544,,,,,,,,,,,,,,,,,,,,,,,,,,,,,,,,,,,1.050906823076871,
PBX1,,,,,,,1.6109880481353585,,,,,,,,1.4302713225458408,,1.9706598719689317,,,,,,,2.4433556169590918,,,,,,,,,,,,,,,,,,,,,,,,,,,,,
SOX11,,,,,,,,,,,,,1.6891527819683267,,,,,,,,,1.936801818277157,,,,,,,,,,2.5936913910218125,,,,2.122479379508067,,,,,,,,,,,,,,,,,
ICAM1,,,,,,,,,4.791485458823454,,,,,,11.434244958289316,,,,,4.059908155359034,,,,,,,,,,,,,,,,,5.3696862499642855,,,,,,,,,7.054472337522947,,,,,,,3.235619560635231
HES1,,,,,,,3.0437514031428403,,2.8706071683438936,,,,,,5.908820232540624,,3.139298645895263,,,,,,,,,,,,,,,,,,,,,,,,,,3.8378440809687215,,,,,,,,,,
EGR1,,,,,,,4.95155378148166,,4.965675662927422,,,,,,5.510065300607859,,,,,,,,,,,,,,5.085188823799308,,,,,,,,,,,,,,5.951112797683761,,,10.685691913011256,,,,,,,
