Cell,ASCL1,CD44,CREB1,CUX1,CUX2,EGR1,EHF,EPCAM,ESR1,ETS1,FOS,FOXO3,GRHL2,HSF2,ICAM1,JUN,JUNB,JUND,KMT2A,LMX1B,MEIS2,NCAM1,NFATC2,NFIA,NFIB,NFIX,NFKB1,NR3C2,PBX1,PKNOX2,PPARG,PRDM16,PROX1,RARB,REST,RORA,RORB,RUNX1,SIX1,SIX4,SMAD3,SOX9,SP100,STAT1,TBX15,TCF12,TCF4,TCF7L2,TEAD1,ZBTB18,ZBTB20,ZBTB7A,ZEB1
RU1311A_T_1_192650300221292,0.6323915662915699,0.7285699132778916,1.0,0.7890722575782243,0.06667044631361199,1.0,0.603100592924779,0.9580499974258995,1.0,0.8020801164462811,1.0,1.0,1.0,1.0,0.0716651053395803,1.0,1.0,1.0,0.9965174809847192,0.4398471608500031,0.9167530464906306,0.9816820210353975,0.9242377764517427,0.6436612573248311,0.5325817479874424,0.15093434147609994,1.0,1.0,1.0,0.3095024572270514,1.0,0.7212205839335069,0.9202279953357552,0.1931276611837993,1.0,1.0,1.0,1.0,1.0,0.8828164301234682,0.4987307089164923,1.0,1.0,0.9950037467735332,0.3998704613348225,0.6563369901866811,0.9969119837550297,1.0,0.7996718588724496,0.8515376014932803,1.0,1.0,1.0
RU1311A_T_1_129447721126238,1.0,0.06341254493725039,0.9815976036821468,1.0,0.0,0.9799325783423789,1.0,1.0,0.5731861776983297,1.0,0.9899010596469445,0.758942377959423,0.8661658330851737,0.8755461017077398,0.22057537209996814,1.0,0.9324111609797922,0.9851045875209599,0.9945375901985227,1.0,1.0,1.0,1.0,1.0,1.0,0.7925190803741929,1.0,0.2667030027878503,0.9944068494821917,0.15657827884356496,0.5210372509889001,1.0,1.0,1.0,0.25118975734620536,0.7840605838595585,0.9405326535342959,0.9271638953789293,0.9671277615961297,1.0,1.0,0.8696357438721517,1.0,1.0,1.0,1.0,1.0,0.8267643956680849,1.0,1.0,1.0,0.9885505081097665,0.8754769650066675
RU1311A_T_1_226821206858998,1.0,0.3635846141387195,0.9987555393690981,0.920803596264617,0.0743165863083853,0.7423864851521037,1.0,1.0,0.15579254298246534,1.0,0.8369796589135549,0.7154838382373624,0.8388882900004423,0.968157708773827,1.0,0.9066776531239974,0.7539620570279592,0.9337014504835256,1.0,1.0,1.0,1.0,0.7679121287355124,1.0,1.0,1.0,0.8408318541456171,0.34051693899182206,0.923105969352559,1.0,0.213898570588698,1.0,1.0,1.0,1.0,0.2928556471877684,0.6471303776129707,0.7762491815066348,0.8958554727000978,1.0,1.0,0.7921312016394542,0.6827339817618573,1.0,0.7797387159588652,1.0,1.0,0.5586788875560977,1.0,1.0,0.78409087625323,0.8812791189113584,0.813584067513349
RU1311A_T_1_160381168897459,0.0,1.0,0.0,0.0,1.0,0.013780658513661085,0.0,0.0,0.0,0.0,0.11212668294456438,0.0,0.0,0.0,0.0,0.08106471961639838,0.06053284040493608,0.0,0.03688226724064903,0.0,0.0,0.10225476758106977,0.0,0.0011610094316672913,0.0,0.5040272015846858,0.0,1.0,0.0,0.05317665204593724,0.0,0.8036657472990273,0.0,0.5034877207129251,0.0,0.0,0.0,0.0,0.0,0.001266112915407738,0.0,0.00635862275669885,0.0,0.0,0.0,0.0,0.0,0.0,0.0,0.0,0.0,0.0,0.0
RU1311A_T_1_195617048878299,0.5295298611512632,1.0,0.8267718111084772,0.7503967175147134,1.0,0.9322896517138252,0.509496857048676,0.6518844410481992,1.0,0.6363190001567787,0.9474585135190676,1.0,0.8768333950593551,1.0,1.0,0.9190978060557218,0.9418428236318844,0.9686181229885986,1.0,0.4642041461159336,1.0,1.0,0.7658153183336829,1.0,0.5704190976329665,1.0,0.8683060517324164,1.0,0.7421554982668139,1.0,1.0,1.0,0.7615098477429612,0.37410799044318843,1.0,1.0,0.7726346893073717,0.9731470309479638,0.8586869942875066,0.7614817927281174,1.0,1.0,0.9292795198552319,0.8503357925474719,1.0,0.48399784382276967,0.9466854926324124,1.0,0.8873798494770289,0.7967616715778854,1.0,0.8761665864821556,1.0
RU1311A_T_1_161342014319974,0.0,1.0,0.0,0.0,1.0,0.0,0.0,0.0,0.0,0.0,0.0,0.0,0.0,0.0,0.0,0.0,0.0,0.0,0.0,0.0,0.17625366903292572,0.0,0.002961182484213195,0.0,0.0,0.9444979508781449,0.0,0.7272358803642207,0.0,0.19851095547133568,0.0,1.0,0.0,0.0,0.0,0.0,0.0,0.0,0.0,0.0,0.0,0.0,0.0,0.0,0.0,0.0,0.0,0.0,0.0,0.0,0.0,0.0,0.020023330543400625
RU1311A_T_1_169640025078069,1.0,0.17268240461652087,1.0,0.9930007515307384,0.0,1.0,1.0,1.0,0.49493545197993666,1.0,0.9858907568735161,0.9188056589390552,1.0,0.8225669692817342,1.0,1.0,1.0,0.9963159941161837,0.9535029868430532,1.0,0.9264049719395641,0.9976152668424703,0.9341023776852023,0.9686846678711514,1.0,0.390948894083264,1.0,0.7014100139768151,1.0,0.7146648018000632,0.9164351769162858,0.3413673267298865,1.0,1.0,1.0,0.7728962774655475,1.0,1.0,1.0,1.0,0.6684019056550913,1.0,0.9824762132387576,1.0,0.5473055842787347,1.0,1.0,0.9534425717285188,1.0,1.0,0.9681407963595842,0.9800898263404881,0.894491495090755
RU1311A_T_1_228058962508205,0.0,0.0,0.0,0.047984876165853306,0.04097108068461208,0.0,0.0,0.13678921672435698,1.0,0.0,0.0,0.0,0.24318219165418645,0.0,1.0,0.0,0.0,0.0,0.0,0.08713604063308135,0.0,0.0,0.0,0.0,0.0,0.0,0.0924727575459424,0.0,0.0,0.992961184358368,0.5441698140134078,0.0,0.0,0.10745637421768195,1.0,0.10168036425742931,0.0044173511033555974,0.0,0.0,0.0,1.0,0.0,0.05139056254096164,0.007396543923402986,0.0,0.12387977416635536,0.0,0.0,0.0,0.0,0.0,0.0,0.0
RU1311A_T_1_231161124051811,1.0,0.2742638452246784,0.7940610830229078,1.0,1.0,0.5872557121930081,1.0,0.8844129293828639,0.5102511806939095,0.3266562173163471,0.757352224796661,0.21938117693883383,0.12032312791862404,1.0,0.0,0.7439704184074278,0.48082189464399905,0.8021136496223694,1.0,1.0,1.0,1.0,0.9104561048335997,1.0,1.0,1.0,0.7341627219096636,0.7931342507516151,0.45840429153007267,1.0,0.25226305419360673,1.0,0.9089889607483841,0.491893333427552,0.0,0.8859635405031053,0.5180840353199824,0.14502494680547404,0.5830659074135646,0.6426449732594014,1.0,0.24658148303932545,0.9163893795368909,1.0,1.0,1.0,0.8145470963085294,0.3124539927663433,1.0,0.8527806798474324,0.9690737242601138,0.7811006669731241,0.7155610642360745
RU1311A_T_1_231151729501981,1.0,0.0,1.0,1.0,0.0,1.0,0.9960630474569196,1.0,0.6829191742436056,1.0,1.0,1.0,1.0,0.8584843729020893,0.04837299021273335,1.0,1.0,1.0,0.9519735597618116,1.0,0.7479527987540171,0.9400875938050143,1.0,0.3789433522522668,1.0,0.0,0.9971912383489431,0.39715994168020813,1.0,0.0,0.8439435710629336,0.07804241638960199,1.0,1.0,0.41174113681006097,0.9807599715168297,1.0,1.0,1.0,1.0,0.0,1.0,1.0,0.9684934875843897,0.5777804972635269,1.0,1.0,1.0,0.9743418033404272,1.0,0.9696772420514358,1.0,0.9825026382883416
RU1311A_T_1_125050602011932,1.0,0.1651219755840168,0.9964969654937487,1.0,0.0,1.0,1.0,1.0,0.7271118069765528,1.0,1.0,1.0,1.0,0.8878339640443469,0.3425397810737326,1.0,1.0,1.0,0.9583482753873225,1.0,0.8156981383463172,0.9475478203403338,1.0,0.5737084052546619,0.9922882487007173,0.0,0.9973276343389258,0.6222515782246115,1.0,0.0,0.9316456645097012,0.29892284073899134,1.0,1.0,0.3854946587770637,0.9959386491027662,1.0,1.0,1.0,1.0,0.15456563357126302,1.0,1.0,0.9795366823896391,0.7945852000620816,1.0,0.9925674238584723,1.0,0.9940205740554748,1.0,0.9747199271969995,1.0,0.9657364464794146
RU1311A_T_1_197211702119134,0.8727653656137921,0.6805572909705029,0.9943551315903199,0.9503270372422314,0.0,1.0,0.8191528245911216,1.0,0.9051278049872856,1.0,1.0,1.0,1.0,0.9214885247392752,0.35876699941708706,1.0,1.0,1.0,0.9783568778422291,0.710641793583306,0.826833471268696,0.958872968892118,1.0,0.46095338051642865,0.7735255652934966,0.11800826055414515,0.9865306729843493,1.0,1.0,0.29263568145993546,1.0,0.43039000914196335,1.0,0.6953069042587866,0.5931054773363716,1.0,1.0,1.0,1.0,1.0,0.032819633917425026,1.0,1.0,0.9858330706978654,0.534310314146176,0.8704712807016108,1.0,1.0,0.9256414161345475,0.9559436253543855,1.0,1.0,1.0
RU1311A_T_1_170869459372789,0.19134419766552105,1.0,0.0711634463900165,0.0,1.0,0.0,0.0,0.0,0.0,0.0,0.0,0.01564120153091245,0.0,0.37659508012352255,1.0,0.0,0.0,0.0845911038108163,0.01530835013962486,0.052414177357296435,0.05676796134094639,0.10766793633588688,0.04024318479446262,0.8655245982510238,0.08902733496605751,1.0,0.0,0.0,0.0322383151608448,1.0,0.0,0.0,0.020513440470886466,0.0,0.0,0.0,0.0,0.0,0.05580595530348575,0.010305571380742532,0.0,0.0,0.0,0.0,0.9774670969085785,0.0,0.1369370024454008,0.0,0.15510686304532856,0.037342327966980164,0.0,0.041253402705240465,0.012809374306425918
RU1311A_T_1_191139711249243,0.9194226314168256,0.6640099504116003,0.9649883040957901,0.9583330792149425,0.007641107579815036,0.9902562236314955,1.0,0.9964335382730124,0.9533477540625811,0.9112369986406466,1.0,0.9715827022965295,0.9119670190541992,0.9562918286185029,0.5904649259573914,1.0,0.9936802943242737,1.0,0.9997259834890192,1.0,0.9503491122961457,0.9724667834428782,1.0,1.0,0.8646054242332942,0.5483908071533266,0.9674038062613104,1.0,0.9827894344871351,0.26565503419295916,1.0,0.930823602839925,1.0,0.7313495986438447,0.367800722703595,1.0,1.0,1.0,0.9761463179644242,0.9929409968263228,0.9860023843949643,0.9766627681562781,1.0,1.0,1.0,0.9150591107837988,0.927593575124611,1.0,1.0,1.0,1.0,1.0,0.9651679271298721
RU1311A_T_1_195613993588653,0.762388290269597,0.0,0.34336000352316653,0.10123331497353225,1.0,0.0,0.0,0.0,0.0,0.2961355050113929,0.0,0.11664837756038021,0.0,1.0,0.0,0.09117799461331187,0.009306736959670138,0.4702438451772455,0.2164958612502257,0.010750917043079587,0.4443389201869051,0.12586758421384792,0.10848464290036187,0.15703933508184872,0.7711507655925156,1.0,0.11408877329377737,0.0,0.018544786449614933,0.5851886574649101,0.0,0.0,0.1547462083360536,0.18079141003824617,0.0,0.0,0.0,0.0,0.12829702323810827,0.023194196781003186,0.0,0.0,0.0002702362746393623,0.3709204888671966,0.42855668258603263,0.35028367621048184,0.21366764008004668,0.009306821974784519,0.17763263499654092,0.17161710969996158,0.0,0.0023308136501603407,0.0
RU1311A_T_1_200923734297334,0.0,1.0,0.0,0.0,1.0,0.01884752606772504,0.0,0.0,0.0,0.017820964191277065,0.11276322733891599,0.05763356734172212,0.0,0.0,1.0,0.07502388968463235,0.09402933438717093,0.0,0.007647967175289298,0.0,0.0,0.0,0.0,0.0,0.0,1.0,0.0,1.0,0.0,0.6143389685248279,0.11716224436807797,1.0,0.0,0.05419586749748712,0.28637729237866216,0.0,0.0,0.07796761567952609,0.0,0.028410927296005417,0.0,0.054303165016289554,0.0,0.0,0.0,0.0,0.0,0.04213985472002678,0.0,0.0,0.02630369668396289,0.03035235618540107,0.05379204824775364
RU1311A_T_1_165714291447651,0.9540370463230231,0.25946459803910465,0.9924960632002726,1.0,0.0,1.0,1.0,1.0,0.7789801879442086,1.0,1.0,1.0,1.0,0.874814457231409,0.8255796560982657,1.0,1.0,1.0,0.953633125994329,1.0,0.8607037550426253,0.9160144295681106,1.0,0.6376506880904083,0.9352914404469401,0.0,1.0,1.0,1.0,0.06337088056828763,1.0,0.448130654228052,1.0,1.0,0.8280976315714002,1.0,1.0,1.0,1.0,1.0,0.2920237863193227,1.0,1.0,1.0,0.8687032280406992,0.9808060346645802,0.966735768940925,1.0,0.9768046745260244,0.9848489339497306,1.0,1.0,0.9686520726949704
RU1311A_T_1_133992889826604,0.0,1.0,0.0,0.0,1.0,0.0,0.0,0.0,0.0,0.0,0.0,0.0,0.0,0.0,0.8263407536198741,0.0,0.0,0.0,0.0,0.0,0.0,0.0,0.0,0.0,0.0,0.0,0.0,0.1525623737454701,0.0,0.0,0.06966442242059373,0.0,0.0,0.0,0.0,0.0,0.0,0.0,0.0,0.0,0.0,0.006712233462587241,0.0,0.0,0.0,0.0,0.0,0.0,0.0,0.0,0.0,0.0,0.0
RU1311A_T_1_164642025330470,0.0,0.0,0.0,0.0,0.004419751006913978,0.0,0.0,0.04895382204134115,1.0,0.0,0.0,0.0,0.06367454051374209,0.0,0.0,0.0,0.0,0.0,0.0,0.0,0.0,0.0,0.0,0.0,0.0,0.0,0.0,0.0,0.0,0.0,0.0,0.0,0.0,0.0,0.91576133140881,0.1524395422310498,0.0,0.0,0.0,0.0,1.0,0.0,0.0,0.0,0.0,0.015802579802778157,0.0,0.0,0.0,0.0,0.0,0.0,0.0
RU1311A_T_1_165926891600165,0.0735074102137339,1.0,0.03154154489702588,0.0,1.0,0.0,0.0,0.0,0.0,0.0,0.0,0.0,0.0,0.12272483986965808,1.0,0.0,0.0012093446560566407,0.0,0.0,0.0,0.0,0.026670050795707813,0.0,0.14363187409051567,0.02365016968114474,1.0,0.0,0.3521008764369779,0.003968518600592935,0.8974510887906136,0.0,0.0,0.0,0.0,0.0,0.0,0.0,0.0,0.0,0.0,0.0,0.0,0.0,0.0,0.41443934670542304,0.0,0.020212598690127377,0.0,0.0,0.0,0.0,0.0,0.0
RU1311A_T_1_161317559397109,0.834909828171126,0.11269126321883129,1.0,0.9128058341758956,0.0,1.0,0.8569867453531252,0.993194528301748,1.0,0.928475838846446,1.0,1.0,1.0,0.9804278737370546,0.0,1.0,1.0,1.0,1.0,1.0,0.9577757519479195,1.0,1.0,0.7664531453256709,0.7394704198620962,0.1621780368033201,1.0,0.9465321489493163,1.0,0.17552595684680125,1.0,0.7727620866132293,1.0,0.5072014365204307,0.5809055646740894,1.0,1.0,1.0,1.0,0.9702481881067044,0.7458784236751035,1.0,1.0,1.0,0.8915240298243854,0.8676012896070138,0.9914204151496931,1.0,0.9865422827049828,0.982921730346766,1.0,1.0,1.0
RU1311A_T_1_169245962333083,0.817951813052871,1.0,0.8097238699532086,0.7449442119592141,0.4009586333399904,0.8433622678437164,0.7494990590278107,0.799785505455513,0.8757320872588472,0.7096393302564101,0.8616101994353095,0.8414734812596052,0.6708522824730658,1.0,1.0,0.8524632737173011,0.8522491108538518,0.9157760267102543,0.8760059400088045,0.9696440161950869,1.0,0.8972765969708468,0.8825753484818202,1.0,0.7330866694686218,1.0,0.768859164958441,1.0,0.7368482701578764,1.0,1.0,0.4427778770173835,0.8415683072100228,0.531857578477863,0.23929256989014966,0.9151508657085801,0.7393618284325736,0.7704851361555445,0.7866661870721637,0.7617373173346815,0.5357633491321415,0.7712121016787403,0.8981498927699334,0.9159475413511704,1.0,0.6878274783577805,0.826887476793723,0.8658273694700077,0.9114014714292884,0.8403583868615414,0.8805886386842419,0.8043094660009528,0.8207898455792467
RU1311A_T_1_170672159374771,1.0,0.0,1.0,1.0,0.0,1.0,0.9611342064650837,1.0,0.6905257432891521,1.0,1.0,1.0,1.0,0.8627870885439994,0.09184164697164857,1.0,1.0,1.0,0.9467876197228204,0.9928752610054815,0.7346532272859355,0.9345396863197866,1.0,0.31180263210743175,1.0,0.0,0.9936800010463596,0.4065347323692306,1.0,0.0,0.9238354699745498,0.0,1.0,1.0,0.49006204390254693,0.9903336078368966,1.0,1.0,1.0,1.0,0.0,1.0,1.0,0.9751190518274774,0.5215343812838323,1.0,1.0,1.0,0.9440280945566839,1.0,0.960265446578837,1.0,0.9883189742624261
RU1311A_T_1_134378182262172,0.0,0.0,0.0,0.0,0.16992909234411466,0.0,0.0,0.0,1.0,0.0,0.0,0.0,0.0,0.0,0.2524820355110295,0.0,0.0,0.0,0.0,0.0,0.0,0.0,0.0,0.0,0.0,0.0,0.0,0.0,0.0,0.0,0.0,0.0,0.0,0.0,0.4414355169448331,0.0,0.0,0.0,0.0,0.0,0.4635586520430612,0.0,0.0,0.0,0.0,0.0,0.0,0.0,0.0,0.0,0.0,0.0,0.0
RU1311A_T_1_131174432139173,0.0,1.0,0.0,0.0,1.0,0.0,0.0,0.0,0.0,0.0,0.0,0.0,0.0,0.0,1.0,0.0,0.02715874198276112,0.0,0.0,0.0,0.0,0.0,0.0,0.0,0.0,0.13368291865971257,0.0,0.43162481611055165,0.0,0.0,0.15979657315045023,0.37400648424707744,0.0,0.09741605875836755,0.0,0.0,0.013747669364053224,0.0,0.0,0.0,0.0,0.023602684021811114,0.0,0.0,0.0,0.0,0.0,0.0,0.0,0.0,0.0,0.0,0.0
RU1311A_T_1_133992843004662,0.0,0.0,0.0,0.0,0.07757876876422595,0.03544228582089675,0.0,0.17106488894040986,1.0,0.0,0.0,0.0,0.3521064936759655,0.0,1.0,0.0,0.0,0.0,0.0,0.0,0.0,0.0,0.0,0.0,0.0,0.0,0.029325915770196876,0.52117552536857,0.0,1.0,0.0410984036296007,0.0,0.0,0.0,1.0,0.4469097279958908,0.008906208503616363,0.0,0.0,0.0,1.0,0.0,0.002855888684495158,0.0,0.0,0.07337757190546311,0.0,0.0,0.0,0.0,0.043324865679257384,0.0,0.0
RU1311A_T_1_169588473117404,0.0,0.0,0.0,0.0,0.041842477217342,0.0,0.0,0.07936403471885471,1.0,0.0,0.0,0.0,0.07989892785558993,0.0,0.0,0.0,0.0,0.0,0.0,0.0,0.0,0.0,0.0,0.0,0.0,0.0,0.0,0.0,0.0,0.0,0.0,0.0,0.0,0.0,1.0,0.16865207084485487,0.0,0.0,0.0,0.0,1.0,0.0,0.0,0.0,0.0,0.0,0.0,0.0,0.0,0.0,0.0,0.0,0.0
RU1311A_T_1_231754903968670,0.0,0.0,0.0,0.0,0.05669206526731753,0.0,0.0,0.0,1.0,0.0,0.0,0.0,0.0,0.0,0.0,0.0,0.0,0.0,0.0,0.0,0.0,0.0,0.0,0.0,0.0,0.0,0.0,0.0,0.0,0.0,0.0,0.0,0.0,0.0,0.26768852233930573,0.0,0.0,0.0,0.0,0.0,0.8227281408070961,0.0,0.0,0.0,0.0,0.0,0.0,0.0,0.0,0.0,0.0,0.0,0.0
RU1311A_T_1_191088273804140,0.6409803911209816,1.0,0.9167918203396643,0.7607730277407213,0.1879396086007404,0.939802970537419,0.7194706425188965,0.8518436958938198,1.0,0.648998200670048,0.9803428439924036,1.0,0.9721692231976387,1.0,0.8473439267050432,0.9526663927336028,0.9473058906385358,0.999795167867679,1.0,0.6593322547113468,1.0,1.0,0.8866754698951419,1.0,0.5506460360869816,1.0,0.9370495269605554,1.0,0.8313624733684724,0.8814777573478934,1.0,1.0,0.8803908846634168,0.22372875937412823,1.0,1.0,0.8437463251554779,1.0,0.9611236326991308,0.7942914803717429,1.0,1.0,1.0,0.9704321941410056,1.0,0.5958296947259161,0.9201725683595966,1.0,0.9320729727060887,0.8333488485103371,1.0,0.9051488333039073,1.0
RU1311A_T_1_126843079477675,0.2746848436657407,0.9558292332966599,0.049235001710981996,0.0,1.0,0.0,0.00853473748041356,0.0,0.0,0.027415859279961343,0.0,0.0,0.0,0.5467175095508218,0.0,0.0,0.0,0.019392018237662283,0.0,0.0,0.4338700440077939,0.0012387747706145537,0.0,0.1382263342548484,0.2296458473526189,1.0,0.0,0.0,0.026401111008692232,1.0,0.0,0.0,0.0,0.2681599084273223,0.0,0.0,0.008700569137427387,0.0,0.08264172027593487,0.0,0.0,0.0,0.0,0.09884378872055692,0.19989906039544403,0.0,0.3900449434878696,0.0,0.0,0.0,0.0,0.0,0.0
RU1311A_T_1_191697117362612,0.0,1.0,0.0,0.0,1.0,0.0,0.0,0.0,0.0,0.0,0.0,0.0,0.0,0.0,0.04450355052671753,0.0,0.0,0.0,0.0,0.0,0.0,0.0,0.0,0.0,0.0,0.4008172599797676,0.0,1.0,0.0,0.0,0.0,0.29204256558843256,0.0,0.0,0.0,0.0,0.0,0.0,0.0,0.0,0.0,0.0,0.0,0.0,0.0,0.0,0.0,0.0,0.0,0.0,0.0,0.0,0.0223724231333465
RU1311A_T_1_161384177817444,0.8111239108392141,0.2091414124193889,1.0,0.9122844034329448,0.0,1.0,0.761095380142237,1.0,0.9929903899593435,1.0,1.0,1.0,1.0,0.9367572675349001,0.014375342428915716,1.0,1.0,1.0,0.9627721887801985,0.609914241803596,0.7629529057176473,0.9324971330559947,1.0,0.32421144372847777,0.7382692693130757,0.0,1.0,0.8100813637071141,1.0,0.1188510135237157,1.0,0.17660194850663483,0.9921736644322502,0.5943592489838389,1.0,1.0,1.0,1.0,1.0,1.0,0.03247997583894094,1.0,1.0,0.9844342560762757,0.22109511764499093,0.8363599872286641,1.0,1.0,0.8467851495758203,0.9355463110747402,0.9976625653206366,1.0,1.0
RU1311A_T_1_160432796613877,0.0,0.0,0.0,0.0,0.22022818084368845,0.0,0.0,0.0,1.0,0.0,0.0,0.0,0.0,0.0,0.0,0.0,0.0,0.0,0.0,0.0,0.0,0.0,0.0,0.0,0.0,0.0,0.0,0.0,0.0,0.0,0.0,0.0,0.0,0.0,0.6793421129883568,0.009912528494800689,0.0,0.0,0.0,0.0,0.8116970267029643,0.0,0.0,0.0,0.0,0.0,0.0,0.0,0.0,0.0,0.0,0.0,0.0
RU1311A_T_1_226952068684083,1.0,0.0,1.0,0.8995549905667887,0.1242328507308657,0.6722659364431469,1.0,0.9974379640981121,0.03217159764346821,0.8670955985505067,0.82079007712377,0.5519377033194552,0.732832697321801,1.0,1.0,0.8920121032460804,0.64702582550062,0.9141580420238793,1.0,1.0,1.0,1.0,0.6944571376985095,1.0,1.0,1.0,0.7898257698368599,0.0,0.8532690525805057,1.0,0.09184569868282157,1.0,1.0,1.0,1.0,0.21890595328340276,0.5149215778513297,0.6054587271102705,0.8711997350812773,1.0,1.0,0.7489141138117466,0.7101761069589472,1.0,1.0,1.0,1.0,0.4069792985192397,1.0,1.0,0.8355094007765187,0.8653419080356924,0.7735871643392261
RU1311A_T_1_160301814565748,1.0,0.03361791620519274,1.0,1.0,0.0,1.0,0.9987585759251499,1.0,0.6933233013640694,1.0,1.0,1.0,1.0,0.8724074474954828,0.269563115785915,1.0,1.0,1.0,0.9548564807449218,1.0,0.7843679789113813,0.9480787931650068,1.0,0.4694619706791122,1.0,0.0,1.0,0.5377018472060815,1.0,0.0,0.9491330814282817,0.04343378760974427,1.0,1.0,0.5347143495762212,0.9803371676922868,1.0,1.0,1.0,1.0,0.03880079668451907,1.0,1.0,0.9871555794352554,0.6461515738356871,1.0,1.0,1.0,0.9791591886755009,1.0,0.9682109626801253,1.0,0.9743675696551443
RU1311A_T_1_122352301402421,1.0,0.0,1.0,1.0,0.03690065178782167,0.6099792007783845,1.0,0.8574679379265475,0.0,0.8448845320069382,0.8239450252706481,0.7032330342107882,1.0,1.0,1.0,0.8926966048291082,0.5971977260147214,0.975549943199167,1.0,0.4100032244868569,1.0,1.0,0.8390013774205519,1.0,1.0,1.0,0.5467277258787868,0.0,0.7257860520397742,0.5602516180687631,0.0,1.0,0.7805414510963717,1.0,1.0,0.38856597816831195,0.27867739923638574,0.6223128070007339,1.0,1.0,1.0,0.9915326001318855,0.42370218337129306,1.0,1.0,1.0,1.0,0.29166928896889155,1.0,1.0,0.8065442190490928,0.9046540403922717,1.0
RU1311A_T_1_195536664845030,0.5853070793489762,1.0,0.9669533991114975,0.7759670995376552,0.19631481756651997,1.0,0.5725789585460722,0.9387387379911349,1.0,0.7384985294985261,1.0,1.0,1.0,1.0,1.0,0.9868202572342051,1.0,1.0,0.9783706627792583,0.46072062660167235,0.9547244368970099,0.9462831480995542,0.8456069362008822,0.7419037236354158,0.5295419381896579,0.3726325141008747,1.0,1.0,0.970584562251398,1.0,1.0,0.9563501322197134,0.8744051664746907,0.20680765794392034,1.0,1.0,0.9997056177771813,1.0,0.9996195772463708,0.8361178511419928,0.5809678399103892,1.0,1.0,0.9710636911136938,0.4417158072924977,0.5974792511127873,0.9339839864345664,1.0,0.7805638072811606,0.8055297209357731,1.0,0.9532715322349338,1.0
RU1311A_T_1_204222283766574,0.0,0.0,0.0,0.0,0.1654325745384403,0.0,0.0,0.0,1.0,0.0,0.0,0.0,0.0,0.0,0.0,0.0,0.0,0.0,0.0,0.0,0.0,0.0,0.0,0.0,0.0,0.0,0.0,0.0,0.0,0.0,0.0,0.0,0.0,0.0,0.5576882687333633,0.0,0.0,0.0,0.0,0.0,0.6309083771977255,0.0,0.0,0.0,0.0,0.0,0.0,0.0,0.0,0.0,0.0,0.0,0.0
RU1311A_T_1_129567980378406,0.1572109651020006,1.0,0.08728596744229535,0.0,1.0,0.0,0.15545568969107562,0.0,0.0,0.0,0.0,0.0,0.0,0.21067302209396885,0.032289833529125386,0.0,0.0,0.0,0.009427146941910129,0.001789461050890409,0.21402335326814162,0.12423967988206215,0.0,0.0,0.13399192374510607,1.0,0.0,0.0,0.07960507213210226,1.0,0.0,0.0,0.0,0.7392162812370564,0.0,0.0,0.01192471247855801,0.010615141359334791,0.046545212693845664,0.013512471315073153,0.0,0.0,0.11471871849804188,0.13862381206684815,0.4550385550090282,0.0,0.11639151653076706,0.0,0.11851678355786043,0.03942658142826705,0.0,0.0,0.0
RU1311A_T_1_164750312031981,0.9232343625665453,0.19983608178509207,1.0,0.9856628154166269,0.0,1.0,0.9295130741052687,1.0,0.8691880380566259,1.0,1.0,1.0,1.0,0.9029416356987678,0.31785122825841206,1.0,1.0,1.0,0.9638263859984328,1.0,0.7814561588668999,0.9416132946203498,1.0,0.4920647010613015,0.8796915885204025,0.0,1.0,0.8083964268704878,1.0,0.12033799936471885,1.0,0.35771719407043756,1.0,0.8596063545443807,0.7109443277827083,1.0,1.0,1.0,1.0,1.0,0.20736377290009908,1.0,1.0,0.9817693008749097,0.5416395875910979,0.946402073880338,0.9950813169888666,1.0,0.9513672647688434,1.0,0.9932870066868854,1.0,0.992417329649539
RU1311A_T_1_231220211277222,0.24028678263996406,1.0,0.5595727898430362,0.6753129119620939,1.0,0.8150551509303968,0.34295892643334613,0.10498303726815589,0.5308757928864014,0.5815698880879265,0.7981820923099127,0.8301487741748542,0.3839054761065824,0.9727185389369096,1.0,0.758393487531096,0.7803160150299372,0.7758496484588796,1.0,0.2661136877470125,1.0,1.0,0.5054422331324576,1.0,0.5014455807774475,1.0,0.474891163001309,1.0,0.39945799562042866,1.0,1.0,1.0,0.4703811718493422,0.5351796055149983,1.0,1.0,0.4044324080164207,0.6167955292580697,0.6180273891654076,0.544024817889861,1.0,1.0,0.6659188280261393,0.5064158681864867,1.0,0.21550241899369899,0.7255785909228681,0.7045135134089793,0.760713263066226,0.5284823314842055,0.8596003839623468,0.6404815223316193,1.0
RU1311A_T_1_133837043428772,0.0,0.03351777437323904,0.0,0.0,0.7846352821186724,0.0,0.0,0.0,0.49206708341620004,0.0,0.0,0.0,0.0,0.0,0.0,0.0,0.0,0.0,0.0,0.0,0.0,0.0,0.0,0.0,0.0,0.0,0.0,0.0,0.0,0.0,0.0,0.0,0.0,0.0,0.0,0.0,0.0,0.0,0.0,0.0,0.0,0.0,0.0,0.0,0.0,0.0,0.0,0.0,0.0,0.0,0.0,0.0,0.0
RU1311A_T_1_191141961427357,1.0,0.32723324883091587,1.0,1.0,1.0,0.8219340618574816,1.0,0.7867476784342368,0.11823778939127547,1.0,0.8975269016902346,0.8396431769400378,0.7455775809782823,1.0,1.0,0.8840912859919128,0.6834259068712398,0.9344277758568637,1.0,1.0,1.0,1.0,1.0,1.0,1.0,1.0,0.8178400540547164,0.0,0.6537337842286044,1.0,0.09684609549222759,1.0,0.8181358289074832,1.0,0.0,0.6980047581218636,0.32649991147787416,0.4286762930797582,0.6838042606763582,0.8898916503178917,1.0,0.708534867838741,0.6256069642094724,1.0,1.0,1.0,1.0,0.31397083725264113,1.0,1.0,0.7971454732005947,0.699953789469695,0.8904860734658793
RU1311A_T_1_197280153327411,0.0,0.37138003735058933,0.0,0.0,1.0,0.09258199421960618,0.016043548645296318,0.0,0.0,0.0,0.21549303253403923,0.0,0.0,0.0,0.0,0.16489648101295243,0.12028085377724243,0.07457324522320938,0.04238623044976426,0.0,0.0046600294279178596,0.19405663142358465,0.0,0.19437881898047266,0.0,0.5867550272541443,0.0,0.9117209227173876,0.0,0.4486507210633347,0.0,1.0,0.0,0.47338683839240303,0.0,0.0,0.0,0.0,0.02785767595273363,0.0,0.0,0.0,0.0,0.0,0.10672240204543904,0.0,0.0,0.0,0.057238729921208875,0.0,0.014194716593225737,0.0,0.06502849298330707
RU1311A_T_1_232389382190955,1.0,0.10878373691542219,1.0,1.0,0.0,1.0,1.0,1.0,0.5990559318457022,1.0,0.9996251264531284,0.9603617038398605,1.0,0.872470640474955,0.423463904418987,1.0,1.0,1.0,0.969893627435292,1.0,0.833972624340681,0.9827658124238161,1.0,0.7083618785616914,1.0,0.13539237058061748,0.994341651251759,0.4646264580080252,1.0,0.37173094753619773,0.7502430567592303,0.45121321466314496,1.0,1.0,0.5738237055780913,0.8672571928173686,1.0,1.0,1.0,1.0,0.20435343153399826,0.9871378994840945,0.9494986023826778,0.9843144398336484,0.757264518932419,1.0,1.0,0.966099843507414,1.0,1.0,0.9685752373629353,1.0,0.9494515809762701
RU1311A_T_1_161326283835116,0.8318374899429382,0.8750778123977712,0.991062312568389,0.9151781219130927,0.03178654971658825,1.0,0.822136262361571,0.9848049235568752,1.0,0.9439970363732504,1.0,1.0,1.0,0.9643042726768551,0.3309019717465142,1.0,1.0,1.0,0.9913071252521759,0.8070979152095783,0.8638421308067662,0.9766269263498611,1.0,0.7311318335034735,0.7382095374772052,0.31257795894968826,0.9888282452840518,0.9243298424627049,1.0,0.6129075372603966,1.0,0.6149411603110825,0.9862787231950138,0.5399823226861109,0.6964929386185219,1.0,1.0,1.0,1.0,0.9827965915789708,0.44813779550846233,1.0,1.0,0.9926916486435041,0.7871272697470882,0.8331507896804685,1.0,1.0,0.9436289165316628,0.962668145413018,1.0,1.0,1.0
RU1311A_T_1_197254758939436,0.0,0.0,0.0,0.0,1.0,0.0,0.0,0.0,0.0,0.0,0.0,0.0,0.0,0.0,0.0,0.0,0.0,0.0,0.0,0.0,0.0,0.0,0.0,0.0,0.0,0.838943165214827,0.0,0.22878232145066002,0.0,0.0,0.0,0.0,0.0,0.0,0.0,0.0,0.0,0.0,0.0,0.0,0.0,0.0,0.0,0.0,0.0,0.0,0.05931755177706828,0.0,0.0,0.0,0.0,0.0,0.006989010418393293
RU1311A_T_1_125720916315500,1.0,0.0038682116575097574,1.0,1.0,0.0,1.0,1.0,1.0,0.7239575984617885,1.0,1.0,1.0,1.0,0.8989925336117365,0.31326882459357375,1.0,1.0,1.0,0.9809852447762998,1.0,0.9275300687102238,0.9827411659489653,1.0,0.6996330182109806,1.0,0.12294698254342241,1.0,0.5949460518645754,1.0,0.1424539328608455,1.0,0.2798200526160015,1.0,1.0,0.5843539492833664,1.0,1.0,1.0,1.0,1.0,0.2860723525349886,1.0,1.0,1.0,1.0,1.0,1.0,1.0,1.0,1.0,1.0,1.0,1.0
RU1311A_T_1_232252179929308,1.0,0.06563601278377897,0.9922391099597521,1.0,0.0,1.0,1.0,1.0,0.7678685601206094,1.0,1.0,1.0,0.9974537468808521,0.8946703258156562,0.16678851081710977,1.0,1.0,1.0,0.9774870249513855,1.0,0.8327112333251092,0.9790781769821301,1.0,0.6052810800432485,0.9615566425444024,0.01572418517699469,0.9758586980692624,0.6607387417014977,1.0,0.033950548145663985,0.962832737004756,0.6707516018865677,1.0,0.9900737539029956,0.19180128658116105,1.0,1.0,1.0,1.0,1.0,0.27564335417550617,1.0,1.0,0.9867681093855185,0.7445729679337433,1.0,0.9850756769753752,1.0,1.0,1.0,0.9934303995413248,1.0,0.9488106438747873
RU1311A_T_1_134517144303413,0.43082401709753376,0.874458209748272,0.2710721486315113,0.13868139252785322,0.6441849030768848,0.0,0.1901712006956812,0.0,0.0,0.08154735450960951,0.0,0.0689269460254448,0.0,0.30813299990146265,0.016294017757661514,0.0,0.0,0.2400486938402583,0.0,0.0,0.0,0.0,0.0573252117445025,0.12656771389243243,0.31002249085356437,0.5735126572189482,0.0,0.003831217553161219,0.11767654296859009,1.0,0.0,0.0,0.021248066504801693,0.0,0.0,0.0,0.0,0.15158614422075686,0.12105711525030317,0.0,0.0,0.007024547463319122,0.0,0.10351342129630442,0.0,0.0,0.05453748543751507,0.00919533467381976,0.23742099726261665,0.2830864115368246,0.0,0.0,0.0
RU1311A_T_1_226760930052020,0.3248223808173784,1.0,0.14588283409216343,0.07117436745018488,1.0,0.0,0.062351602079035326,0.0,0.0,0.04924431460114034,0.0,0.018448354327655413,0.0,0.24234969261832895,0.0,0.0,0.0,0.16224936955570118,0.011028956624705016,0.0,0.038047987539237584,0.004972330609335376,0.12344011971656402,0.30314299273373596,0.17583072014910822,0.8569768978857927,0.0,0.0,0.09520636325398965,1.0,0.0,0.0,0.010256214915047131,0.005581708863444469,0.0,0.0,0.0,0.042181583976631305,0.09462901468345263,0.0,0.0,0.0,0.0,0.05546396136835714,0.0,0.0,0.031203520767334604,0.0,0.17412674745039103,0.10228132586686413,0.0,0.0,0.0
RU1311A_T_1_236245142912219,0.0,0.0,0.0,0.23814250940503962,0.0,0.01815053791433255,0.0,0.3759178870557471,1.0,0.0,0.0,0.0,0.7276271936033036,0.0,0.0,0.0,0.0,0.0,0.0,0.05916943886255803,0.0,0.0,0.0,0.0,0.0,0.0,0.4539379384139226,0.0,0.0,0.0936471815571886,1.0,0.0,0.02498006962836849,0.0,1.0,0.5072256382505353,0.0,0.0,0.0,0.0,1.0,0.0,0.19199333901782148,0.08032264438988398,0.0,0.21555718208955857,0.0,0.0,0.0,0.0,0.07342468708476867,0.001453204547443995,0.0
RU1311A_T_1_130691267192678,1.0,0.0017619217235104706,1.0,1.0,0.0,1.0,1.0,1.0,0.614764260010484,1.0,1.0,1.0,1.0,0.8578462239832335,0.24573791602323833,1.0,1.0,1.0,0.9464436972260916,1.0,0.7638694292288002,0.9420547839369,1.0,0.4165605526136573,1.0,0.0,0.993476599878028,0.43437371404361474,1.0,0.0,0.6910832615234419,0.0,1.0,1.0,0.48233323874899575,0.9438486499433703,1.0,1.0,1.0,1.0,0.0,1.0,0.9794895728011317,0.9748081860496848,0.6675652084702571,1.0,1.0,1.0,0.9784969325488432,1.0,0.9584370783914004,1.0,0.9683912934998732
RU1311A_T_1_241055640275702,0.6422539660155059,0.7350336496104967,1.0,0.8053387964950321,0.0489502962594199,1.0,0.6315834608562277,0.9740285706963056,1.0,0.8098241140902297,1.0,1.0,1.0,1.0,0.2971174222295839,1.0,1.0,1.0,1.0,0.515011978860567,0.9307328088786657,0.9741332212310831,0.9319302829594491,0.6592413292906222,0.5478915451414108,0.14316264450300872,1.0,1.0,1.0,0.24065922352076974,1.0,0.8750784730460874,0.9297592972116813,0.23268072628445272,1.0,1.0,1.0,1.0,1.0,0.8932836819194433,0.5905938590389067,1.0,1.0,1.0,0.4720589141389809,0.679383165020494,1.0,1.0,0.8105818437019999,0.8564875954253294,1.0,1.0,1.0
RU1311A_T_1_204351803940139,0.0,1.0,0.0,0.0,1.0,0.002427830497462084,0.0,0.0,0.0,0.00023614349405599717,0.04249450632525718,0.03179924531432935,0.0,0.0,1.0,0.0,0.0419812228489852,0.0,0.0,0.0,0.0,0.0,0.0,0.0,0.0,0.696815240503984,0.0,1.0,0.0,0.0,0.2426607944740199,1.0,0.0,0.0,0.4530790984582803,0.0,0.0,0.0231735734707372,0.0,0.0,0.0,0.08781006997997834,0.0,0.0,0.0,0.0,0.0,0.0067525701816900955,0.0,0.0,0.0,0.0,0.05089542286925653
RU1311A_T_1_165926892424435,0.0,1.0,0.0,0.0,1.0,0.0,0.0,0.0,0.0,0.0,0.0,0.0,0.0,0.08382400970590766,0.0,0.0,0.0,0.0,0.0,0.0,0.1545506436940913,0.022839157718951848,0.0,0.0,0.0,1.0,0.0,0.0,0.007937598770480276,1.0,0.0,0.0,0.0,0.0,0.0,0.0,0.0,0.0,0.0,0.0,0.0,0.0,0.0,0.0,0.21760628419063302,0.0,0.03941171999770802,0.0,0.0,0.0,0.0,0.0,0.0
RU1311A_T_1_204842785422691,0.0,0.4247651293022956,0.0,0.0,1.0,0.0,0.0,0.0,0.901543718803622,0.0,0.0,0.0,0.0,0.0,0.0,0.0,0.0,0.0,0.0,0.0,0.0,0.0,0.0,0.0,0.0,0.0,0.0,0.0,0.0,0.0,0.0,0.0,0.0,0.0,0.08342952281204682,0.0,0.0,0.0,0.0,0.0,0.0,0.0,0.0,0.0,0.0,0.0,0.0,0.0,0.0,0.0,0.0,0.0,0.0
RU1311A_T_1_161394749532467,0.08011522538197462,0.9222063139895833,0.027431253699628635,0.0,1.0,0.0,0.0,0.0,0.0,0.0,0.038895390156581264,0.0,0.0,0.09535121889991346,0.0,0.002586770383803254,0.0,0.0,0.0,0.0,0.16333376607629044,0.07903578107767778,0.04533935175011005,0.0,0.13165584225921956,0.9928335853744227,0.0,0.027421325261085285,0.04484909047918445,0.2927457143489704,0.0,0.0,0.0,0.0,0.0,0.0,0.0,0.0,0.020137487821956797,0.0,0.0,0.0,0.0,0.0,0.08481938038925518,0.0,0.1418086452925775,0.0,0.11683379253089203,0.0,0.0,0.0,0.024126659651358108
RU1311A_T_1_192718917188891,0.7989464397501164,0.48707421498399,1.0,0.9064596867998576,0.0,1.0,0.7475583395199913,1.0,0.9821422472396191,0.9929633331732735,1.0,1.0,1.0,0.9390493278220374,0.305597625954239,1.0,1.0,1.0,0.9603087738044775,0.5938598488984103,0.7590142813788753,0.9217279772351713,1.0,0.36433058991888745,0.7119633687957095,0.0,1.0,1.0,1.0,0.29398888404438367,1.0,0.212504716943992,0.9809846753311521,0.5696280999591554,1.0,1.0,1.0,1.0,1.0,1.0,0.042674762032844316,1.0,1.0,0.9793682018184463,0.27402130283596826,0.813480126040228,0.999484731052014,1.0,0.8415348299487089,0.9169450797814804,1.0,1.0,1.0
RU1311A_T_1_165395408501038,1.0,0.678726809994391,0.9513066926424453,1.0,0.068057869887698,0.965146962183743,1.0,1.0,0.7497811324522097,1.0,0.9776585281807236,0.8721361834104824,0.8919153973307373,0.9236906790305194,1.0,0.9835788815154742,0.951509467849732,0.9872658637667434,0.9831352276668562,1.0,0.929659680835891,0.9783691007014095,1.0,1.0,1.0,0.6428519311968336,0.9959291346180608,1.0,0.9811700438833347,0.7167008274507117,0.8679232825763367,1.0,1.0,1.0,0.5034622422247098,0.8671163483640623,0.9556131065598699,0.9558791283604307,0.941225902949173,1.0,1.0,0.9014562661046415,0.9936460381486865,0.9812421311082766,1.0,1.0,0.9494289026227366,0.905535031573065,1.0,1.0,1.0,0.9847807348008126,0.8771353268205994
RU1311A_T_1_134043605035371,0.9433554431349996,0.040678793095109564,1.0,0.99529185601516,0.0,1.0,0.928523754632171,1.0,0.8237957958906511,1.0,1.0,1.0,1.0,0.8963061641587655,0.0,1.0,1.0,1.0,0.9602648489203846,1.0,0.8262331829953109,0.9397330673343862,1.0,0.5084104854841766,0.8835722688408175,0.0,0.9982656031126249,0.5843485014947648,1.0,0.0,1.0,0.18547338984633613,1.0,0.8858997289164654,0.48586818520398056,1.0,1.0,1.0,1.0,1.0,0.13492343950255248,1.0,1.0,1.0,0.6934609928116288,0.9693156111042336,0.9898227187886879,1.0,0.9590635193477559,0.9913889496587838,1.0,1.0,0.9974126487712136
RU1311A_T_1_164642025499867,1.0,0.04805282266988904,1.0,1.0,0.0,0.9320347459991102,1.0,1.0,0.38577099357441347,1.0,0.9567833315925967,0.737501798958132,0.8914752421531947,0.873658576663035,0.7086675742739545,0.9993535391579104,0.9015866919179739,0.967568290753681,0.9993161736661506,1.0,1.0,1.0,0.930924783589878,1.0,1.0,0.9877537850830027,1.0,0.11589519071225896,1.0,0.39664510725039565,0.4813987188423231,0.7318687716509044,1.0,1.0,0.7571481845771069,0.6489098166001019,0.899847289641022,0.9328691033797252,0.9580851242095197,1.0,1.0,0.8806869188424244,0.9761331252825584,1.0,0.9976457552662156,1.0,1.0,0.7832523490324388,1.0,1.0,0.9958882973336173,0.9699515133257913,0.8303244260891277
RU1311A_T_1_135132245055907,1.0,0.0,1.0,1.0,0.17631172049534677,0.7551428348805749,1.0,0.920747004284816,0.0,0.9882390197165488,0.9209317394666126,0.9509656499611748,0.7916157049922353,1.0,1.0,0.9319725938478157,0.7107589479466069,1.0,1.0,0.17062241685317345,1.0,1.0,0.910281157085457,1.0,1.0,1.0,1.0,0.0,0.4889161236278314,1.0,0.0,1.0,0.807644974339893,1.0,0.0,0.877277366232795,0.3304256574012074,0.5666890506873156,0.9732143823147992,1.0,0.7645618135453272,0.9066233844479886,0.49016103258541655,1.0,1.0,1.0,1.0,0.3278483136903845,1.0,0.8217096186250862,0.869063765888677,0.7049900074422359,1.0
RU1311A_T_1_192815641618158,1.0,0.0,0.9986516428824603,1.0,0.03373299753589313,0.9908916439194954,1.0,1.0,0.7049495136017253,1.0,1.0,0.9156050631649792,0.9154692114014801,0.9575107352099964,0.016533442586683128,0.9941531480500944,0.9852554338597711,0.9872253297036192,1.0,1.0,1.0,1.0,1.0,0.9858655046645126,1.0,0.2282004740240769,0.972623883058165,0.36193062255711284,1.0,0.12762246926592405,0.7576422940053272,0.4181071135789526,1.0,1.0,0.0010950218234280363,0.9547435059550361,1.0,0.9599676525466337,0.9682736167176483,1.0,0.6985089983518872,0.9168062489575527,0.9869348257258709,1.0,1.0,1.0,0.9579060610774957,0.9382710517529926,1.0,1.0,0.9972567591708398,1.0,0.9496008396566831
RU1311A_T_1_134447975852780,0.0,1.0,0.0,0.0,1.0,0.0,0.0,0.0,0.0,0.08079654659182404,0.09280661650957524,0.0249283530496274,0.0,0.0,1.0,0.0,0.09079517315740701,0.0,0.0,0.0,0.0,0.0,0.0,0.0,0.0,0.9990039822797999,0.08362687081491865,1.0,0.0,0.0,0.22303711760462966,1.0,0.0,0.0,0.45191085129647646,0.0,0.0,0.11646551190358748,0.0,0.0,0.0,0.07011483423632603,0.0,0.0,0.0,0.0,0.0,0.017689557072593485,0.0,0.0,0.0,0.0,0.010450235459144528
RU1311A_T_1_201587053686118,1.0,0.0,1.0,1.0,8.589543588817183e-05,0.8935277848132961,1.0,1.0,0.2515398638008584,1.0,0.9437646861712494,0.6766781708175835,0.8417864240819685,1.0,0.6246519442053146,0.9795228578667805,0.8489023432666202,0.9550797008672616,1.0,1.0,1.0,1.0,0.9265826026437936,1.0,1.0,1.0,1.0,0.0,0.9371228982532345,0.9800099783468722,0.309719226110798,0.5901773908201368,1.0,1.0,0.6539890458445043,0.8144127325874065,0.8269693185450951,0.8126895167844461,0.9331498747709644,1.0,1.0,0.8507355448662004,0.9298071771931118,1.0,1.0,1.0,1.0,0.67504657302271,1.0,1.0,1.0,0.9601065909716474,0.9847049096504742
RU1311A_T_1_126912904510190,0.5521789166158344,1.0,0.9656067126912302,0.7475781238356414,0.28300453274755777,1.0,0.551882137953091,0.8884395694240009,1.0,0.7082870395797077,1.0,1.0,1.0,1.0,1.0,0.9999498087351938,1.0,1.0,1.0,0.38434975533402904,1.0,1.0,0.8609048216362621,0.9535429954264558,0.4792347698617957,0.727726993160264,1.0,1.0,0.9508538649174296,0.7303574580746881,1.0,1.0,0.8706751790720987,0.12909947029316332,1.0,1.0,0.9955216517600998,1.0,1.0,0.8272238119898434,0.7970062807549593,1.0,1.0,0.9717481654741681,0.7195675002483293,0.5703061698621591,0.9816011226807851,1.0,0.792236271233244,0.801453339083863,1.0,0.9614204685551364,1.0
RU1311A_T_1_200914891298611,0.0,1.0,0.0,0.0,1.0,0.0,0.0,0.0,0.0,0.01108700243141227,0.06449889770805282,0.007258340394788958,0.0,0.0,1.0,0.0,0.01024141246537539,0.0,0.0,0.0,0.0,0.0,0.0,0.0,0.0,0.2589960272301048,0.0,0.797847550396264,0.0,0.0,0.0,0.5763138787977036,0.0,0.0,0.0,0.0,0.0,0.0,0.0,0.002091706698855045,0.0,0.01836626180796841,0.0,0.0,0.0,0.0,0.0,0.0,0.0,0.0,0.0,0.0,0.0
RU1311A_T_1_157062500637469,0.6488900061736367,1.0,0.4139541472873267,0.3778811017544833,0.3034402478391351,0.19610983507600263,0.32392379927103987,0.27134716866339526,0.366178903437108,0.22432441197736297,0.32302819669354566,0.2294705110198325,0.0,1.0,1.0,0.351159277509324,0.2817137063860783,0.5993945129741339,0.49521399369424646,0.4299379264368245,0.82181787797333,0.4881213081940877,0.3844995943310785,1.0,0.4127468790382825,1.0,0.2994175663036726,1.0,0.21364995013742605,1.0,0.36967872867545376,0.5379384724621079,0.4117425975528289,0.023015496254923853,0.0,0.3284468309281276,0.26794373610825384,0.17016525999601265,0.3811529976088868,0.30578728115764786,0.0,0.15829167932047938,0.2699216972705749,0.45295107758231096,1.0,0.3331634292644724,0.4049241689677279,0.22781748923251965,0.6349302948773186,0.47716902301616765,0.41334865110013946,0.3700043220719339,0.4351159557279029
RU1311A_T_1_235619285690083,0.1042251927481169,0.7824968882421867,0.07843440445508477,0.0,1.0,0.0,0.007892758736990026,0.0,0.0,0.0,0.0,0.0,0.0,0.0,0.0,0.0,0.0,0.048770701849464866,0.0,0.0,0.0,0.0,0.08814382282890008,0.1233515550617368,0.05065852179941306,0.7797540702427347,0.0,0.0,0.096135860005379,1.0,0.0,0.0,0.0,0.0,0.0,0.0,0.0,0.014713729687738777,0.0448100678196587,0.0,0.0,0.0,0.0,0.0,0.0,0.0,0.0,0.0,0.14513865482542535,0.0,0.0,0.0,0.0
RU1311A_T_1_121731947121061,0.9724233929937972,0.07237990686298928,1.0,1.0,0.0,1.0,0.9426090360854897,1.0,0.7438341993429936,1.0,1.0,1.0,1.0,0.8711245966209306,0.19591630955381892,1.0,1.0,1.0,0.940804022480139,0.9452232154701004,0.7278076713384518,0.922069526963359,1.0,0.3612345568386822,0.9695859822176983,0.0,0.9942147977949156,0.5063208079528068,1.0,0.0,1.0,0.0,1.0,1.0,0.6980639830422928,0.9747585643434804,1.0,1.0,1.0,1.0,0.0,1.0,1.0,0.9694928966464493,0.3947184437487159,1.0,1.0,1.0,0.9321726146990892,1.0,0.9611589195857287,1.0,0.9751265679259701
RU1311A_T_1_169717334984501,0.0,0.0,0.0,0.0,0.26281500505200234,0.0,0.0,0.0,1.0,0.0,0.0,0.0,0.0,0.0,0.0,0.0,0.0,0.0,0.0,0.0,0.0,0.0,0.0,0.0,0.0,0.0,0.0,0.0,0.0,0.0,0.0,0.0,0.0,0.0,0.16166126251831883,0.0,0.0,0.0,0.0,0.0,0.2568444900528842,0.0,0.0,0.0,0.0,0.0,0.0,0.0,0.0,0.0,0.0,0.0,0.0
RU1311A_T_1_226949787445676,1.0,0.15019952601713898,0.9702702344067217,1.0,0.02200384003255843,0.833527752272141,1.0,1.0,1.0,0.6855172668190364,0.954165100430029,0.6490082914495579,0.565966546060041,1.0,1.0,0.9206371152020966,0.7728156134813242,0.9527852477051911,1.0,1.0,1.0,0.9903873146610471,1.0,1.0,1.0,1.0,1.0,1.0,0.8663232485896328,0.09039282493561057,0.775915340757218,1.0,1.0,0.6794698214846988,0.12430524227415692,1.0,0.7624308149911626,0.6924417164757436,0.8648133200185179,0.8978855003299142,1.0,0.7032092123521876,1.0,1.0,1.0,1.0,0.7737997234498832,0.7718206000482092,1.0,1.0,1.0,1.0,0.9346931819272856
RU1311A_T_1_134530834488542,0.0,0.42026884084185745,0.0,0.0,1.0,0.0,0.0,0.0,0.0,0.0,0.0,0.0,0.0,0.0,0.0,0.0,0.0,0.0,0.0,0.0,0.0,0.0,0.0,0.0,0.0,0.2523563670887651,0.0,0.0,0.0,0.0,0.0,0.0008555000244710557,0.0,0.0,0.0,0.0,0.0,0.0,0.0,0.0,0.0,0.0,0.0,0.0,0.0,0.0,0.0,0.0,0.0,0.0,0.0,0.0,0.0
RU1311A_T_1_196592958560174,0.0,1.0,0.0,0.0,1.0,0.0,0.0,0.0,0.0,0.10222102577166489,0.09044727576662397,0.016700035081785417,0.0,0.0,1.0,0.0,0.06849486085831767,0.0,0.0,0.0,0.0,0.0,0.0,0.0,0.0,0.7213596754804524,0.12509410415730943,0.9000821742332884,0.0,0.0,0.22735542456054897,0.6651014193385164,0.0,0.0,0.0,0.0,0.0,0.11554870777397454,0.0,0.0,0.0,0.06625683126146155,0.0,0.0,0.0,0.0,0.0,0.0053300755750187445,0.0,0.0,0.0,0.0,0.0
RU1311A_T_1_166428463524268,0.646285897336854,1.0,0.9698526853908757,0.8018543789741676,0.15094220376249787,1.0,0.6598537943131396,0.9460403743434728,1.0,0.7550792053738733,1.0,1.0,1.0,1.0,1.0,1.0,1.0,1.0,0.9990888390266688,0.5602806053788246,1.0,1.0,0.910366899489337,0.9235333231626865,0.5426117459016613,0.653514604737437,1.0,1.0,0.9764904989007102,0.5859847301196159,1.0,1.0,0.9120857337343834,0.3691561384388948,1.0,1.0,1.0,1.0,1.0,0.8729897530959326,0.7271954491798885,1.0,1.0,1.0,0.8588756586277705,0.6510855951869612,0.9768868895471364,1.0,0.8540358621003158,0.8296729971808813,1.0,0.979723516948511,1.0
RU1311A_T_1_230612562241380,1.0,0.0,1.0,1.0,1.0,0.6760451215656201,1.0,0.8888413237955753,0.0,0.985432963489759,0.8965540260217839,1.0,0.8341838984932838,1.0,0.9963643582640606,0.9227187945991683,0.6686128692274745,0.9645946218071926,1.0,0.2408148098730466,1.0,1.0,0.9731099770399989,1.0,1.0,1.0,1.0,0.0,0.5083692225233225,1.0,0.0,1.0,0.868410273280148,1.0,0.33488483298659016,0.9088027228863812,0.32362337022847953,0.5443671271749833,1.0,1.0,0.8254664708818324,0.8837303363333717,0.4343030743105335,1.0,1.0,1.0,1.0,0.38971594227772516,1.0,0.9787879991131184,0.9395666006058409,0.7958831882900056,1.0
RU1311A_T_1_226949774632806,0.9269738060668071,0.44358732522946254,0.9691568399768522,0.9776185446136909,0.08290300420498922,0.9168696276586802,1.0,0.9487407861006105,1.0,0.8089619173313036,0.9824538374058409,0.9070182354027827,0.7994160977611009,1.0,0.10242063134711663,0.9710984725798268,0.9008275300986599,0.9937852724039468,1.0,1.0,1.0,1.0,1.0,1.0,0.8526427724801685,1.0,0.9891010372640174,0.6845201722082429,0.9245312999288872,1.0,1.0,1.0,1.0,0.5615434572202549,0.0,1.0,0.9360552413046902,0.8761478021191735,0.9531359732577769,0.9388826283646008,1.0,0.9080883991725093,1.0,1.0,1.0,0.9547486697797298,0.93885544221471,1.0,1.0,1.0,1.0,1.0,1.0
RU1311A_T_1_131302180732316,0.19810620386069694,1.0,0.1740251657881981,0.06242513520747656,1.0,0.04590995103098519,0.06867877857723569,0.0,0.0,0.019127697320221175,0.09578044703725282,0.0681622579385779,0.0,0.048569506283686455,0.0,0.1308092291936101,0.058296563216034415,0.17533178346689074,0.1459308270084187,0.01914015295896298,0.4121235465080077,0.18744528456326232,0.16677151180401203,0.47163701984949585,0.21052149829674785,1.0,0.0,0.6245973161002352,0.1561024098316462,1.0,0.0,1.0,0.05551584438496729,0.4985383200941332,0.0,0.0,0.03516812525407004,0.08801072151284078,0.06405058644475248,0.08989307169494423,0.0,0.020567363924031714,0.04864259568802648,0.0,0.34479392800335656,0.0,0.03972499971918371,0.01370498722472893,0.38102689678439783,0.07581079849201627,0.1358532035063173,0.06541699030877103,0.13838532294561431
RU1311A_T_1_160990873635572,0.6339192226582118,1.0,0.6532677900972536,0.8431229363651334,1.0,0.5393353179822242,0.5663849972776229,0.25894768026626885,0.07403542927889149,0.38036523316205406,0.6885237836885837,0.7531146787607507,0.16766975302612525,1.0,1.0,0.7659874987332168,0.5983095840521662,0.8193324295618418,1.0,1.0,1.0,1.0,0.41581849641258983,1.0,0.9373522864919466,1.0,0.5788954391348766,1.0,0.4842765058237684,1.0,0.0,1.0,0.7969044484018963,1.0,1.0,0.5854964102312225,0.49300845922936065,0.3211282258688224,0.8168166253790918,0.881940167333793,1.0,0.5200779304896509,0.18025772978090487,0.46019918716574193,1.0,0.7432613536086038,0.7123456128940091,0.22174994848725219,1.0,0.9797978159748838,1.0,0.6570962340089571,1.0
RU1311A_T_1_235559317849909,0.5829619164114266,1.0,0.9473068345347645,0.7631768194267564,0.24508654338329963,0.9997180345070025,0.6318948046365344,0.8757805165838298,1.0,0.6710808314429093,1.0,1.0,1.0,1.0,1.0,0.9823309200803764,1.0,1.0,1.0,0.490115701157456,1.0,1.0,0.8636576514642231,1.0,0.5009361861178242,0.9004363755528743,0.9882263396339602,1.0,0.9081103765165198,0.8612078344694,1.0,1.0,0.8852999993286954,0.23597281710842416,1.0,1.0,0.9430250952756145,1.0,0.9968817231372183,0.8271451023784292,1.0,1.0,1.0,0.9795389881131219,1.0,0.5958591111751745,0.9378600009721154,1.0,0.8611073642881286,0.8158047168137864,1.0,0.9414370723361528,1.0
RU1311A_T_1_122350409305318,0.0,1.0,0.0,0.0,1.0,0.0,0.0,0.0,0.0,0.0,0.0,0.0,0.0,0.0,1.0,0.0,0.0001446050423981565,0.0,0.0,0.0,0.0,0.0,0.0,0.0,0.0,0.4211666396344284,0.0,1.0,0.0,0.0,0.2966903280038868,0.9806837973611111,0.0,0.0,0.0,0.0,0.0,0.0,0.0,0.0,0.0,0.06610916425514443,0.0,0.0,0.0,0.0,0.0,0.0,0.0,0.0,0.0,0.0,0.0
RU1311A_T_1_120788115737387,1.0,0.0,0.992637550375543,1.0,0.2615963890557359,0.9175505332501003,1.0,0.9392999972264185,0.3531880788270338,1.0,0.9409670519359075,0.8020713172897432,0.7475543884027271,1.0,0.431543786213853,0.9238286969483546,0.8249316999397961,0.9548217691122477,1.0,0.9562035174956692,1.0,1.0,1.0,1.0,1.0,1.0,1.0,0.0,0.766846027385528,1.0,0.4997226557406531,0.7391015488205829,0.9192425858095166,1.0,0.0,0.9424223547450803,0.6401701631510508,0.6209884561580825,0.7367434409856719,0.9753771209154585,1.0,0.6816794953339459,0.8274923424011467,1.0,1.0,1.0,1.0,0.5729046295342942,1.0,0.9965974733835061,0.8385380283598802,0.8424586518247481,0.9066902395248533
RU1311A_T_1_121733813582565,0.0,0.0,0.0,0.0,0.0,0.0,0.0,0.07836790729586879,1.0,0.0,0.0,0.0,0.167744133576938,0.0,0.0,0.0,0.0,0.0,0.0,0.0,0.0,0.0,0.0,0.0,0.0,0.0,0.0,0.0,0.0,0.0010021010465142558,0.1528657997627591,0.0,0.0,0.0,0.8133888729060962,0.13557012266003496,0.0,0.0,0.0,0.0,1.0,0.0,0.0,0.0,0.0,0.08017641974559611,0.0,0.0,0.0,0.0,0.0,0.0,0.0
RU1311A_T_1_227312731019126,0.32426489484471765,1.0,0.19692852497692223,0.09241091682913098,1.0,0.0,0.13692979009151293,0.08440443628746963,0.0,0.0,0.0006795816414140602,0.05865476412315405,0.0,0.48173029189613586,1.0,0.0,0.0,0.16859042831515814,0.09498151283403575,0.2606314908100703,0.1859320153132811,0.18596754634813356,0.06513311727752782,0.9720572280502571,0.23855090654766292,1.0,0.02774304808568559,0.08163186324412999,0.0982946657958546,1.0,0.0,0.0,0.06952260983685492,0.04240648848275545,0.0,0.0,0.014209122439315247,0.07297171745957923,0.1036270806852695,0.042597333128325914,0.0,0.0,0.019203102116576543,0.18412094460402215,1.0,0.0,0.20737139543663569,0.007969522456796793,0.27932983851582865,0.23213662086969422,0.06840254908602994,0.06537180929086914,0.028765004899383235
RU1311A_T_1_160988887210923,0.0,0.0,0.0,0.0,0.1629427258853965,0.006129372423938248,0.0,0.018331680940609774,1.0,0.0,0.0,0.0,0.1145709563332117,0.0,1.0,0.0,0.0,0.0,0.0,0.0,0.0,0.0,0.0,0.0,0.0,0.0,0.0,0.01119102800431431,0.0,0.0,0.0,0.0,0.0,0.0,1.0,0.24106315911552897,0.0,0.0,0.0,0.0,1.0,0.0,0.0,0.0,0.0,0.0014050730085905184,0.0,0.0,0.0,0.0,0.0,0.0,0.0
RU1311A_T_1_200417894939948,0.0,0.0,0.0,0.0,1.0,0.0,0.0,0.0,0.0,0.0,0.0,0.0,0.0,0.0,0.0,0.0,0.0,0.0,0.0,0.0,0.0,0.0,0.07127386634790739,0.0,0.0,1.0,0.0,0.39987672542346564,0.0,0.0,0.0,0.0,0.0,0.0,0.0,0.0,0.0,0.0,0.0,0.0,0.0,0.0,0.0,0.0,0.0,0.0,0.13425430290222687,0.0,0.0,0.0,0.0,0.0,0.0
RU1311A_T_1_197075175164662,0.604424221349172,1.0,0.8261871297142269,0.7188702514309963,0.44234057641927294,0.858342407795993,0.6372441303029637,0.712831337243136,0.9970604221853058,0.631223942518297,0.9082083736571509,1.0,0.8584105096125724,1.0,1.0,0.9056854155209335,0.8833020082106672,0.9570756431733459,1.0,0.4300658214749518,1.0,1.0,0.8310970082202213,1.0,0.5204261044313534,1.0,0.8570128786545869,1.0,0.7445999178021864,1.0,1.0,1.0,0.7867094182642752,0.19444901126017025,1.0,1.0,0.7789458085705581,0.94198333133675,0.8877851064279811,0.7276856145533808,1.0,0.9711027054062903,0.8774584162690432,0.8612055969468183,1.0,0.5134395132053794,0.9145372459341534,1.0,0.8763722852146831,0.7753358815507497,0.9994530087211142,0.8477481194110826,1.0
RU1311A_T_1_197254758951724,1.0,0.0,1.0,1.0,0.9798639978899935,0.5349927008381337,1.0,0.7142899409993184,0.0,0.6589505080951995,0.7402132167300459,0.7100650683490066,1.0,1.0,1.0,0.7875492489370526,0.572978506138085,0.8937677418720241,1.0,0.5253139597363414,1.0,1.0,0.5896041510216504,1.0,1.0,1.0,0.4381768890862766,0.0,0.8666691513784671,1.0,0.0,1.0,0.7220681659197987,1.0,1.0,0.1458750277091009,0.4397303341488437,0.5913964391917161,0.8805737731485167,0.9821868737210424,1.0,1.0,0.32913081860339793,1.0,1.0,1.0,1.0,0.2885314983921143,1.0,1.0,0.742204807043471,0.8801370828971444,1.0
RU1311A_T_1_164827648874780,1.0,0.0,0.9958141932858829,1.0,0.0,1.0,0.9510790586083103,0.9779001742441025,0.4206108416066459,0.9588673511347846,0.995202814823553,0.9125017253565478,0.7244990115671063,1.0,0.0,0.9726872777294241,0.9548778083158568,0.9937459093248683,1.0,1.0,1.0,1.0,0.9540615886523522,1.0,1.0,1.0,0.8635548037376318,0.0,0.9373466298498121,0.04024270253874456,0.33849179695535453,0.8875405706475208,1.0,1.0,0.0,0.8532837732151961,0.9160967776137036,0.7942766501067341,0.8496871437102252,0.9846010596243479,0.941332955967116,0.7689667190908258,0.8136928542002652,1.0,1.0,1.0,0.9906931560838081,0.7458613681892841,1.0,1.0,0.9763385614761518,1.0,1.0
RU1311A_T_1_133921888451371,1.0,0.0,0.9241204801117838,1.0,0.45138862219373155,0.7797728012709852,1.0,1.0,0.0,0.5771817791437126,0.8919700049512934,0.24602094243323502,0.3088746953173718,1.0,0.0,0.9017015666461696,0.6117409398581417,0.9586462030058658,1.0,0.9112937488103654,1.0,1.0,0.8928478148335748,1.0,1.0,1.0,1.0,0.0,0.307468972380445,0.08448442520794745,0.1628443509385907,1.0,0.8305921504408244,1.0,0.0,1.0,0.4181217681302082,0.19924673533331846,0.631267792396555,0.9209589755709464,1.0,0.3921681709014014,1.0,1.0,1.0,1.0,0.9920423410861309,0.26797914648097215,1.0,0.8278818966762425,0.8918826839580264,0.8014121974835156,0.8639288980734362
RU1311A_T_1_165800209667932,1.0,0.0,1.0,1.0,0.0,0.9377986523261412,1.0,1.0,0.4705787584737787,1.0,0.9641335281691512,0.7786788911564176,0.8376315375377125,0.9446864003732878,0.0,0.9586324323835764,0.9215514551520625,0.9557632402850796,1.0,1.0,1.0,1.0,1.0,1.0,1.0,0.9305738904869939,0.9721166766771645,0.0,1.0,0.41969430684293607,0.3772717778416349,0.22077602927119702,1.0,1.0,0.0,0.8969719240409841,1.0,0.8736602449211152,0.9947612318011931,1.0,0.5727610385077794,0.8471463630757341,0.8972881839056409,1.0,1.0,1.0,1.0,0.8115750762175781,1.0,1.0,1.0,1.0,1.0
RU1311A_T_1_169580942519590,0.19229768194323438,1.0,0.0680963385696091,0.0,0.5559743846220744,0.0,0.04094733867725178,0.0,0.0,0.008302591347070672,0.0,0.0,0.0,0.05309072605210665,0.2568154102361968,0.005440587431147143,0.0,0.13127909343640215,0.0,0.0,0.0,0.0,0.01911095125377981,0.2360329581766499,0.09310812019355451,0.6549267617388522,0.0,0.0,0.034540470474948716,0.4128388188854197,0.0,0.11921199305393983,0.0,0.0,0.0,0.0,0.0,0.007842026887848083,0.08415415156555096,0.0,0.0,0.0,0.0,0.0,0.0,0.0,0.0,0.0,0.10210316184785605,0.009438777831799828,0.0,0.0,0.0
RU1311A_T_1_130675142978971,0.8808648630132638,0.2910848801928258,0.9949127268050386,0.9567065868819737,0.0,1.0,0.8643418568364066,1.0,0.8143123863803566,1.0,1.0,1.0,1.0,0.8848450696804027,0.48454695206769144,1.0,1.0,1.0,0.935165282306188,0.8340080877116305,0.7477544679313611,0.8973097156714276,0.9906057907363883,0.37394189879015394,0.8445273199529785,0.0,1.0,1.0,1.0,0.0,1.0,0.0,1.0,0.8974208410917354,1.0,1.0,1.0,1.0,1.0,1.0,0.0,1.0,1.0,0.9755414061172004,0.24358770084041403,0.8968698342237372,0.990938645590417,1.0,0.8734577133441976,0.9500223016899817,0.9729458777966488,1.0,0.9863913633408896
RU1311A_T_1_231358946503926,1.0,0.21840405310938674,0.999738201737389,1.0,0.025093771094603694,1.0,1.0,1.0,0.7132350658156608,1.0,1.0,1.0,1.0,0.9102152144185377,0.3123346271011959,1.0,1.0,1.0,0.9746344775583399,1.0,0.8547453337960123,0.9798681945268491,1.0,0.694996877860383,1.0,0.12596451248179608,0.9772177829793343,0.5135086725771592,1.0,0.4244217062435262,0.9801859250031982,0.23588451875600663,1.0,1.0,0.42348980845726003,0.9498075265544874,1.0,1.0,1.0,1.0,0.2932351978623427,1.0,0.987303055355883,0.999072372178882,0.8865645807284718,1.0,0.9986242226994236,1.0,1.0,1.0,0.976895848187117,1.0,0.9645117441858754
RU1311A_T_1_126903999679901,0.7739483750567878,1.0,0.7953763394507349,1.0,0.7334031164233993,0.7672856753654599,0.9484911232318368,0.5093435060678715,0.7678500720578288,0.5636696779646704,0.8085107270673294,0.772992205335878,0.3767496715461552,1.0,1.0,0.8906570384193937,0.6633588556283616,0.9270789051745947,1.0,1.0,1.0,1.0,1.0,1.0,0.8004615096595799,1.0,1.0,1.0,0.6266502530184311,1.0,0.9088889354228326,1.0,0.8598523561122311,1.0,1.0,1.0,0.6023197229748167,0.597546473680559,0.7149215948704771,0.835784694466921,1.0,0.6676196235131279,0.7114949611043085,0.8812975357447357,1.0,0.8178486058209885,1.0,0.5536363903562962,1.0,0.9937506968483718,1.0,0.8724035867514395,1.0
RU1311A_T_1_161408976542956,0.5804802666991172,1.0,0.9418269474807501,0.7534574473133816,0.27223931549453295,1.0,0.501615580211558,0.8741506784917191,1.0,0.7328443835199873,1.0,1.0,1.0,1.0,1.0,1.0,1.0,1.0,1.0,0.38933650375631307,1.0,0.9954831133732313,0.8313612305714344,0.9410908314924853,0.496732745441097,0.7688147360177896,0.9755696215490481,1.0,0.9447428160789986,0.5594152762063987,1.0,1.0,0.8588376143704269,0.19269507157924437,1.0,1.0,0.9928476659325277,1.0,1.0,0.8252225699159307,0.40827609544833493,1.0,1.0,0.9295911039741102,0.6907877272053464,0.5694429288705535,0.9572111070492623,1.0,0.7667765509656767,0.781173723225071,1.0,0.9386495393606137,1.0
RU1311A_T_1_195402151356190,0.0,0.0,0.0,0.0,0.0,0.0,0.0,0.010264357408604406,1.0,0.0,0.0,0.0,0.009455058481675714,0.0,0.0,0.0,0.0,0.0,0.0,0.0,0.0,0.0,0.0,0.0,0.0,0.0,0.0,0.0,0.0,0.0,0.0,0.0,0.0,0.0,0.724579989765437,0.08745642679663977,0.0,0.0,0.0,0.0,1.0,0.0,0.0,0.0,0.0,0.0,0.0,0.0,0.0,0.0,0.0,0.0,0.0
RU1311A_T_1_197137720629596,1.0,0.0,1.0,1.0,0.0,1.0,1.0,1.0,0.6136602930721671,1.0,1.0,0.9013178893559053,0.9381349333681418,0.930683228469718,0.0,1.0,1.0,0.982364845156546,1.0,1.0,1.0,1.0,1.0,1.0,1.0,0.1910495273216879,1.0,0.10321405371968562,1.0,0.0,0.5912245115944894,0.07439818760389665,1.0,1.0,0.156599951834171,0.9725461637135356,1.0,0.992617626612473,1.0,1.0,0.7183531240140778,0.9362075293752691,0.9990520150858826,1.0,1.0,1.0,0.9791457959215454,0.9312869284906993,1.0,1.0,1.0,1.0,1.0
RU1311A_T_1_122379413118243,0.7745952873000226,0.22115428295084993,1.0,0.8938946599231521,0.0,1.0,0.765194226147659,1.0,1.0,0.8898543109745601,1.0,1.0,1.0,1.0,0.0,1.0,1.0,1.0,1.0,0.8523578460842587,1.0,1.0,0.9861611067549708,0.8058304258045146,0.735480268087631,0.16112203504258418,1.0,0.6740116368703069,1.0,0.0,1.0,0.5247485408848578,0.9875379232357375,0.6233614043352311,1.0,1.0,1.0,1.0,1.0,0.9611493178438305,0.6971864443244157,1.0,1.0,1.0,0.9696686751217481,0.8532069669589465,1.0,1.0,0.9409038387487411,0.9140036360931589,1.0,1.0,1.0
RU1311A_T_1_134376330489051,0.6136205905000476,0.6040237961569361,1.0,0.7873594525033744,0.04690689643610261,1.0,0.5644347979102093,0.9801851073492468,1.0,0.821791886579046,1.0,1.0,1.0,1.0,0.04070529424904707,1.0,1.0,1.0,0.984950166494703,0.3572687174990697,0.8795031659255914,0.9518184756132433,0.9068876140278569,0.48898192938820445,0.5272187801456871,0.0,1.0,1.0,1.0,0.0,1.0,0.4898623856763312,0.9224403533671195,0.19812110680513711,1.0,1.0,1.0,1.0,1.0,0.8971346978200386,0.298555558329997,1.0,1.0,1.0,0.18022567433891426,0.6544725988284519,1.0,1.0,0.7510142334781432,0.8374460754389428,1.0,1.0,1.0
RU1311A_T_1_169707671501221,1.0,0.0,1.0,0.8794605199177455,0.041737769053008605,0.6186288567370224,1.0,1.0,0.0,1.0,0.7936069637359848,0.615852313403987,0.7361658798080917,0.8488044105327156,1.0,0.9045142639369903,0.6384161302379024,0.9581231334401717,1.0,1.0,1.0,1.0,0.7684541481642398,1.0,1.0,1.0,0.8452120843030113,0.1807952171760444,0.792200781462306,1.0,0.006399347930405844,1.0,0.9832437424830377,1.0,1.0,0.14122621412381434,0.43013643818323344,0.6574096357140855,0.9875860200492023,1.0,1.0,0.7830736294046832,0.5752517857775189,1.0,0.7546596109720061,1.0,1.0,0.3816596358035026,1.0,1.0,0.7176016206470253,0.8305636050388283,0.7425614983830854
RU1311A_T_1_230609206570278,0.06619165121089253,1.0,0.003971280830833457,0.20546800711391494,1.0,0.0,0.18233947767007802,0.0,0.4424393831553316,0.0,0.0,0.011237035467526984,0.09084655173371423,0.13216926856455333,0.24287589104961288,0.0,0.0,0.011123699890192438,0.015198304286391608,0.23248598836310053,0.06370843441629188,0.0,0.0,0.0,0.0,0.22511687036958644,0.4419323944925935,1.0,0.0,1.0,1.0,0.0,0.03362881240310875,0.5861397800423483,1.0,0.0,0.1951553565648583,0.0,0.0,0.018499183153905807,1.0,0.0,0.12965809377749785,0.2640897825070173,0.18292154057608015,0.1956284971782604,0.0,0.010310379527992032,0.0,0.012962943097058815,0.0,0.011182271905366525,0.00024726121473491814
RU1311A_T_1_161942523791662,0.0,1.0,0.0,0.0,1.0,0.0,0.023880641381578614,0.0,0.0,0.009551292736708124,0.0031786472592923716,0.0,0.0,0.0,1.0,0.0,0.0,0.0,0.0,0.0,0.0,0.0,0.0,0.0,0.0,0.014070281304098802,0.0,1.0,0.0,0.0,0.18748859062977263,0.32907132989588,0.0,0.0,0.0,0.0,0.0,0.0,0.0,0.0,0.0,0.08532725955560244,0.0,0.0,0.0,0.0,0.0,0.0,0.0,0.0,0.0,0.0,0.0
RU1311A_T_1_236221669755614,1.0,0.5913109701275479,0.9336837601371074,1.0,0.0,1.0,1.0,0.950669446461151,0.7264942090100753,1.0,1.0,0.9248610285766904,0.8419020965383871,0.9619821185071554,0.6380088893388381,0.9988923820817317,1.0,1.0,1.0,1.0,0.9737091427739132,1.0,1.0,1.0,0.9544796250525966,0.57081244305129,0.8933949272039045,1.0,0.9578283763306366,1.0,0.9568597612210399,0.7122288638459754,1.0,0.9025959290496456,0.04771065051931446,0.998335236142123,0.9722731118834214,0.9133510079730607,0.9143277638391045,0.9864710128909201,0.4823374001474085,0.898661904797496,0.9471200692806355,0.9766767986124252,1.0,0.9561030916692388,0.9162499741307878,0.9266620858415404,1.0,1.0,1.0,0.980580312042743,0.8986022259611429
RU1311A_T_1_195562300947294,0.0,0.0,0.0,0.0,0.12835492171854335,0.0,0.0,0.08052908250025623,1.0,0.0,0.0,0.0,0.268119584484304,0.0,1.0,0.0,0.0,0.0,0.0,0.0,0.0,0.0,0.0,0.0,0.0,0.0,0.0,0.0065358328225220644,0.0,0.7754534079390263,0.17633361834396222,0.0,0.0,0.0,1.0,0.28131850530862573,0.00029528749844686894,0.0,0.0,0.0,1.0,0.0,0.0,0.0,0.0,0.07462113911844802,0.0,0.0,0.0,0.0,0.00810793036760802,0.0,0.0
RU1311A_T_1_197281468069740,0.0,0.0,0.0,0.4514727510431544,0.0,0.057261029056178164,0.0,0.5345067348395294,1.0,0.0,0.0,0.0,1.0,0.0,0.251172260797478,0.030740924709162967,0.0,0.0,0.0,0.16471126869462954,0.0,0.0,0.0,0.0,0.0,0.0,0.8916993642774796,0.05101804627004011,0.0,0.20508526036084032,1.0,0.1894279955248654,0.08096913857092333,0.0,1.0,0.6740431475461341,0.0,0.05156807572720979,0.0,0.0204517325332401,1.0,0.0,0.3522315622087211,0.24002779476417824,0.0,0.30202551674326517,0.0,0.007194858192727862,0.0,0.07161270172886519,0.14888426959883375,0.057269465895377805,0.0
RU1311A_T_1_196586535336230,1.0,1.0,0.9129128789470856,0.9796903331465848,0.03784049037588411,0.6145698176809473,1.0,1.0,0.06926224648221276,1.0,0.7685155056269891,0.7644611093998859,0.6336842985351665,1.0,1.0,0.8758376370853059,0.6536155666351258,0.9562636558132718,1.0,1.0,1.0,1.0,0.841708704211882,1.0,1.0,1.0,0.7745698524264885,0.15642136716296065,0.7518386854046755,1.0,0.018063731989824094,1.0,1.0,1.0,0.10386004842908445,0.1257108080801417,0.48026034827381175,0.6022992957313174,0.9201217571834208,1.0,1.0,0.681930980735698,0.43072651980477883,1.0,1.0,1.0,1.0,0.40792809736242486,1.0,1.0,0.7909490329727978,0.8518737468527283,1.0
RU1311A_T_1_121735020988333,0.0,1.0,0.0,0.10683683753506502,1.0,0.26675120135617075,0.4296219466466077,0.0,1.0,0.043291857969712674,0.26532908047858,0.2745617323773065,0.0,0.0,1.0,0.40149197838637,0.2651220459328891,0.06718032752567892,0.133346826683898,0.0,0.2020097895814724,0.0,0.0006003575075933401,0.0,0.0,1.0,0.19196273093150631,1.0,0.0,1.0,0.11352835005241228,1.0,0.0,0.747953072455876,1.0,0.0,0.11410578508664658,0.2703219858251163,0.0,0.1274925991904205,0.5039270502744279,0.2531671419779202,0.2656782228001965,0.14562146582773483,0.0,0.0,0.0,0.14705385479660724,0.023389270043559306,0.0,0.2767975812388392,0.16918352638349435,0.3166002344136751
RU1311A_T_1_226889764353900,1.0,0.0,1.0,1.0,0.0,0.9968898465630304,1.0,1.0,0.5352109113066426,1.0,0.993058992261847,0.9057453916392845,0.9452147848159801,0.9202869816084558,0.23060104671247314,1.0,0.9988431726859494,0.986484502143252,1.0,1.0,0.9883456432293406,1.0,1.0,0.8834239297559798,1.0,0.22993252300868122,0.9969132602096626,0.18532020968714233,1.0,0.7666528326016101,0.5166427143945383,0.42821811675663346,1.0,1.0,0.2781788144234845,0.8824209948489475,1.0,0.993017935525434,0.9942698643560386,1.0,0.3465050845224058,0.9287692149360903,0.920404570566073,1.0,1.0,1.0,1.0,0.8881423035377876,1.0,1.0,0.9745259315288366,1.0,0.9787422324102848
RU1311A_T_1_200417867687773,0.0,0.0,0.0,0.0,0.07769282875727972,0.0,0.0,0.0,1.0,0.0,0.0,0.0,0.0,0.0,0.0,0.0,0.0,0.0,0.0,0.0,0.0,0.0,0.0,0.0,0.0,0.0,0.0,0.0,0.0,0.0,0.0,0.0,0.0,0.0,0.9745660645989531,0.09960684721226173,0.0,0.0,0.0,0.0,1.0,0.0,0.0,0.0,0.0,0.0,0.0,0.0,0.0,0.0,0.0,0.0,0.0
RU1311A_T_1_160921529243485,0.9146183308831514,0.5150168581792096,0.9908906484236328,0.9736799451637419,0.0,1.0,0.9007936405866758,1.0,0.8597015472025348,1.0,1.0,1.0,1.0,0.9297610867950316,0.5775565492859797,1.0,1.0,1.0,0.9767209095527617,1.0,0.9171247421961186,0.9578048149451294,1.0,0.6222586545518696,0.8378635399385581,0.14333390129413184,1.0,1.0,1.0,0.0,1.0,0.638680501211044,1.0,0.8095322759393884,0.656264937225967,1.0,1.0,1.0,1.0,1.0,0.22039800331369575,1.0,1.0,1.0,0.7061726435517047,0.921516179548964,0.9945450101945347,1.0,0.9683955294199289,0.9615133281640932,1.0,1.0,1.0
RU1311A_T_1_166333993338716,1.0,0.006318694254562955,1.0,1.0,0.0,1.0,1.0,1.0,0.6051017700489433,1.0,0.9918497345443598,0.9600663963079891,1.0,0.8878114249367413,0.3421127936131986,0.9977339438524624,1.0,0.981366806446732,0.963428141504089,1.0,0.8675995920437402,0.9736917552539975,1.0,0.6859082349401349,1.0,0.05725731836822483,0.9956405767137776,0.5055754095670236,1.0,0.10943736670862038,0.8772938619127904,0.0,1.0,1.0,0.6502065730414258,0.8357167577609556,1.0,1.0,1.0,1.0,0.1825674277064718,0.9713742379905218,0.9435316313111678,0.9904081686108203,0.7437948208023767,1.0,0.9993229900171794,0.9804204617521495,1.0,1.0,0.960949513557447,0.9996203221739286,0.9378571647995942
RU1311A_T_1_169021672156003,0.6382016154128942,1.0,0.982987707347785,0.7955315768320121,0.12347797838795818,1.0,0.6100126701306647,0.938027469179176,1.0,0.8016947666760533,1.0,1.0,1.0,1.0,0.4668383279039978,1.0,1.0,1.0,0.9892830759388862,0.47587863680913317,0.9253089730008667,0.9810583205169914,0.9113059796623646,0.6914102916535474,0.5444441648997421,0.2790384695700162,1.0,1.0,1.0,0.23090080940526947,1.0,0.6462159696269475,0.9101563412233207,0.24681783982689245,1.0,1.0,1.0,1.0,1.0,0.8787660687851279,0.5415563470203277,1.0,1.0,0.9758400651236135,0.4323070905552078,0.6509180374050206,0.9719900502095686,1.0,0.8106791616835021,0.8496940324053496,1.0,0.9826838744664205,1.0
RU1311A_T_1_170328428267237,1.0,0.0,1.0,1.0,0.9881863175177507,0.7011030403020398,1.0,0.9127291519961821,0.0,0.8952945530149756,0.8942090868597381,0.9050046800955209,0.801671913310979,1.0,0.844777256381282,0.918995271525969,0.646286649121941,0.9484424281820621,1.0,0.09998595682005977,1.0,1.0,0.8854558222922939,1.0,1.0,1.0,1.0,0.0,0.4550966483855815,1.0,0.0,1.0,0.820802627757254,1.0,0.0,1.0,0.40251994340021185,0.4900359656548794,0.9823373614321588,1.0,0.3085585599484878,0.8459521202712383,0.583581042206437,1.0,1.0,1.0,1.0,0.3171443895794561,1.0,0.8322941893128513,0.9414940978473756,0.6732237484758493,1.0
RU1311A_T_1_231365389270428,0.0,0.8287225174606464,0.0,0.0,1.0,0.10546438668871515,0.04165166572800593,0.0,0.0,0.0,0.21596929881397725,0.0,0.0,0.0,0.0,0.2096029265083013,0.15189031919843796,0.09621487694155696,0.07540499806209486,0.0,0.2217342205425248,0.20015177934046544,0.07664841908093398,0.3696476410829066,0.0,0.9659065218899376,0.0,1.0,0.021630709291809994,1.0,0.0949975091631299,1.0,0.003808834066214986,0.6747650931199152,0.0,0.0,0.0,0.0,0.03826974924877124,0.03381301968057671,0.0,0.0,0.0,0.0,0.39604197003845504,0.0,0.0,0.0008809756079493313,0.12619432984420972,0.0,0.08264576568922974,0.03337031592668778,0.07234734438118229
