cluster,gene,perturb,mean,count,std,ci95_hi,ci95_lo,ci_sig,mean_sig
Arc_1,ASCL1,activate,-0.40159589473684215,19,0.2403363082534081,-0.2935275108907957,-0.5096642785828887,yes,yes
Arc_1,ASCL1,knockdown,-0.05808721052631578,19,0.08074938149510562,-0.021777860440340302,-0.09439656061229126,yes,no
Arc_1,CREB1,activate,-0.10717157894736842,19,0.08610497490099951,-0.06845406037400298,-0.14588909752073387,yes,no
Arc_1,CREB1,knockdown,0.029731631578947367,19,0.04518813731034891,0.050050696158210284,0.00941256699968445,no,no
Arc_1,CUX1,activate,-0.018815315789473687,19,0.04879488636692787,0.0031255409539251884,-0.04075617253287256,no,no
Arc_1,CUX1,knockdown,-0.3506278947368422,19,0.2263319204896735,-0.24885665160739695,-0.45239913786628744,yes,yes
Arc_1,CUX2,activate,-0.2720702105263158,19,0.17379970708726722,-0.19392033132440423,-0.3502200897282274,yes,no
Arc_1,CUX2,knockdown,0.043072210526315796,19,0.07973376038596543,0.07892488166659914,0.00721953938603246,no,no
Arc_1,EGR1,activate,-0.6343104210526317,19,0.2636674448729172,-0.5157510787405711,-0.7528697633646922,yes,yes
Arc_1,EGR1,knockdown,-0.000744368421052631,19,0.05020436666622461,0.021830267958535193,-0.023319004800640458,no,no
Arc_1,EHF,activate,-0.01851357894736842,19,0.06087701638852237,0.008860066018252809,-0.04588722391298965,no,no
Arc_1,EHF,knockdown,-0.366447947368421,19,0.20787049299222435,-0.27297797443672167,-0.45991792030012035,yes,yes
Arc_1,ESR1,activate,0.011214578947368423,19,0.04403032278039985,0.031013026621285786,-0.00858386872654894,no,no
Arc_1,ESR1,knockdown,-0.21177715789473686,19,0.15210595618123246,-0.14338197875047098,-0.28017233703900274,yes,no
Arc_1,ETS1,activate,0.014196894736842106,19,0.06173890696661829,0.04195809297106373,-0.013564303497379516,no,no
Arc_1,ETS1,knockdown,0.02040584210526316,19,0.04329768430587786,0.03987485534432375,0.0009368288662025687,no,no
Arc_1,FOS,activate,-0.4057480526315789,19,0.18961850322349688,-0.32048517520956515,-0.4910109300535927,yes,yes
Arc_1,FOS,knockdown,0.029763105263157893,19,0.07957956479097908,0.06554644160809776,-0.0060202310817819744,no,no
Arc_1,FOXO3,activate,0.04714284210526315,19,0.2014343866744656,0.13771878869081364,-0.04343310448028734,no,no
Arc_1,FOXO3,knockdown,-0.40745231578947366,19,0.25226600453402637,-0.2940196862903682,-0.5208849452885792,yes,yes
Arc_1,GRHL2,activate,-0.0033150526315789464,19,0.05245315364470333,0.020270761693381944,-0.02690086695653984,no,no
Arc_1,GRHL2,knockdown,-0.21205673684210527,19,0.12892386412308196,-0.15408549755570342,-0.27002797612850715,yes,no
Arc_1,HSF2,activate,-0.3682235263157895,19,0.23972009812403403,-0.26043222433587876,-0.4760148282957002,yes,yes
Arc_1,HSF2,knockdown,-0.08700394736842104,19,0.13911050713710135,-0.02445223476385136,-0.14955565997299072,yes,no
Arc_1,JUN,activate,-0.09882915789473684,19,0.09512054499672343,-0.056057744607018296,-0.1416005711824554,yes,no
Arc_1,JUN,knockdown,0.01259957894736842,19,0.05621605497870178,0.037877400063531984,-0.012678242168795144,no,no
Arc_1,JUNB,activate,-0.1549647368421053,19,0.1966717382243943,-0.06653033817566238,-0.2433991355085482,yes,no
Arc_1,JUNB,knockdown,0.12349052631578947,19,0.1569704454561673,0.19407304659880806,0.05290800603277088,no,no
Arc_1,JUND,activate,0.10660800000000001,19,0.18068610900152537,0.18785438314173047,0.025361616858269542,no,no
Arc_1,JUND,knockdown,-0.3594374736842106,19,0.29549395197916173,-0.22656718846289123,-0.4923077589055299,yes,yes
Arc_1,KMT2A,activate,0.008812526315789476,19,0.05404642694466842,0.03311476368895138,-0.01548971105737243,no,no
Arc_1,KMT2A,knockdown,-0.0010814736842105269,19,0.05836183616158805,0.025161208322956125,-0.02732415569137718,no,no
Arc_1,LMX1B,activate,0.025587105263157894,19,0.06004068928641896,0.052584691700844725,-0.001410481174528938,no,no
Arc_1,LMX1B,knockdown,0.007869736842105263,19,0.04042373451580987,0.02604646465278249,-0.010306990968571964,no,no
Arc_1,MEIS2,activate,-0.6155791052631581,19,0.23867546206160703,-0.5082575289430704,-0.7229006815832457,yes,yes
Arc_1,MEIS2,knockdown,0.010990052631578947,19,0.044721313739739206,0.03109920773364444,-0.009119102470486548,no,no
Arc_1,NFATC2,activate,-0.42304631578947377,19,0.29022808717724313,-0.2925438521546252,-0.5535487794243223,yes,yes
Arc_1,NFATC2,knockdown,-0.027824157894736842,19,0.07582181548154943,0.006269488291775205,-0.06191780408124889,no,no
Arc_1,NFIA,activate,-0.13988336842105262,19,0.21409293269466223,-0.04361544537058505,-0.2361512914715202,yes,no
Arc_1,NFIA,knockdown,-0.6001096842105264,19,0.35971783177575484,-0.4383608206987287,-0.761858547722324,yes,yes
Arc_1,NFIB,activate,0.028977315789473684,19,0.06048490621639293,0.05617464651901642,0.0017799850599309504,no,no
Arc_1,NFIB,knockdown,0.03948615789473685,19,0.06497728026460321,0.06870350635089839,0.010268809438575305,no,no
Arc_1,NFIX,activate,-0.023010526315789474,19,0.04477998929006921,-0.002874987468623115,-0.043146065162955834,yes,no
Arc_1,NFIX,knockdown,-0.4629455263157894,19,0.26889366966896217,-0.3420361867376928,-0.583854865893886,yes,yes
Arc_1,NFKB1,activate,-0.01785521052631579,19,0.046594737229742715,0.0030963385123763364,-0.03880675956500791,no,no
Arc_1,NFKB1,knockdown,-0.0027168421052631577,19,0.04986825574480463,0.019706660372273695,-0.025140344582800008,no,no
Arc_1,NR3C2,activate,-0.02406442105263158,19,0.028606760324393778,-0.011201252862210647,-0.03692758924305251,yes,no
Arc_1,NR3C2,knockdown,-0.006995578947368419,19,0.05692756552293819,0.018602176327573914,-0.032593334222310755,no,no
Arc_1,PBX1,activate,-0.008709473684210529,19,0.09061471712351293,0.03203587229938306,-0.04945481966780412,no,no
Arc_1,PBX1,knockdown,0.004937894736842109,19,0.0807731394908637,0.04125792772056057,-0.03138213824687636,no,no
Arc_1,PKNOX2,activate,-0.3091834736842105,19,0.20518273318851077,-0.2169220649526712,-0.4014448824157498,yes,yes
Arc_1,PKNOX2,knockdown,-0.010862526315789475,19,0.05364528398695393,0.013259335185551516,-0.034984387817130466,no,no
Arc_1,PPARG,activate,-0.000389842105263157,19,0.05628122409063569,0.024917282617394825,-0.02569696682792114,no,no
Arc_1,PPARG,knockdown,-0.37783615789473685,19,0.22457673890188862,-0.27685414065848557,-0.4788181751309881,yes,yes
Arc_1,PRDM16,activate,-0.007745210526315792,19,0.04261998086132704,0.01141907007991146,-0.026909491132543043,no,no
Arc_1,PRDM16,knockdown,-0.41008989473684215,19,0.25000937621726077,-0.29767196907880983,-0.5225078203948744,yes,yes
Arc_1,PROX1,activate,-0.3103815789473684,19,0.21133923080843686,-0.21535187127351557,-0.4054112866212212,yes,yes
Arc_1,PROX1,knockdown,-0.04798368421052631,19,0.10321053795575798,-0.001574566446266766,-0.09439280197478586,yes,no
Arc_1,RARB,activate,-0.014038210526315787,19,0.0508724175971168,0.008836818186636184,-0.03691323923926776,no,no
Arc_1,RARB,knockdown,-0.10926121052631581,19,0.07170806429202209,-0.07701733246609213,-0.14150508858653948,yes,no
Arc_1,REST,activate,0.021019473684210522,19,0.0669217738593754,0.051111173093472545,-0.009072225725051505,no,no
Arc_1,REST,knockdown,-0.361146052631579,19,0.21576568131230636,-0.26412597007178373,-0.4581661351913743,yes,yes
Arc_1,RORA,activate,-0.5878623157894737,19,0.3600463331828979,-0.42596574003053744,-0.7497588915484099,yes,yes
Arc_1,RORA,knockdown,-0.06926994736842106,19,0.20416696069569948,0.02253471434702596,-0.16107460908386806,no,no
Arc_1,RORB,activate,-0.6654500526315789,19,0.16611472380840156,-0.590755763343927,-0.7401443419192307,yes,yes
Arc_1,RORB,knockdown,0.017852684210526316,19,0.08562737341791055,0.05635544696620033,-0.020650078545147697,no,no
Arc_1,RUNX1,activate,-0.0036265263157894733,19,0.056886346505181734,0.021952694628385137,-0.029205747259964082,no,no
Arc_1,RUNX1,knockdown,-0.0010467368421052648,19,0.04585765968957289,0.019573381714383623,-0.02166685539859415,no,no
Arc_1,SIX1,activate,-0.2914342105263158,19,0.23215272362141717,-0.18704561510538786,-0.3958228059472437,yes,no
Arc_1,SIX1,knockdown,0.000539315789473686,19,0.04990319682261808,0.02297852969170779,-0.021899898112760417,no,no
Arc_1,SIX4,activate,-0.27296005263157896,19,0.17877759369503207,-0.19257184263154753,-0.3533482626316104,yes,no
Arc_1,SIX4,knockdown,-0.004711315789473684,19,0.037013614516302015,0.011932035063946942,-0.021354666642894312,no,no
Arc_1,SMAD3,activate,-0.041078526315789475,19,0.08295064802999727,-0.003779366081822118,-0.07837768654975683,yes,no
Arc_1,SMAD3,knockdown,-0.42315994736842105,19,0.24257103024027912,-0.31408670996852983,-0.5322331847683123,yes,yes
Arc_1,SOX9,activate,1.5052631578944687e-05,19,0.07243814680391793,0.032587215825697805,-0.03255711056253992,no,no
Arc_1,SOX9,knockdown,-0.3364044736842105,19,0.19919546037257213,-0.24683527114309675,-0.4259736762253242,yes,yes
Arc_1,SP100,activate,-0.0011245789473684202,19,0.03897866073794707,0.016402364447267625,-0.018651522342004467,no,no
Arc_1,SP100,knockdown,-0.2236878947368421,19,0.14260364595147973,-0.1595654753632322,-0.287810314110452,yes,no
Arc_1,STAT1,activate,0.04193994736842105,19,0.07651650362392684,0.07634596343932269,0.007533931297519406,no,no
Arc_1,STAT1,knockdown,-0.4741021578947368,19,0.325353686562667,-0.32780529854501356,-0.62039901724446,yes,yes
Arc_1,TBX15,activate,-0.4709993157894736,19,0.22453705632257193,-0.37003514201701176,-0.5719634895619354,yes,yes
Arc_1,TBX15,knockdown,0.021272473684210525,19,0.05814956836599947,0.04741970845005718,-0.00487476108163613,no,no
Arc_1,TCF12,activate,-0.0034786842105263152,19,0.0473731411714517,0.01782287792677422,-0.02478024634782685,no,no
Arc_1,TCF12,knockdown,0.002115526315789474,19,0.04632137818589745,0.02294415813779992,-0.018713105506220972,no,no
Arc_1,TCF4,activate,-0.4796476315789474,19,0.24699651526651384,-0.3685844534248036,-0.5907108097330912,yes,yes
Arc_1,TCF4,knockdown,0.02354373684210526,19,0.060245523742286915,0.05063342808394134,-0.003545954399730822,no,no
Arc_1,TCF7L2,activate,-0.09382678947368421,19,0.15639450212757158,-0.023503244895004993,-0.16415033405236343,yes,no
Arc_1,TCF7L2,knockdown,-0.6066580526315789,19,0.36590335589734835,-0.4421278382705516,-0.7711882669926062,yes,yes
Arc_1,TEAD1,activate,-0.030868421052631587,19,0.06341670727490228,-0.0023527917919440415,-0.05938405031331913,yes,no
Arc_1,TEAD1,knockdown,0.00827557894736842,19,0.04470984287518775,0.02837957611968788,-0.011828418224951039,no,no
Arc_1,ZBTB18,activate,0.004460315789473685,19,0.07957527853761608,0.04024172479985033,-0.03132109322090296,no,no
Arc_1,ZBTB18,knockdown,-0.08714984210526316,19,0.22635247226450048,0.014630642229170487,-0.18893032643969682,no,no
Arc_1,ZBTB20,activate,0.006195526315789473,19,0.052654870554888336,0.02987204362539939,-0.01748099099382044,no,no
Arc_1,ZBTB20,knockdown,-0.0027460000000000015,19,0.040846029828831315,0.015620614941405174,-0.021112614941405178,no,no
Arc_1,ZBTB7A,activate,0.029466315789473684,19,0.10132561963626234,0.07502787091140903,-0.016095239332461663,no,no
Arc_1,ZBTB7A,knockdown,-0.010003999999999999,19,0.08365694158619208,0.027612748548831424,-0.04762074854883142,no,no
Arc_1,ZEB1,activate,-0.42362626315789476,19,0.1320084670802269,-0.364268017227312,-0.4829845090884775,yes,yes
Arc_1,ZEB1,knockdown,-0.006744052631578946,19,0.042117027755309615,0.012194072677046152,-0.025682177940204044,no,no
Arc_4,ASCL1,activate,-0.6012341666666668,24,0.04280586480608819,-0.5841082539603324,-0.6183600793730013,yes,yes
Arc_4,ASCL1,knockdown,-0.018153708333333334,24,0.04376354406350323,-0.0006446441257395019,-0.035662772540927166,yes,no
Arc_4,CREB1,activate,-0.1570205416666667,24,0.044195399870770695,-0.13933869915192992,-0.1747023841814035,yes,no
Arc_4,CREB1,knockdown,0.041115874999999996,24,0.04789099217681075,0.0602762623711052,0.021955487628894797,no,no
Arc_4,CUX1,activate,-0.015794083333333337,24,0.03198981213763921,-0.0029954929382310213,-0.02859267372843565,yes,no
Arc_4,CUX1,knockdown,-0.5596048333333333,24,0.04499512846739192,-0.5416030327428389,-0.5776066339238277,yes,yes
Arc_4,CUX2,activate,-0.4777476666666665,24,0.06253316424848127,-0.45272919041296283,-0.5027661429203701,yes,yes
Arc_4,CUX2,knockdown,0.008335124999999999,24,0.06132580119919206,0.03287055543087894,-0.016200305430878945,no,no
Arc_4,EGR1,activate,-0.8179427916666665,24,0.037951129897803124,-0.8027591774427554,-0.8331264058905776,yes,yes
Arc_4,EGR1,knockdown,-0.013351041666666666,24,0.048030737875076154,0.005865255628006735,-0.032567338961340064,no,no
Arc_4,EHF,activate,-0.02266425,24,0.03756973107870333,-0.007633227083653653,-0.03769527291634635,yes,no
Arc_4,EHF,knockdown,-0.5607535,24,0.04887240982127985,-0.5412004637948209,-0.5803065362051791,yes,yes
Arc_4,ESR1,activate,-0.014238541666666668,24,0.04601016335170266,0.0041693574549831105,-0.032646440788316446,no,no
Arc_4,ESR1,knockdown,-0.29934449999999996,24,0.0338472346516701,-0.28580278583019586,-0.31288621416980406,yes,no
Arc_4,ETS1,activate,-0.0076737916666666664,24,0.04895715055112118,0.011913147891440982,-0.027260731224774314,no,no
Arc_4,ETS1,knockdown,-0.012674749999999999,24,0.049420934030596,0.007097741594495808,-0.0324472415944958,no,no
Arc_4,FOS,activate,-0.4163490416666667,24,0.10616629329232968,-0.3738736780800176,-0.4588244052533158,yes,yes
Arc_4,FOS,knockdown,0.07450533333333334,24,0.09588258994192332,0.11286635869379036,0.036144307972876315,no,no
Arc_4,FOXO3,activate,-0.006676958333333333,24,0.044363778052428596,0.011072249484120444,-0.02442616615078711,no,no
Arc_4,FOXO3,knockdown,-0.6471479583333334,24,0.050705077296991086,-0.6268617024314854,-0.6674342142351813,yes,yes
Arc_4,GRHL2,activate,-0.008628083333333333,24,0.03745397380660425,0.006356627028738668,-0.023612793695405334,no,no
Arc_4,GRHL2,knockdown,-0.26687370833333335,24,0.05883503409902104,-0.2433347922848311,-0.2904126243818356,yes,no
Arc_4,HSF2,activate,-0.5477891249999999,24,0.04379318754675702,-0.5302682009290716,-0.5653100490709282,yes,yes
Arc_4,HSF2,knockdown,-0.023171666666666663,24,0.040444504901823476,-0.006990494681536435,-0.039352838651796895,yes,no
Arc_4,JUN,activate,-0.074159,24,0.07030845382344486,-0.04602976004299276,-0.10228823995700725,yes,no
Arc_4,JUN,knockdown,0.014997333333333333,24,0.04606027474447186,0.03342528118760529,-0.003430614520938619,no,no
Arc_4,JUNB,activate,-0.18175375000000005,24,0.11067419504946864,-0.13747485009113852,-0.22603264990886157,yes,no
Arc_4,JUNB,knockdown,0.06671279166666666,24,0.15054524540482236,0.1269434339591685,0.006482149374164824,no,no
Arc_4,JUND,activate,0.15705858333333336,24,0.06164703397845333,0.1817225336425272,0.13239463302413954,no,no
Arc_4,JUND,knockdown,-0.36199491666666667,24,0.17382888278917252,-0.29244887931938224,-0.4315409540139511,yes,yes
Arc_4,KMT2A,activate,-0.013197833333333334,24,0.043573599670349523,0.004235237289948067,-0.030630903956614733,no,no
Arc_4,KMT2A,knockdown,-0.020652916666666667,24,0.024882426667475963,-0.010697872680068958,-0.030607960653264377,yes,no
Arc_4,LMX1B,activate,-0.013188416666666666,24,0.03345320875610754,0.00019565431284074113,-0.02657248764617407,no,no
Arc_4,LMX1B,knockdown,-0.007296333333333333,24,0.03578974935668721,0.00702254857784441,-0.021615215244511075,no,no
Arc_4,MEIS2,activate,-0.7816500000000001,24,0.019667171822055653,-0.773781492510879,-0.7895185074891211,yes,yes
Arc_4,MEIS2,knockdown,-0.009225875,24,0.042568344022404524,0.007805009601523768,-0.026256759601523766,no,no
Arc_4,NFATC2,activate,-0.6283675416666666,24,0.03955290340244832,-0.6125430845736735,-0.6441919987596598,yes,yes
Arc_4,NFATC2,knockdown,-0.013937958333333327,24,0.03903409221768911,0.0016789310559934267,-0.02955484772266008,no,no
Arc_4,NFIA,activate,-0.021201750000000002,24,0.04172701848844202,-0.004507465715220749,-0.03789603428477925,yes,no
Arc_4,NFIA,knockdown,-0.8525074583333333,24,0.022756229270397246,-0.8434030704702308,-0.8616118461964358,yes,yes
Arc_4,NFIB,activate,0.022740666666666663,24,0.059129504839629005,0.046397395548084856,-0.0009160622147515313,no,no
Arc_4,NFIB,knockdown,0.03589300000000001,24,0.06604038810422394,0.06231465803421708,0.009471341965782937,no,no
Arc_4,NFIX,activate,-0.024934541666666667,24,0.0364461237552198,-0.010353055303905852,-0.03951602802942748,yes,no
Arc_4,NFIX,knockdown,-0.5584043750000002,24,0.11674865693848566,-0.5116951841830931,-0.6051135658169072,yes,yes
Arc_4,NFKB1,activate,-0.026945499999999997,24,0.03437745305460745,-0.0131916542887557,-0.0406993457112443,yes,no
Arc_4,NFKB1,knockdown,-0.020854250000000005,24,0.044435063056153606,-0.003076522241257911,-0.038631977758742095,yes,no
Arc_4,NR3C2,activate,-0.04003179166666667,24,0.037886275381185976,-0.024874124653382602,-0.05518945867995074,yes,no
Arc_4,NR3C2,knockdown,-0.013317916666666664,24,0.043147347499627633,0.003944617571011088,-0.030580450904344414,no,no
Arc_4,PBX1,activate,0.04403516666666666,24,0.14327969378037175,0.10135898290980877,-0.013288649576475443,no,no
Arc_4,PBX1,knockdown,-0.07988912499999999,24,0.14223688371938234,-0.022982519673041775,-0.13679573032695821,yes,no
Arc_4,PKNOX2,activate,-0.4141073333333334,24,0.059171219636537466,-0.39043391505728076,-0.437780751609386,yes,yes
Arc_4,PKNOX2,knockdown,-0.013015791666666663,24,0.036877907945448464,0.0017384443504541245,-0.027770027683787453,no,no
Arc_4,PPARG,activate,-0.02430266666666667,24,0.04090092986469992,-0.00793888666493349,-0.04066644666839985,yes,no
Arc_4,PPARG,knockdown,-0.567713625,24,0.05349962789453078,-0.5463093160041729,-0.5891179339958271,yes,yes
Arc_4,PRDM16,activate,-0.020472166666666663,24,0.039975636029599505,-0.004478581298762847,-0.036465752034570476,yes,no
Arc_4,PRDM16,knockdown,-0.6000270833333334,24,0.06348412620347577,-0.5746281430590555,-0.6254260236076113,yes,yes
Arc_4,PROX1,activate,-0.5665384166666666,24,0.15848237808223806,-0.5031322599443597,-0.6299445733889735,yes,yes
Arc_4,PROX1,knockdown,-0.018587708333333338,24,0.031994040213328814,-0.005787426355652233,-0.03138799031101444,yes,no
Arc_4,RARB,activate,-0.019642666666666666,24,0.03866737275754605,-0.004172495618169484,-0.035112837715163846,yes,no
Arc_4,RARB,knockdown,-0.161792625,24,0.04534953331988678,-0.14364903293784578,-0.1799362170621542,yes,no
Arc_4,REST,activate,0.04048554166666667,24,0.04281814044758942,0.057616365652465244,0.023354717680868102,no,no
Arc_4,REST,knockdown,-0.5124407499999999,24,0.0224076562444528,-0.5034758203920021,-0.5214056796079977,yes,yes
Arc_4,RORA,activate,-0.8409998333333334,24,0.03200629053478554,-0.8281946502063158,-0.853805016460351,yes,yes
Arc_4,RORA,knockdown,0.05542933333333331,24,0.047527704313119964,0.07444437528812645,0.03641429137854017,no,no
Arc_4,RORB,activate,-0.7934374166666668,24,0.016700851756244597,-0.786755684371465,-0.8001191489618685,yes,yes
Arc_4,RORB,knockdown,-0.009111874999999997,24,0.04122053795327772,0.007379774868397889,-0.025603524868397884,no,no
Arc_4,RUNX1,activate,-0.013724083333333336,24,0.044601452590808575,0.004120214103621246,-0.03156838077028792,no,no
Arc_4,RUNX1,knockdown,-0.026490375,24,0.03890769861654463,-0.010924053582834195,-0.042056696417165806,yes,no
Arc_4,SIX1,activate,-0.36754662499999996,24,0.0859991612748851,-0.333139794639638,-0.4019534553603619,yes,yes
Arc_4,SIX1,knockdown,-0.0157365,24,0.04597403330709346,0.002656944093282612,-0.03412994409328261,no,no
Arc_4,SIX4,activate,-0.368755625,24,0.05581141681148615,-0.34642640780837775,-0.3910848421916222,yes,yes
Arc_4,SIX4,knockdown,-0.017768708333333338,24,0.036396271291915465,-0.0032071671098335437,-0.032330249556833134,yes,no
Arc_4,SMAD3,activate,-0.022966833333333336,24,0.03529923295960171,-0.00884419885309915,-0.03708946781356752,yes,no
Arc_4,SMAD3,knockdown,-0.6008382916666667,24,0.0328326270962539,-0.5877025050608532,-0.6139740782724802,yes,yes
Arc_4,SOX9,activate,0.034731416666666674,24,0.04041051117987548,0.05089898833050256,0.018563845002830787,no,no
Arc_4,SOX9,knockdown,-0.5311385833333334,24,0.041092547237029924,-0.5146981404162169,-0.54757902625045,yes,yes
Arc_4,SP100,activate,-0.008023916666666667,24,0.032730459143309985,0.005070994244859878,-0.021118827578193212,no,no
Arc_4,SP100,knockdown,-0.354928375,24,0.0506864804269408,-0.33464955939575,-0.37520719060425006,yes,yes
Arc_4,STAT1,activate,0.006883541666666667,24,0.04933503392464643,0.02662166606118599,-0.012854582727852656,no,no
Arc_4,STAT1,knockdown,-0.7092199583333333,24,0.04028137421825664,-0.6931040522144376,-0.725335864452229,yes,yes
Arc_4,TBX15,activate,-0.7113535416666665,24,0.06261028132682582,-0.6863042121558711,-0.736402871177462,yes,yes
Arc_4,TBX15,knockdown,-0.014704958333333337,24,0.04049518417688612,0.0014964895846550398,-0.030906406251321714,no,no
Arc_4,TCF12,activate,-0.0011830416666666664,24,0.046309036970899116,0.017344431806202782,-0.019710515139536113,no,no
Arc_4,TCF12,knockdown,-0.005544083333333335,24,0.04294561076921109,0.011637739402534424,-0.022725906069201093,no,no
Arc_4,TCF4,activate,-0.6438764583333333,24,0.02416510642116054,-0.6342084022157235,-0.6535445144509431,yes,yes
Arc_4,TCF4,knockdown,0.032670541666666664,24,0.03857451328102214,0.04810356118707047,0.01723752214626285,no,no
Arc_4,TCF7L2,activate,-0.017099125000000003,24,0.03246995403822687,-0.004108437837004604,-0.030089812162995402,yes,no
Arc_4,TCF7L2,knockdown,-0.8605908750000001,24,0.022007920543201467,-0.8517858729803421,-0.869395877019658,yes,yes
Arc_4,TEAD1,activate,-0.005279625,24,0.05692976840070236,0.01749702601356858,-0.02805627601356858,no,no
Arc_4,TEAD1,knockdown,0.035849666666666676,24,0.0689720855713235,0.06344424797040238,0.00825508536293098,no,no
Arc_4,ZBTB18,activate,0.0076095000000000025,24,0.11110912264232774,0.052062407186196605,-0.036843407186196594,no,no
Arc_4,ZBTB18,knockdown,-0.015309208333333333,24,0.07157658800618318,0.013327390963611985,-0.04394580763027865,no,no
Arc_4,ZBTB20,activate,-0.0025213333333333338,24,0.04272174942748632,0.014570926212675538,-0.019613592879342206,no,no
Arc_4,ZBTB20,knockdown,-0.014883541666666666,24,0.03587656395740111,-0.0005299266814067487,-0.029237156651926582,yes,no
Arc_4,ZBTB7A,activate,0.053755708333333325,24,0.11570101546940012,0.10004575526824258,0.007465661398424063,no,no
Arc_4,ZBTB7A,knockdown,-0.04165629166666667,24,0.0947319385623497,-0.003755622735667846,-0.0795569605976655,yes,no
Arc_4,ZEB1,activate,-0.40708975,24,0.12492724247798068,-0.3571084434894799,-0.45707105651052005,yes,yes
Arc_4,ZEB1,knockdown,-0.01856020833333334,24,0.038645857795898346,-0.003098645062221987,-0.03402177160444469,yes,no
Arc_5,ASCL1,activate,-0.019607333333333334,6,0.06001521768907171,0.0284148423124917,-0.06762950897915837,no,no
Arc_5,ASCL1,knockdown,-0.18586633333333336,6,0.03622293003425684,-0.1568819527796615,-0.21485071388700522,yes,no
Arc_5,CREB1,activate,0.022151000000000004,6,0.020332166947966957,0.03842012189994941,0.005881878100050596,no,no
Arc_5,CREB1,knockdown,-0.008804500000000002,6,0.04998852284174838,0.03119464882619679,-0.04880364882619679,no,no
Arc_5,CUX1,activate,-0.006427833333333337,6,0.07435684245156371,0.053070032144344366,-0.06592569881101104,no,no
Arc_5,CUX1,knockdown,-0.010662,6,0.02337965549788961,0.008045620601749083,-0.02936962060174908,no,no
Arc_5,CUX2,activate,-0.013900166666666667,6,0.02876647695785264,0.009117808813127773,-0.03691814214646111,no,no
Arc_5,CUX2,knockdown,-0.0657895,6,0.022730772417584054,-0.04760109399841243,-0.08397790600158757,yes,no
Arc_5,EGR1,activate,-0.12159550000000001,6,0.08590498478144327,-0.05285719616847716,-0.19033380383152287,yes,no
Arc_5,EGR1,knockdown,-0.029598000000000003,6,0.12681176147660753,0.07187254227373092,-0.13106854227373094,no,no
Arc_5,EHF,activate,-0.0603395,6,0.05436020130849406,-0.016842279863210262,-0.10383672013678974,yes,no
Arc_5,EHF,knockdown,-0.03287916666666666,6,0.024995976215516504,-0.012878220132085071,-0.05288011320124825,yes,no
Arc_5,ESR1,activate,-0.035943499999999996,6,0.03642008345267759,-0.006801363856110566,-0.06508563614388943,yes,no
Arc_5,ESR1,knockdown,-0.046042,6,0.048355271857368355,-0.007349724141455481,-0.08473427585854451,yes,no
Arc_5,ETS1,activate,0.023721166666666665,6,0.04523143605244771,0.05991385329619581,-0.012471519962862481,no,no
Arc_5,ETS1,knockdown,0.03299433333333334,6,0.025522326991610046,0.05341644820478298,0.012572218461883701,no,no
Arc_5,FOS,activate,0.082017,6,0.13700416297762633,0.19164316203121493,-0.027609162031214912,no,no
Arc_5,FOS,knockdown,-0.038225833333333334,6,0.07863534474882568,0.024695546991606074,-0.10114721365827274,no,no
Arc_5,FOXO3,activate,-0.11496049999999998,6,0.08711263931428091,-0.045255871287413416,-0.18466512871258656,yes,no
Arc_5,FOXO3,knockdown,-0.0084145,6,0.037477206217913304,0.021573510524856544,-0.03840251052485654,no,no
Arc_5,GRHL2,activate,0.1123,6,0.08322831358858596,0.17889652081183183,0.04570347918816818,no,no
Arc_5,GRHL2,knockdown,0.0460295,6,0.039455901782876536,0.07760079672507608,0.014458203274923913,no,no
Arc_5,HSF2,activate,0.0014298333333333327,6,0.0483072650412613,0.040083695738689466,-0.0372240290720228,no,no
Arc_5,HSF2,knockdown,-0.07121033333333333,6,0.0774509481301983,-0.009236667682174113,-0.13318399898449257,yes,no
Arc_5,JUN,activate,-0.06476816666666667,6,0.07618441932945783,-0.0038079351222495145,-0.12572839821108384,yes,no
Arc_5,JUN,knockdown,0.006097166666666667,6,0.04688334140573459,0.04361165286771126,-0.03141731953437792,no,no
Arc_5,JUNB,activate,-0.16328766666666666,6,0.11370473946263926,-0.07230492628027428,-0.25427040705305903,yes,no
Arc_5,JUNB,knockdown,-0.05970516666666666,6,0.08663082150693635,0.009613927505439525,-0.12902426083877286,no,no
Arc_5,JUND,activate,-0.03588966666666666,6,0.12505312534545734,0.06417367362664778,-0.1359530069599811,no,no
Arc_5,JUND,knockdown,0.068314,6,0.02374871202402354,0.08731692732567134,0.04931107267432865,no,no
Arc_5,KMT2A,activate,0.01623833333333333,6,0.0303300002813496,0.04050738803200707,-0.008030721365340408,no,no
Arc_5,KMT2A,knockdown,-0.0004028333333333303,6,0.068759459411536,0.054616192912305406,-0.05542185957897207,no,no
Arc_5,LMX1B,activate,0.0102085,6,0.04779308388773421,0.04845093179460044,-0.028033931794600432,no,no
Arc_5,LMX1B,knockdown,-0.011681666666666668,6,0.04593023574799793,0.025070176173789163,-0.048433509507122496,no,no
Arc_5,MEIS2,activate,-0.04758633333333332,6,0.11325827292108363,0.04303915941647384,-0.13821182608314048,no,no
Arc_5,MEIS2,knockdown,-0.26035966666666666,6,0.14268551532186674,-0.14618747596661608,-0.37453185736671724,yes,no
Arc_5,NFATC2,activate,-0.01577066666666667,6,0.02926964304986767,0.007649925539021427,-0.039191258872354764,no,no
Arc_5,NFATC2,knockdown,-0.09538649999999999,6,0.04037327305408864,-0.06308115337866561,-0.12769184662133437,yes,no
Arc_5,NFIA,activate,-0.20041249999999997,6,0.10536603793205856,-0.1161021104769216,-0.28472288952307834,yes,no
Arc_5,NFIA,knockdown,-0.034841166666666666,6,0.03213381913446745,-0.009128756280332901,-0.060553577053000435,yes,no
Arc_5,NFIB,activate,-0.014544000000000001,6,0.049031738492531556,0.024689561899372506,-0.05377756189937251,no,no
Arc_5,NFIB,knockdown,0.0017218333333333354,6,0.03567441398210581,0.0302673096354632,-0.026823642968796527,no,no
Arc_5,NFIX,activate,-0.05028150000000001,6,0.026299970325078317,-0.029237140868051445,-0.07132585913194857,yes,no
Arc_5,NFIX,knockdown,-0.0307465,6,0.01488142615141439,-0.018838879099480867,-0.042654120900519135,yes,no
Arc_5,NFKB1,activate,-0.014946166666666668,6,0.046431826664117645,0.022207032496464593,-0.05209936582979793,no,no
Arc_5,NFKB1,knockdown,-0.016435666666666664,6,0.05369691928469143,0.026530817315589917,-0.05940215064892325,no,no
Arc_5,NR3C2,activate,-0.023711,6,0.021852609793798085,-0.006225270442635798,-0.0411967295573642,yes,no
Arc_5,NR3C2,knockdown,-0.031793166666666664,6,0.0283279941500747,-0.00912605050595158,-0.054460282827381745,yes,no
Arc_5,PBX1,activate,-0.027829499999999997,6,0.07579744731519657,0.0328210894443893,-0.0884800894443893,no,no
Arc_5,PBX1,knockdown,0.0007384999999999996,6,0.02988990137655191,0.024655402232657136,-0.023178402232657137,no,no
Arc_5,PKNOX2,activate,0.020817,6,0.03782828640052309,0.05108593317821426,-0.009451933178214262,no,no
Arc_5,PKNOX2,knockdown,0.06474716666666668,6,0.045635061430512686,0.10126282086253821,0.028231512470795132,no,no
Arc_5,PPARG,activate,0.019889166666666663,6,0.06980770977024434,0.07574696788947019,-0.03596863455613687,no,no
Arc_5,PPARG,knockdown,0.006397,6,0.019750184049775334,0.02220043859434817,-0.009406438594348171,no,no
Arc_5,PRDM16,activate,-0.09098683333333334,6,0.029447313163795886,-0.06742407542790092,-0.11454959123876575,yes,no
Arc_5,PRDM16,knockdown,-0.006602333333333334,6,0.044795662605509774,0.02924166191730157,-0.04244632858396824,no,no
Arc_5,PROX1,activate,-0.01689866666666667,6,0.045626537175931584,0.019610166704978862,-0.0534075000383122,no,no
Arc_5,PROX1,knockdown,-0.1393965,6,0.04948170695014471,-0.09980288834760437,-0.17899011165239564,yes,no
Arc_5,RARB,activate,0.008555833333333334,6,0.042588295713337325,0.04263356721406261,-0.025521900547395948,no,no
Arc_5,RARB,knockdown,-0.02450033333333333,6,0.022725613071304957,-0.00631605566857053,-0.04268461099809613,yes,no
Arc_5,REST,activate,-0.06583883333333333,6,0.06057809149326732,-0.01736626484162119,-0.11431140182504548,yes,no
Arc_5,REST,knockdown,-0.008318166666666666,6,0.05053019097298828,0.03211440693314191,-0.048750740266475245,no,no
Arc_5,RORA,activate,-0.024596499999999997,6,0.03448880115486765,0.0030002884587807394,-0.05219328845878073,no,no
Arc_5,RORA,knockdown,-0.22298966666666667,6,0.06126941420208508,-0.17396392479944847,-0.27201540853388484,yes,no
Arc_5,RORB,activate,-0.06822966666666666,6,0.16970487565967768,0.0675625150613672,-0.20402184839470053,no,no
Arc_5,RORB,knockdown,-0.2129291666666667,6,0.11509785838566532,-0.12083169897954735,-0.3050266343537861,yes,no
Arc_5,RUNX1,activate,-0.00034849999999999926,6,0.027118986778639057,0.02135120878332334,-0.022048208783323336,no,no
Arc_5,RUNX1,knockdown,-0.009034333333333332,6,0.024284053192716135,0.010396956141528028,-0.02846562280819469,no,no
Arc_5,SIX1,activate,-0.009615666666666666,6,0.03321434419443905,0.016961343836399162,-0.03619267716973249,no,no
Arc_5,SIX1,knockdown,-0.03215916666666667,6,0.01928119004020931,-0.01673100143749901,-0.04758733189583433,yes,no
Arc_5,SIX4,activate,-0.0013315,6,0.029751582315903805,0.02247472393336275,-0.02513772393336275,no,no
Arc_5,SIX4,knockdown,-0.05661866666666667,6,0.03605909990926932,-0.02776537751516199,-0.08547195581817135,yes,no
Arc_5,SMAD3,activate,0.006777166666666665,6,0.07133985473889519,0.06386093919529146,-0.05030660586195813,no,no
Arc_5,SMAD3,knockdown,-4.516666666666674e-05,6,0.03989975042737319,0.03188128294107673,-0.03197161627441006,no,no
Arc_5,SOX9,activate,-0.042681500000000004,6,0.02829940318628646,-0.020037261374979874,-0.06532573862502014,yes,no
Arc_5,SOX9,knockdown,-0.01626633333333333,6,0.028950666145473522,0.006899024191558689,-0.03943169085822535,no,no
Arc_5,SP100,activate,-0.002983499999999997,6,0.05111348624678226,0.03791580702459819,-0.04388280702459819,no,no
Arc_5,SP100,knockdown,-0.005974,6,0.048437894578521885,0.032784387804486746,-0.044732387804486747,no,no
Arc_5,STAT1,activate,-0.028752333333333335,6,0.10137404732902137,0.05236379844483907,-0.10986846511150575,no,no
Arc_5,STAT1,knockdown,-0.012222000000000002,6,0.04312542947728173,0.022285530404855494,-0.0467295304048555,no,no
Arc_5,TBX15,activate,-0.04921683333333332,6,0.05305553122311251,-0.006763566687217247,-0.09167009997944939,yes,no
Arc_5,TBX15,knockdown,-0.11078433333333333,6,0.09989449538721674,-0.030852089674913624,-0.19071657699175304,yes,no
Arc_5,TCF12,activate,0.07882833333333333,6,0.05962724623413919,0.1265400671600374,0.03111659950662926,no,no
Arc_5,TCF12,knockdown,0.057288,6,0.05476460290735248,0.10110880880912355,0.013467191190876443,no,no
Arc_5,TCF4,activate,-0.012581666666666666,6,0.05368297277411774,0.03037365778295461,-0.05553699111628794,no,no
Arc_5,TCF4,knockdown,-0.2693375,6,0.05259535310557387,-0.22725245253628024,-0.3114225474637198,yes,no
Arc_5,TCF7L2,activate,-0.3518136666666667,6,0.03795646480728504,-0.32144216940219994,-0.38218516393113344,yes,yes
Arc_5,TCF7L2,knockdown,-0.020485499999999997,6,0.048642334638666344,0.018436473922397105,-0.0594074739223971,no,no
Arc_5,TEAD1,activate,0.017772333333333334,6,0.06418697508892802,0.06913261011953215,-0.033587943452865476,no,no
Arc_5,TEAD1,knockdown,-0.03798516666666666,6,0.04392297291585198,-0.0028394686008918896,-0.07313086473244143,yes,no
Arc_5,ZBTB18,activate,-0.025953666666666663,6,0.03578626801814722,0.002681311504694167,-0.05458864483802749,no,no
Arc_5,ZBTB18,knockdown,-0.07478266666666666,6,0.1726264390708059,0.06334725266679397,-0.2129125860001273,no,no
Arc_5,ZBTB20,activate,-0.0011904999999999995,6,0.029806731399131974,0.022659852390501906,-0.025040852390501907,no,no
Arc_5,ZBTB20,knockdown,-0.005208166666666667,6,0.034074100671428825,0.02205679229581393,-0.03247312562914727,no,no
Arc_5,ZBTB7A,activate,-0.006967000000000002,6,0.03825130546268977,0.023640418923782082,-0.037574418923782084,no,no
Arc_5,ZBTB7A,knockdown,0.016142000000000004,6,0.0578441952178436,0.06242699586944752,-0.030142995869447513,no,no
Arc_5,ZEB1,activate,-0.042076,6,0.1354749516213237,0.0663265381041567,-0.1504785381041567,no,no
Arc_5,ZEB1,knockdown,-0.19512533333333335,6,0.10573096423028908,-0.11052294195695506,-0.27972772470971163,yes,no
Arc_5_Generalist,ASCL1,activate,-0.023001666666666667,3,0.06989927376112955,0.05609680779674242,-0.10210014113007576,no,no
Arc_5_Generalist,ASCL1,knockdown,-0.14207766666666669,3,0.08422950253523603,-0.04676301178031017,-0.2373923215530232,yes,no
Arc_5_Generalist,CREB1,activate,0.049084333333333334,3,0.0566853798111412,0.11322987914776728,-0.015061212481100615,no,no
Arc_5_Generalist,CREB1,knockdown,0.06704800000000001,3,0.04617122861696449,0.1192956636908076,0.014800336309192419,no,no
Arc_5_Generalist,CUX1,activate,0.012762333333333336,3,0.06647621207870777,0.08798724885249655,-0.06246258218582988,no,no
Arc_5_Generalist,CUX1,knockdown,0.003359333333333332,3,0.06563191557720477,0.07762883742015605,-0.0709101707534894,no,no
Arc_5_Generalist,CUX2,activate,0.04181933333333334,3,0.006076012700228111,0.04869498896676286,0.03494367769990382,no,no
Arc_5_Generalist,CUX2,knockdown,-0.08676299999999999,3,0.032453065355987555,-0.050038899402156445,-0.12348710059784354,yes,no
Arc_5_Generalist,EGR1,activate,-0.035205999999999994,3,0.14127799372513752,0.1246650999072457,-0.19507709990724567,no,no
Arc_5_Generalist,EGR1,knockdown,-0.24220166666666665,3,0.21211561383673133,-0.0021702534406659313,-0.4822330798926674,yes,no
Arc_5_Generalist,EHF,activate,-0.048115333333333336,3,0.0465171632984357,0.004523792301154343,-0.10075445896782101,no,no
Arc_5_Generalist,EHF,knockdown,0.015028333333333333,3,0.05405138255709407,0.07619323066137636,-0.04613656399470969,no,no
Arc_5_Generalist,ESR1,activate,-0.023291333333333334,3,0.05430216323806385,0.038157349050293984,-0.08474001571696066,no,no
Arc_5_Generalist,ESR1,knockdown,0.08498766666666667,3,0.10207617583125522,0.2004977335509513,-0.03052240021761797,no,no
Arc_5_Generalist,ETS1,activate,0.029406666666666664,3,0.06370949238797413,0.10150074412372398,-0.04268741079039065,no,no
Arc_5_Generalist,ETS1,knockdown,0.029255000000000003,3,0.025931355980742695,0.058599091697630265,-8.909169763026206e-05,no,no
Arc_5_Generalist,FOS,activate,0.15327933333333332,3,0.09424841596723697,0.2599314560589183,0.046627210607748354,no,no
Arc_5_Generalist,FOS,knockdown,-0.1558453333333333,3,0.13901341619186738,0.001463155854981163,-0.3131538225216478,no,no
Arc_5_Generalist,FOXO3,activate,-0.127345,3,0.17177604482290307,0.0670378936089113,-0.3217278936089113,no,no
Arc_5_Generalist,FOXO3,knockdown,0.008063999999999998,3,0.024546807878011348,0.03584132802678712,-0.019713328026787127,no,no
Arc_5_Generalist,GRHL2,activate,0.09629666666666668,3,0.008657554177325912,0.10609361148688033,0.08649972184645303,no,no
Arc_5_Generalist,GRHL2,knockdown,-0.0013543333333333348,3,0.04724976239446431,0.05211380622034272,-0.05482247288700939,no,no
Arc_5_Generalist,HSF2,activate,0.005222666666666667,3,0.02716396208827669,0.03596158348155641,-0.025516250148223073,no,no
Arc_5_Generalist,HSF2,knockdown,-0.004643666666666667,3,0.07439322473406658,0.07954019205248476,-0.0888275253858181,no,no
Arc_5_Generalist,JUN,activate,-0.020325333333333338,3,0.08055415378696082,0.07083027291822558,-0.11148093958489225,no,no
Arc_5_Generalist,JUN,knockdown,-0.05393433333333333,3,0.07901417608463264,0.0354786240978946,-0.14334729076456126,no,no
Arc_5_Generalist,JUNB,activate,-0.035492,3,0.07385774949861389,0.048085911447338765,-0.11906991144733878,no,no
Arc_5_Generalist,JUNB,knockdown,-0.170724,3,0.16344884191697412,0.014235776443815296,-0.35568377644381527,no,no
Arc_5_Generalist,JUND,activate,-0.07888933333333334,3,0.05501052859529105,-0.01663906008753374,-0.14113960657913294,yes,no
Arc_5_Generalist,JUND,knockdown,0.05400033333333334,3,0.09745625214081102,0.16428246441244354,-0.05628179774577687,no,no
Arc_5_Generalist,KMT2A,activate,0.004078000000000002,3,0.0286811168366924,0.03653373903159399,-0.028377739031593987,no,no
Arc_5_Generalist,KMT2A,knockdown,0.007964333333333334,3,0.028718777155953792,0.04046268902803546,-0.024534022361368788,no,no
Arc_5_Generalist,LMX1B,activate,0.011403999999999997,3,0.0351385687244088,0.05116703373947215,-0.028359033739472156,no,no
Arc_5_Generalist,LMX1B,knockdown,-0.05012333333333333,3,0.025711809472173153,-0.02102768189791471,-0.07921898476875196,yes,no
Arc_5_Generalist,MEIS2,activate,0.0018706666666666674,3,0.04579450422630792,0.053692026577896755,-0.04995069324456342,no,no
Arc_5_Generalist,MEIS2,knockdown,-0.27097566666666667,3,0.10770216217575827,-0.14909919691068826,-0.39285213642264505,yes,no
Arc_5_Generalist,NFATC2,activate,0.006732000000000002,3,0.028894713997546333,0.039429446973095625,-0.02596544697309562,no,no
Arc_5_Generalist,NFATC2,knockdown,-0.125484,3,0.04494952453586134,-0.07461882462217856,-0.17634917537782147,yes,no
Arc_5_Generalist,NFIA,activate,-0.11987766666666666,3,0.25148094572419066,0.1646998130847827,-0.40445514641811603,no,no
Arc_5_Generalist,NFIA,knockdown,0.013941,3,0.03752581548747476,0.056405457759577414,-0.02852345775957741,no,no
Arc_5_Generalist,NFIB,activate,0.019343,3,0.016818708987315287,0.038375160876046976,0.00031083912395301824,no,no
Arc_5_Generalist,NFIB,knockdown,0.013193000000000002,3,0.05349009178343219,0.07372273702467903,-0.04733673702467903,no,no
Arc_5_Generalist,NFIX,activate,-0.07092133333333334,3,0.04381004104464333,-0.02134560491227991,-0.12049706175438676,yes,no
Arc_5_Generalist,NFIX,knockdown,0.010276333333333334,3,0.033532404123971384,0.048221820726531715,-0.027669154059865052,no,no
Arc_5_Generalist,NFKB1,activate,0.051105333333333336,3,0.05092027272445949,0.10872704633609799,-0.006516379669431319,no,no
Arc_5_Generalist,NFKB1,knockdown,0.010187333333333333,3,0.07397854506769738,0.09390193783515355,-0.07352727116848687,no,no
Arc_5_Generalist,NR3C2,activate,0.018962999999999997,3,0.05034340763198296,0.07593192869856691,-0.03800592869856691,no,no
Arc_5_Generalist,NR3C2,knockdown,0.0072549999999999976,3,0.07564842941528925,0.09285925652991173,-0.07834925652991173,no,no
Arc_5_Generalist,PBX1,activate,-0.04566933333333333,3,0.10209002853527534,0.06985640936124554,-0.16119507602791222,no,no
Arc_5_Generalist,PBX1,knockdown,-0.010568333333333332,3,0.04256019512799881,0.037593061289936364,-0.05872972795660303,no,no
Arc_5_Generalist,PKNOX2,activate,-0.0034720000000000016,3,0.04059958955457555,0.04247076055831213,-0.049414760558312135,no,no
Arc_5_Generalist,PKNOX2,knockdown,0.011315666666666667,3,0.019146987239075847,0.032982522410502174,-0.010351189077168843,no,no
Arc_5_Generalist,PPARG,activate,-0.024717,3,0.024035,0.0024811628911464052,-0.05191516289114641,no,no
Arc_5_Generalist,PPARG,knockdown,0.023972666666666666,3,0.010591408515081143,0.035957973678934274,0.011987359654399057,no,no
Arc_5_Generalist,PRDM16,activate,-0.029111333333333336,3,0.0624662794660714,0.04157591626608767,-0.09979858293275434,no,no
Arc_5_Generalist,PRDM16,knockdown,0.018935333333333335,3,0.12636139707336783,0.1619267150996861,-0.12405604843301943,no,no
Arc_5_Generalist,PROX1,activate,0.0063396666666666645,3,0.06347486631993275,0.07816823973358047,-0.06548890640024715,no,no
Arc_5_Generalist,PROX1,knockdown,-0.12435433333333333,3,0.05212156791898468,-0.06537322684685544,-0.1833354398198112,yes,no
Arc_5_Generalist,RARB,activate,0.016576333333333335,3,0.11376251335274434,0.1453107360408082,-0.11215806937414155,no,no
Arc_5_Generalist,RARB,knockdown,-0.015722,3,0.019427864833789634,0.0062626986634734955,-0.037706698663473495,no,no
Arc_5_Generalist,REST,activate,-0.06569766666666667,3,0.08106429089514898,0.026035214066494908,-0.15743054739982826,no,no
Arc_5_Generalist,REST,knockdown,0.028145,3,0.059963023014187676,0.09599954825818337,-0.03970954825818336,no,no
Arc_5_Generalist,RORA,activate,-0.0036119999999999993,3,0.05540841067022226,0.05908851919901143,-0.06631251919901143,no,no
Arc_5_Generalist,RORA,knockdown,-0.17167033333333334,3,0.13750810572956537,-0.016065263290241966,-0.3272754033764247,yes,no
Arc_5_Generalist,RORB,activate,0.046172,3,0.02254742051765567,0.07168680823858438,0.020657191761415616,no,no
Arc_5_Generalist,RORB,knockdown,-0.26071099999999997,3,0.04381682372103209,-0.21112759625807034,-0.3102944037419296,yes,no
Arc_5_Generalist,RUNX1,activate,-0.014874666666666666,3,0.04942783537980733,0.04105819449483818,-0.07080752782817151,no,no
Arc_5_Generalist,RUNX1,knockdown,-0.0020803333333333333,3,0.019384582361591733,0.019855386602069845,-0.02401605326873651,no,no
Arc_5_Generalist,SIX1,activate,-0.001274666666666667,3,0.04435038227944978,0.048912515422831496,-0.05146184875616483,no,no
Arc_5_Generalist,SIX1,knockdown,0.019813,3,0.0460909077259279,0.07196977204620701,-0.032343772046207,no,no
Arc_5_Generalist,SIX4,activate,0.031760666666666666,3,0.03248842717543177,0.06852478293022152,-0.005003449596888178,no,no
Arc_5_Generalist,SIX4,knockdown,-0.01542033333333333,3,0.07562028504530602,0.07015207484378985,-0.10099274151045651,no,no
Arc_5_Generalist,SMAD3,activate,0.05738733333333334,3,0.04776165309464627,0.11143473174475901,0.003339934921907664,no,no
Arc_5_Generalist,SMAD3,knockdown,0.06299066666666665,3,0.07403683216705947,0.14677122923060054,-0.02078989589726725,no,no
Arc_5_Generalist,SOX9,activate,-0.045411,3,0.07358977407901182,0.0378636687132776,-0.1286856687132776,no,no
Arc_5_Generalist,SOX9,knockdown,0.024345666666666668,3,0.05090323832855168,0.08194810343582813,-0.033256770102494795,no,no
Arc_5_Generalist,SP100,activate,-0.030275999999999997,3,0.07065717955735284,0.04968012560973009,-0.11023212560973009,no,no
Arc_5_Generalist,SP100,knockdown,0.010439333333333333,3,0.025860856527449613,0.03970364738942409,-0.01882498072275743,no,no
Arc_5_Generalist,STAT1,activate,0.090043,3,0.1337697476001207,0.24141771958126163,-0.06133171958126164,no,no
Arc_5_Generalist,STAT1,knockdown,-0.019577666666666667,3,0.02158399759852964,0.00484692590778401,-0.04400225924111734,no,no
Arc_5_Generalist,TBX15,activate,0.0026423333333333333,3,0.03177142037009572,0.03859508001562792,-0.03331041334896126,no,no
Arc_5_Generalist,TBX15,knockdown,-0.17000866666666667,3,0.019218503644491503,-0.1482608824916315,-0.19175645084170184,yes,no
Arc_5_Generalist,TCF12,activate,0.044919999999999995,3,0.04001793878999767,0.09020456075632546,-0.0003645607563254813,no,no
Arc_5_Generalist,TCF12,knockdown,0.06540166666666668,3,0.047490749650151175,0.11914250897194921,0.011660824361384145,no,no
Arc_5_Generalist,TCF4,activate,0.001299333333333333,3,0.04121984432689349,0.04794397824078273,-0.045345311574116066,no,no
Arc_5_Generalist,TCF4,knockdown,-0.245246,3,0.07446832107681763,-0.16097716176919172,-0.3295148382308083,yes,no
Arc_5_Generalist,TCF7L2,activate,-0.331426,3,0.022999078525019204,-0.305400092612035,-0.357451907387965,yes,yes
Arc_5_Generalist,TCF7L2,knockdown,0.004471,3,0.036074650282435165,0.04529330974091168,-0.03635130974091168,no,no
Arc_5_Generalist,TEAD1,activate,0.0064273333333333335,3,0.023741838773214962,0.033293753066607146,-0.02043908639994048,no,no
Arc_5_Generalist,TEAD1,knockdown,-0.054382999999999994,3,0.043139088910175184,-0.005566525394025697,-0.10319947460597428,yes,no
Arc_5_Generalist,ZBTB18,activate,0.02904666666666667,3,0.0457387132562049,0.0808048931519464,-0.022711559818613062,no,no
Arc_5_Generalist,ZBTB18,knockdown,-0.10321200000000001,3,0.15399423946044216,0.07104888658803042,-0.27747288658803043,no,no
Arc_5_Generalist,ZBTB20,activate,0.038488333333333326,3,0.015419109583024995,0.055936698387444014,0.021039968279222637,no,no
Arc_5_Generalist,ZBTB20,knockdown,0.034327666666666666,3,0.01575535598878468,0.05215653034842098,0.016498802984912356,no,no
Arc_5_Generalist,ZBTB7A,activate,0.0010803333333333335,3,0.05187087491389878,0.059777753978829444,-0.05761708731216277,no,no
Arc_5_Generalist,ZBTB7A,knockdown,0.0035723333333333323,3,0.10509982766081652,0.1225039843651745,-0.11535931769850784,no,no
Arc_5_Generalist,ZEB1,activate,0.02573366666666667,3,0.01465307245369835,0.042315179104838424,0.009152154228494917,no,no
Arc_5_Generalist,ZEB1,knockdown,-0.2558753333333333,3,0.03446153963962337,-0.21687843012558727,-0.2948722365410793,yes,no
Arc_6,ASCL1,activate,-0.012673624999999997,8,0.0539353258686139,0.024701648973859045,-0.05004889897385904,no,no
Arc_6,ASCL1,knockdown,-0.13906487499999998,8,0.07168996163129417,-0.0893862661477583,-0.18874348385224166,yes,no
Arc_6,CREB1,activate,0.024135875,8,0.05174691619365903,0.0599946584391077,-0.011722908439107699,no,no
Arc_6,CREB1,knockdown,0.0292005,8,0.051287933125499556,0.06474122439996123,-0.006340224399961233,no,no
Arc_6,CUX1,activate,-0.019758374999999998,8,0.057239641298510446,0.019906672744565052,-0.05942342274456505,no,no
Arc_6,CUX1,knockdown,0.0024194999999999998,8,0.04629426821355503,0.034499791164196124,-0.029660791164196128,no,no
Arc_6,CUX2,activate,-0.0013821249999999997,8,0.0496509582713955,0.03302423370039177,-0.03578848370039177,no,no
Arc_6,CUX2,knockdown,-0.095527625,8,0.07436887562287543,-0.043992623463088944,-0.14706262653691107,yes,no
Arc_6,EGR1,activate,-0.00519125,8,0.03640032922437456,0.020032891239338553,-0.03041539123933855,no,no
Arc_6,EGR1,knockdown,-0.37059875,8,0.04388416448446978,-0.34018857551219905,-0.4010089244878009,yes,yes
Arc_6,EHF,activate,-0.057607875,8,0.05012291656785205,-0.02287446588598379,-0.09234128411401621,yes,no
Arc_6,EHF,knockdown,-0.008369624999999999,8,0.05074544539150428,0.026795174579651027,-0.043534424579651024,no,no
Arc_6,ESR1,activate,-0.048483875,8,0.06637821706476024,-0.00248611733862672,-0.09448163266137329,yes,no
Arc_6,ESR1,knockdown,0.026088499999999997,8,0.0942630802397509,0.09140948198799831,-0.03923248198799831,no,no
Arc_6,ETS1,activate,0.007399625,8,0.046300623216840794,0.0394843199567956,-0.024685069956795598,no,no
Arc_6,ETS1,knockdown,-0.006278374999999996,8,0.06221961971904154,0.03683762172565885,-0.049394371725658845,no,no
Arc_6,FOS,activate,0.071997,8,0.09339473653569257,0.13671625050088881,0.007277749499111183,no,no
Arc_6,FOS,knockdown,-0.29295224999999997,8,0.061860134658183304,-0.25008536371212386,-0.3358191362878761,yes,no
Arc_6,FOXO3,activate,-0.20004899999999998,8,0.06461962618497352,-0.15526988364432812,-0.24482811635567184,yes,no
Arc_6,FOXO3,knockdown,-0.027412250000000003,8,0.03548995458174447,-0.0028189662022209926,-0.052005533797779016,yes,no
Arc_6,GRHL2,activate,0.03382,8,0.05011194550204572,0.06854580655328829,-0.0009058065532882922,no,no
Arc_6,GRHL2,knockdown,0.007883,8,0.0390745782538249,0.0349603012701783,-0.019194301270178307,no,no
Arc_6,HSF2,activate,0.007076500000000002,8,0.061559640482102516,0.04973515444765458,-0.03558215444765458,no,no
Arc_6,HSF2,knockdown,-0.011540250000000002,8,0.04895155338188973,0.022381445839030505,-0.04546194583903051,no,no
Arc_6,JUN,activate,0.0041899999999999975,8,0.046530761628349536,0.03643417273955714,-0.02805417273955714,no,no
Arc_6,JUN,knockdown,-0.1001445,8,0.06080143820432445,-0.058011252925030815,-0.14227774707496918,yes,no
Arc_6,JUNB,activate,-0.028129374999999998,8,0.04072745461141661,9.331114947600666e-05,-0.056352061149476,no,no
Arc_6,JUNB,knockdown,-0.298606375,8,0.03815489832600603,-0.2721663794050339,-0.32504637059496605,yes,no
Arc_6,JUND,activate,-0.005541999999999991,8,0.16587618767536913,0.10940433359977342,-0.1204883335997734,no,no
Arc_6,JUND,knockdown,0.093650875,8,0.049384184106242825,0.12787236863559143,0.05942938136440856,no,no
Arc_6,KMT2A,activate,0.003829250000000001,8,0.03463905646087953,0.027832891483043777,-0.02017439148304377,no,no
Arc_6,KMT2A,knockdown,-0.005218749999999999,8,0.046574269928332135,0.027055572453233624,-0.037493072453233627,no,no
Arc_6,LMX1B,activate,-0.006229499999999997,8,0.05770618023351447,0.03375884273230136,-0.04621784273230136,no,no
Arc_6,LMX1B,knockdown,-0.025815875000000002,8,0.03783126326744475,0.0003998529413184529,-0.05203160294131846,no,no
Arc_6,MEIS2,activate,-0.008829625,8,0.05632174843810337,0.030199355443888416,-0.04785860544388842,no,no
Arc_6,MEIS2,knockdown,-0.27852475,8,0.08991863361911463,-0.21621431592463747,-0.3408351840753625,yes,no
Arc_6,NFATC2,activate,0.013121125000000003,8,0.046669683161670535,0.04546156545065597,-0.019219315450655965,no,no
Arc_6,NFATC2,knockdown,-0.16419537499999998,8,0.0396155902894573,-0.13674317151630444,-0.1916475784836955,yes,no
Arc_6,NFIA,activate,-0.07598125,8,0.154683191880095,0.031208733235715172,-0.18317123323571516,no,no
Arc_6,NFIA,knockdown,-0.006065749999999999,8,0.04350596085841899,0.024082342746124086,-0.03621384274612408,no,no
Arc_6,NFIB,activate,0.001976125000000004,8,0.06355775070963303,0.0460193991932707,-0.042067149193270696,no,no
Arc_6,NFIB,knockdown,-0.010480624999999999,8,0.03502331866847531,0.01378929660753357,-0.034750546607533565,no,no
Arc_6,NFIX,activate,-0.067462,8,0.04601896878462185,-0.0355724816069982,-0.0993515183930018,yes,no
Arc_6,NFIX,knockdown,-0.02758725,8,0.052646248342118354,0.008894738822608064,-0.06406923882260807,no,no
Arc_6,NFKB1,activate,0.026158374999999998,8,0.04289137145972869,0.055880579021293994,-0.003563829021293999,no,no
Arc_6,NFKB1,knockdown,0.03547375,8,0.05164222108964164,0.07125998343346013,-0.0003124834334601312,no,no
Arc_6,NR3C2,activate,-0.00780025,8,0.05273137874372606,0.02874073118118476,-0.04434123118118476,no,no
Arc_6,NR3C2,knockdown,-0.016394125,8,0.04864081616572503,0.01731224093416776,-0.050100490934167755,no,no
Arc_6,PBX1,activate,0.007980125000000001,8,0.06151765628416308,0.05060968588281024,-0.034649435882810234,no,no
Arc_6,PBX1,knockdown,0.017197625,8,0.059858657824525034,0.0586775586032379,-0.0242823086032379,no,no
Arc_6,PKNOX2,activate,0.007127875,8,0.04358344233253692,0.0373296596683739,-0.0230739096683739,no,no
Arc_6,PKNOX2,knockdown,0.0198655,8,0.059421901940999125,0.0610427772172129,-0.021311777217212897,no,no
Arc_6,PPARG,activate,-0.034173749999999996,8,0.04470591728092123,-0.00319412987686582,-0.06515337012313417,yes,no
Arc_6,PPARG,knockdown,-0.016811625,8,0.060165029225426526,0.024880613152474192,-0.05850386315247419,no,no
Arc_6,PRDM16,activate,-0.056177875,8,0.06073577484349142,-0.01409013031259694,-0.09826561968740306,yes,no
Arc_6,PRDM16,knockdown,0.018632000000000003,8,0.08484621531756313,0.07742742752488155,-0.04016342752488154,no,no
Arc_6,PROX1,activate,-0.01117175,8,0.037730544586391995,0.014974183456201174,-0.03731768345620117,no,no
Arc_6,PROX1,knockdown,-0.1230315,8,0.048463574963942914,-0.08944795595240432,-0.1566150440475957,yes,no
Arc_6,RARB,activate,0.039288875,8,0.06629051675000085,0.08522585944384029,-0.006648109443840283,no,no
Arc_6,RARB,knockdown,-0.021274999999999995,8,0.04813439314787593,0.012080432687099109,-0.0546304326870991,no,no
Arc_6,REST,activate,-0.062258875,8,0.0432023237583929,-0.03232119202927522,-0.09219655797072478,yes,no
Arc_6,REST,knockdown,-0.01613675,8,0.055766964413786875,0.02250778472911403,-0.054781284729114026,no,no
Arc_6,RORA,activate,0.01145825,8,0.0591164419858928,0.052423854267689,-0.029507354267689006,no,no
Arc_6,RORA,knockdown,-0.09776475,8,0.06638104143019409,-0.05176503515323491,-0.14376446484676508,yes,no
Arc_6,RORB,activate,-0.003947500000000001,8,0.04558733319997689,0.027642910193076,-0.035537910193076,no,no
Arc_6,RORB,knockdown,-0.3267525,8,0.10958555343396577,-0.2508135858058268,-0.4026914141941732,yes,yes
Arc_6,RUNX1,activate,-0.005380624999999999,8,0.04517727747105206,0.025925631070220605,-0.036686881070220605,no,no
Arc_6,RUNX1,knockdown,-0.017428625000000003,8,0.03502726787574626,0.006844033268550334,-0.04170128326855034,no,no
Arc_6,SIX1,activate,-0.012188625000000005,8,0.03341086218555491,0.010963921272361163,-0.03534117127236117,no,no
Arc_6,SIX1,knockdown,-0.01149775,8,0.044426593251436365,0.019288308446045017,-0.04228380844604502,no,no
Arc_6,SIX4,activate,-0.013047749999999999,8,0.04717745687977318,0.01964455968524708,-0.045740059685247074,no,no
Arc_6,SIX4,knockdown,-0.036268625,8,0.023685440156575397,-0.01985545235689943,-0.05268179764310057,yes,no
Arc_6,SMAD3,activate,0.035041125000000006,8,0.03063339685207027,0.05626898599197998,0.013813264008020035,no,no
Arc_6,SMAD3,knockdown,-0.003953125000000002,8,0.06042552060284627,0.03791962446750003,-0.045825874467500034,no,no
Arc_6,SOX9,activate,-0.052559499999999995,8,0.05084394915256458,-0.017326440796479214,-0.08779255920352078,yes,no
Arc_6,SOX9,knockdown,-0.0008776250000000017,8,0.0508230075399982,0.0343409224063912,-0.0360961724063912,no,no
Arc_6,SP100,activate,-0.025000375,8,0.04723380648566237,0.0077309829699196905,-0.05773173296991969,no,no
Arc_6,SP100,knockdown,-0.004524500000000001,8,0.0335588394529455,0.018730589287009842,-0.027779589287009843,no,no
Arc_6,STAT1,activate,0.0887625,8,0.08054935393551317,0.14458035450023674,0.03294464549976325,no,no
Arc_6,STAT1,knockdown,0.0018591249999999999,8,0.015359169103619225,0.012502486174028857,-0.008784236174028858,no,no
Arc_6,TBX15,activate,-0.012769875000000002,8,0.043237378727992486,0.017192099825308574,-0.042731849825308574,no,no
Arc_6,TBX15,knockdown,-0.19836237499999998,8,0.05859055640127269,-0.15776119085006385,-0.2389635591499361,yes,no
Arc_6,TCF12,activate,0.014414125,8,0.04507746282452495,0.04565121304906797,-0.016822963049067968,no,no
Arc_6,TCF12,knockdown,0.015033749999999999,8,0.047887476014835326,0.04821807784351823,-0.018150577843518235,no,no
Arc_6,TCF4,activate,-0.002825500000000004,8,0.046271692324480945,0.02923914687122563,-0.03489014687122564,no,no
Arc_6,TCF4,knockdown,-0.19937887499999998,8,0.036757082164772775,-0.1739075165857649,-0.22485023341423507,yes,no
Arc_6,TCF7L2,activate,-0.32690425,8,0.04495995322744771,-0.2957485919472209,-0.3580599080527791,yes,yes
Arc_6,TCF7L2,knockdown,-0.0003757499999999985,8,0.03143532226083991,0.021407816948635847,-0.022159316948635842,no,no
Arc_6,TEAD1,activate,0.039659875,8,0.07398157098404884,0.09092648811514176,-0.011606738115141756,no,no
Arc_6,TEAD1,knockdown,-0.023871125000000003,8,0.059483556852623444,0.017348876891193844,-0.06509112689119385,no,no
Arc_6,ZBTB18,activate,-0.025762124999999997,8,0.06323786279355453,0.018059478176885538,-0.06958372817688553,no,no
Arc_6,ZBTB18,knockdown,0.001156750000000002,8,0.07354749879353963,0.052122566433496866,-0.049809066433496856,no,no
Arc_6,ZBTB20,activate,-0.017361625,8,0.03809176793683343,0.00903462346720884,-0.04375787346720884,no,no
Arc_6,ZBTB20,knockdown,-0.004023625,8,0.05628746689460021,0.0349815995462454,-0.043028849546245404,no,no
Arc_6,ZBTB7A,activate,-0.01386,8,0.04382205821925105,0.01650713704173641,-0.04422713704173641,no,no
Arc_6,ZBTB7A,knockdown,0.007513500000000001,8,0.0627084072490626,0.05096820920315542,-0.03594120920315542,no,no
Arc_6,ZEB1,activate,-0.013486874999999999,8,0.0352825833255588,0.0109627078487364,-0.037936457848736393,no,no
Arc_6,ZEB1,knockdown,-0.25709800000000005,8,0.0992757085955213,-0.18830344378010716,-0.32589255621989294,yes,no
Generalist,ASCL1,activate,-0.03640792424242424,66,0.10004235511519198,-0.012271773444087048,-0.06054407504076144,yes,no
Generalist,ASCL1,knockdown,-0.1659143939393939,66,0.047252765107819165,-0.15451422385175928,-0.1773145640270285,yes,no
Generalist,CREB1,activate,0.014210166666666666,66,0.047134897288064706,0.025581900043984022,0.002838433289349308,no,no
Generalist,CREB1,knockdown,0.015013590909090907,66,0.050232427181277815,0.02713263224930923,0.002894549568872584,no,no
Generalist,CUX1,activate,-0.01816278787878788,66,0.04469323426977258,-0.007380128466596244,-0.028945447290979514,yes,no
Generalist,CUX1,knockdown,-0.019448045454545454,66,0.08816100404939763,0.0018216186374182194,-0.04071770954650913,no,no
Generalist,CUX2,activate,-0.011922484848484847,66,0.07674849903122485,0.0065938060168266605,-0.030438775713796357,no,no
Generalist,CUX2,knockdown,-0.0660201515151515,66,0.05829384561769593,-0.051956217826029084,-0.08008408520427392,yes,no
Generalist,EGR1,activate,-0.10275536363636362,66,0.16048524097696634,-0.06403680315598033,-0.14147392411674692,yes,no
Generalist,EGR1,knockdown,-0.1631225,66,0.19154660160776701,-0.11691009670350838,-0.20933490329649163,yes,no
Generalist,EHF,activate,-0.06946100000000001,66,0.04212439298992011,-0.05929809749413192,-0.0796239025058681,yes,no
Generalist,EHF,knockdown,-0.025246909090909077,66,0.09188684327981926,-0.003078351551142503,-0.047415466630675654,yes,no
Generalist,ESR1,activate,-0.0412385606060606,66,0.05598812364644949,-0.02773090383717826,-0.05474621737494294,yes,no
Generalist,ESR1,knockdown,-0.007810560606060611,66,0.07462771778390877,0.010194072012735532,-0.02581519322485675,no,no
Generalist,ETS1,activate,0.02285131818181818,66,0.04706814659198825,0.03420694733143578,0.011495689032200582,no,no
Generalist,ETS1,knockdown,0.012851681818181816,66,0.04367811396116933,0.023389433992647077,0.002313929643716555,no,no
Generalist,FOS,activate,0.04330309090909091,66,0.13028976098713174,0.07473671035001492,0.0118694714681669,no,no
Generalist,FOS,knockdown,-0.1345589696969697,66,0.16358384665701795,-0.09509284171008184,-0.17402509768385757,yes,no
Generalist,FOXO3,activate,-0.09308643939393937,66,0.11959108438728633,-0.06423397541920947,-0.12193890336866928,yes,no
Generalist,FOXO3,knockdown,-0.019846212121212126,66,0.11228001894528837,0.007242389159547884,-0.046934813401972135,no,no
Generalist,GRHL2,activate,0.0813591818181818,66,0.06010354408541955,0.09585972213322984,0.06685864150313377,no,no
Generalist,GRHL2,knockdown,0.01442165151515151,66,0.06445691720795846,0.02997248367954718,-0.001129180649244159,no,no
Generalist,HSF2,activate,-0.005225196969696972,66,0.1053592703532091,0.020193709195794413,-0.03064410313518836,no,no
Generalist,HSF2,knockdown,-0.02298596969696969,66,0.07398905585494898,-0.0051354202223456435,-0.040836519171593734,yes,no
Generalist,JUN,activate,-0.03465278787878787,66,0.05144903487216636,-0.022240228591537098,-0.04706534716603865,yes,no
Generalist,JUN,knockdown,-0.023082863636363637,66,0.06592940944814475,-0.007176778991979913,-0.038988948280747365,yes,no
Generalist,JUNB,activate,-0.07891978787878784,66,0.1049907160092688,-0.0535897988845534,-0.10424977687302228,yes,no
Generalist,JUNB,knockdown,-0.13869833333333337,66,0.15753218821877285,-0.10069222436016555,-0.17670444230650117,yes,no
Generalist,JUND,activate,0.003074515151515155,66,0.10663262196160919,0.02880062926312358,-0.02265159896009327,no,no
Generalist,JUND,knockdown,0.04344880303030304,66,0.10789041266399328,0.0694783708743884,0.017419235186217668,no,no
Generalist,KMT2A,activate,0.014774727272727274,66,0.03666237254127513,0.023619866426660068,0.005929588118794481,no,no
Generalist,KMT2A,knockdown,0.015643803030303032,66,0.0459348583969214,0.026726015837986124,0.004561590222619942,no,no
Generalist,LMX1B,activate,-0.010660909090909087,66,0.04135183075315726,-0.000684394426732033,-0.02063742375508614,yes,no
Generalist,LMX1B,knockdown,-0.01254589393939394,66,0.042557985548092564,-0.0022783831867783863,-0.022813404692009494,yes,no
Generalist,MEIS2,activate,-0.033374757575757585,66,0.1395806199715155,0.0003003682075048142,-0.06704988335901998,no,no
Generalist,MEIS2,knockdown,-0.28962886363636364,66,0.09528694373246226,-0.2666400001655742,-0.3126177271071531,yes,no
Generalist,NFATC2,activate,-0.0255435,66,0.10816609224681344,0.0005525781134138839,-0.05163957811341388,no,no
Generalist,NFATC2,knockdown,-0.10958853030303031,66,0.05097021565497298,-0.09729149061563316,-0.12188556999042746,yes,no
Generalist,NFIA,activate,-0.20315718181818185,66,0.11036289528500741,-0.1765311044925039,-0.2297832591438598,yes,no
Generalist,NFIA,knockdown,-0.02559681818181818,66,0.14627191714884033,0.009692645423883935,-0.06088628178752029,no,no
Generalist,NFIB,activate,0.0034003181818181823,66,0.04519454536153301,0.01430392356827918,-0.0075032872046428166,no,no
Generalist,NFIB,knockdown,0.004384606060606062,66,0.047425317792821546,0.01582640609208874,-0.007057193970876618,no,no
Generalist,NFIX,activate,-0.05634566666666667,66,0.04008292530562621,-0.046675287270848465,-0.06601604606248487,yes,no
Generalist,NFIX,knockdown,-0.02962554545454545,66,0.09979443103826861,-0.005549208650993471,-0.053701882258097425,yes,no
Generalist,NFKB1,activate,0.009478424242424241,66,0.041609140236643125,0.019517017218213473,-0.0005601687333649918,no,no
Generalist,NFKB1,knockdown,0.010210984848484848,66,0.042298634510963516,0.020415924745639788,6.0449513299074e-06,no,no
Generalist,NR3C2,activate,-0.020104787878787875,66,0.042689637827000436,-0.009805514786581192,-0.03040406097099456,yes,no
Generalist,NR3C2,knockdown,-0.009682121212121213,66,0.03629164790014582,-0.0009264228338744119,-0.018437819590368013,yes,no
Generalist,PBX1,activate,-0.019497469696969694,66,0.07726179058404557,-0.0008573424594723392,-0.03813759693446705,yes,no
Generalist,PBX1,knockdown,0.006292424242424241,66,0.050967566615842334,0.018588824824435933,-0.006003976339587452,no,no
Generalist,PKNOX2,activate,0.013952575757575764,66,0.08690157197463923,0.034918390120675796,-0.007013238605524264,no,no
Generalist,PKNOX2,knockdown,0.03698965151515151,66,0.05246000979045993,0.04964611792607179,0.024333185104231228,no,no
Generalist,PPARG,activate,0.01667962121212122,66,0.060314541569181035,0.031231066637112673,0.0021281757871297637,no,no
Generalist,PPARG,knockdown,-0.0101354696969697,66,0.10377256886690976,0.014900629943213778,-0.03517156933715318,no,no
Generalist,PRDM16,activate,-0.07012240909090907,66,0.05685400451330848,-0.056405850490878914,-0.08383896769093922,yes,no
Generalist,PRDM16,knockdown,-0.02171057575757575,66,0.0908007651130185,0.0001959552996824744,-0.04361710681483398,no,no
Generalist,PROX1,activate,-0.00803690909090909,66,0.0994153530578772,0.015947971615987412,-0.032021789797805594,no,no
Generalist,PROX1,knockdown,-0.13000218181818185,66,0.05025505778201957,-0.11787768063456489,-0.14212668300179881,yes,no
Generalist,RARB,activate,0.011148151515151514,66,0.05881135671024574,0.025336939579755316,-0.0030406365494522903,no,no
Generalist,RARB,knockdown,-0.017745787878787878,66,0.046479837815987114,-0.006532093705782923,-0.028959482051792836,yes,no
Generalist,REST,activate,-0.062394333333333316,66,0.05119699260588633,-0.05004258159244113,-0.0747460850742255,yes,no
Generalist,REST,knockdown,-0.02222451515151515,66,0.09368480699800587,0.00037781789645615835,-0.04482684819948646,no,no
Generalist,RORA,activate,-0.028245999999999993,66,0.14798038934991975,0.007455648451136242,-0.06394764845113624,no,no
Generalist,RORA,knockdown,-0.1761993030303031,66,0.10465701778122957,-0.1509498218444246,-0.2014487842161816,yes,no
Generalist,RORB,activate,-0.03122977272727272,66,0.16243553468412256,0.007959314291223044,-0.07041885974576849,no,no
Generalist,RORB,knockdown,-0.281312803030303,66,0.12410242989788962,-0.25137193489493587,-0.3112536711656701,yes,no
Generalist,RUNX1,activate,-0.010286560606060603,66,0.04106376526635272,-0.000379544426013647,-0.02019357678610756,yes,no
Generalist,RUNX1,knockdown,-0.01232124242424242,66,0.040250822328937716,-0.002610356306360624,-0.02203212854212422,yes,no
Generalist,SIX1,activate,-0.016524499999999994,66,0.08089081086392369,0.0029911622109044453,-0.03604016221090443,no,no
Generalist,SIX1,knockdown,0.004224393939393938,66,0.03772015274578698,0.013324732428630238,-0.00487594454984236,no,no
Generalist,SIX4,activate,-0.01616257575757576,66,0.07356739983967826,0.0015862452725521337,-0.033911396787703656,no,no
Generalist,SIX4,knockdown,-0.04855265151515152,66,0.053412136307568046,-0.035666475705951314,-0.06143882732435173,yes,no
Generalist,SMAD3,activate,0.03681772727272728,66,0.06848319086395646,0.05333993549084185,0.020295519054612708,no,no
Generalist,SMAD3,knockdown,-0.012864787878787885,66,0.09605196409452466,0.010308643886113324,-0.0360382196436891,no,no
Generalist,SOX9,activate,-0.05032104545454546,66,0.042452298599154184,-0.04007903266360879,-0.060563058245482124,yes,no
Generalist,SOX9,knockdown,-0.016646121212121213,66,0.09599649919089841,0.006513929127718612,-0.039806171551961034,no,no
Generalist,SP100,activate,-0.01903521212121212,66,0.046377109847096955,-0.007846302028364862,-0.030224122214059377,yes,no
Generalist,SP100,knockdown,-0.0010262878787878791,66,0.06958702288187077,0.015762230103923254,-0.017814805861499014,no,no
Generalist,STAT1,activate,0.01825487878787879,66,0.10189543213352299,0.04283810169186435,-0.00632834411610677,no,no
Generalist,STAT1,knockdown,-0.008520196969696973,66,0.12464329464111329,0.021551159827086806,-0.038591553766480755,no,no
Generalist,TBX15,activate,-0.040802393939393944,66,0.11973657605720968,-0.011914828742975208,-0.06968995913581268,yes,no
Generalist,TBX15,knockdown,-0.14763280303030302,66,0.0720077378880951,-0.13026026498566157,-0.16500534107494447,yes,no
Generalist,TCF12,activate,0.039489090909090904,66,0.05134315214551754,0.05187610500146504,0.027102076816716766,no,no
Generalist,TCF12,knockdown,0.03830928787878789,66,0.0486217418777191,0.05003973637419967,0.026578839383376105,no,no
Generalist,TCF4,activate,-0.011642409090909087,66,0.13565934969360427,0.02108667368247289,-0.04437149186429106,no,no
Generalist,TCF4,knockdown,-0.21228556060606074,66,0.10284436855965781,-0.18747339794298162,-0.23709772326913986,yes,no
Generalist,TCF7L2,activate,-0.3010893333333334,66,0.06604224037837352,-0.28515602717518596,-0.3170226394914808,yes,yes
Generalist,TCF7L2,knockdown,-0.03028012121212121,66,0.14586544673863658,0.004911277617872224,-0.06547152004211465,no,no
Generalist,TEAD1,activate,0.005395090909090911,66,0.05728189979410929,0.019214883234590776,-0.008424701416408952,no,no
Generalist,TEAD1,knockdown,-0.03661092424242426,66,0.061561791674909376,-0.021758568102161868,-0.051463280382686646,yes,no
Generalist,ZBTB18,activate,-0.02149928787878787,66,0.055008928896138905,-0.008227870971784271,-0.03477070478579147,yes,no
Generalist,ZBTB18,knockdown,-0.0613328484848485,66,0.13359262543398842,-0.0291023822057627,-0.09356331476393429,yes,no
Generalist,ZBTB20,activate,0.0001213939393939409,66,0.043447864658825934,0.010603596323211298,-0.010360808444423417,no,no
Generalist,ZBTB20,knockdown,-0.006500969696969696,66,0.039088856656034225,0.0029295813701088903,-0.01593152076404828,no,no
Generalist,ZBTB7A,activate,-0.01883587878787879,66,0.05927780493847207,-0.004534555739835975,-0.03313720183592161,yes,no
Generalist,ZBTB7A,knockdown,0.009522424242424242,66,0.05082093904047535,0.021783449554969546,-0.002738601070121062,no,no
Generalist,ZEB1,activate,-0.025908454545454557,66,0.09907317379254926,-0.0020061277762228533,-0.04981078131468626,yes,no
Generalist,ZEB1,knockdown,-0.25304719696969696,66,0.10833985293257929,-0.22690919747098945,-0.2791851964684045,yes,no
