[332192138171158, 332192138171158, 332192138171158, 332192138171158, 332192138171158, 332192138171158, 332192138171158, 332192138171158, 332192138171158, 332054699217686, 332054699217686, 332054699225878, 332054699225878, 332054699225878, 332054833443606]
[332192138171158, 332192138171158, 402560882348822, 332192138171158, 332192138171158, 332192138171158, 332192138171158, 332192138171158, 332192138171158, 332192138171158, 332192138171158, 332192138171158, 332192139219734, 332192139219734, 50717162509078, 50717162509078, 50717162509078, 50579723555606]
[333291649798934, 333566527705878, 333566796141334]
[332193211912982, 332193211912982, 332193211912982, 332193211912982, 332193279021846, 332193279021846, 332193280070422]
[332192138171158, 332192138171158, 332192138171158, 332192138171158, 332192138171158, 332192138171158, 332192138171158, 332192138171158, 332192138171158, 332192138171158, 332192138171286, 332192138171286, 50717161460630, 50717161460630, 50717127906198]
[50717161460502, 50717161460502, 50717161460502, 50717161460502, 50717161460502, 50717161460502, 50717161460502, 50717161460502, 50717161460630, 51816673088406]
[332192138171158, 332192138171158, 332192138171158, 332192138171158, 332192138171154, 332192138171154, 332209318040338, 332209318040338, 332209318040338, 332209318040338, 332209318040338, 332209318040338, 332209326428946]
[332192138171158, 332192138171158, 332192138695446, 332192138695446, 332054699741974, 327656653230870]
[332192138171158, 332192138171158, 332192138171158, 332192138171158, 332192138171158, 332192138171158, 332192138171158, 332192138171158, 332209318040342, 332209318040342, 332209318040342, 332209318040342, 332209318040338, 332209318036242]
[332192138171158, 50717161460502, 50717161460502, 50717161460502, 50717161460502, 50717161460502, 50717161460502, 50717161460502, 50717161460502, 50717161460630, 50717161460630, 50717161460630, 50717161460630, 50717161460630, 50717161460630, 15532789371798]
[332193211912982, 332055772959510, 349647959003926]
[332192138171154, 332192138171154, 332192138171154, 332192138171154, 332192138171186, 332192138171186, 332192138171186, 332192138171186, 332467016078130]
[332192136074006, 332192136074006, 332192136074006, 332192136074006, 332192136074006, 332192136074006, 332192136074006, 332189988590358, 332189988590358, 332189988590358, 332189988598550]
[332192138171158, 332192138171158, 332192138171158, 332192138171158, 332192136074006, 332192136074006, 50717159363350, 50717159363350, 50717159363350, 50717159363350, 50717159363350, 50717159363350, 50717159363350, 50717159363350, 50717159363346]
[332192138171154, 332192138171154, 332192138171154, 297007766082322, 297007766082322, 296870327128850]
[332192138171158, 332192205280022, 332192205280022, 332192205280022, 332192205280022, 332192205280022, 332192205280022, 332192205280022, 332192205280022, 332192205280022, 332192205280022, 332192205280022, 332192205280022, 332193279021846, 332193279021846, 332193279021846, 332193279021846, 332193279021842]
[332192138171158, 332192138171158, 332192138171158, 50717161460502, 50717161460502, 50717161460502, 50717161460502, 50717161460502, 50717161460502, 50717161460502, 50717161456406, 50717161456406, 50717161456406, 50717161456406, 50717161456406, 50717161456406, 50717161456406, 50717161194262]
[332192138171154, 332192138171154, 50717161460498, 50717161460626]
[332192138171158, 332192138171158, 332192138171158, 327794091660054, 327794091660054, 327794091660054, 327794091660054, 327794091660054, 327794091660054, 327794091660050, 327794091660050, 327794089562898]
[332192138171158, 332192138171158, 332192138171158, 332192138171286, 332192138171286, 327794091660182, 327794091660182, 327794091660182, 327794091660182, 327794091660182, 327794091660182, 327794091660182, 327794091725718]
[332192138171158, 332192138171158, 297007766082326, 297008839824150, 297008839824150, 297008839824150, 297008839824150, 297008839824150, 297008839824150, 297008839824150, 297008839840534]
[332192138171158, 332192138171158, 332192138171158, 332192138171154, 332192139219730, 332192137122578]
[332192138171158, 332192138171158, 297007766082326, 297007766082326, 297007766082326, 297007766082326, 297007766082326, 297007766082326, 297007766082322, 288211673060114]
[332192138170902, 332192138170902, 332192138170902, 332192138170902, 332189990687254, 332189990683158]
[327794091660054, 327794091660054, 327794091660054, 327794091660054, 327794091660054, 328068969566998, 328068969566998, 328068969566998, 328068969566998, 328068969566998, 328068969566998, 328068969566998, 328068969566998, 328068969566998, 327794091660054, 327794091660054, 468531580015382, 468531580015382, 468531580015382, 468531580015382, 468531580015382, 468531580015382, 468531580015510]
[332192138171158, 332192138171158, 332192138171158, 472929626526486, 472929626493718, 472929626493718, 472929626493718, 472929626493718, 472929626493718, 472929626493718, 472929626493718, 472929626493718, 472929626493718, 472929626493718, 472929626493718, 472929626493718, 472929626493718, 472929626493718, 472929626493718, 472929626526486, 437745254437654, 437745254437654, 437745255486230]
[332192138171142, 332192138171142, 332192136073990, 50717159363334]
[332192138179350, 332192138179346, 332192139227922]
[332192138171158, 332192138171158, 332192138171158, 332192138171158, 332192138171158, 332192138171158, 332192138171158, 332192138171158, 332192138171158, 332192138171158, 332192138171158, 332192138171158, 332192138171158, 332192138171158, 332192138171158, 332192138171158, 332192138171158, 332192138171158, 332192138171158, 332192138171158, 50717161460502, 50717161460502, 50717161459990, 50717161459990, 50717161460118]
[332192138171158, 332192138171158, 332192138171159, 332192138171159, 332192138171159, 332192138171159, 332192138170647, 332192138170647, 332192138170647, 332192138170647, 472929626525975]
[332192138171158, 332192138171158, 332192138171158, 332192138171286, 50717161460630, 50717161460630, 50717161460630, 50717161460630, 50717161460630, 50717161460630, 50717161460630, 50717161460630, 46319114949526]
[332192138171158, 332192138171158, 332192138167062, 332192138167062, 333291649794838, 333291649794838, 333292723536662]
[332192138171158, 332192138171158, 332192138171158, 332192138171286, 332192138171286, 332192138171286, 332192138171286, 332192138171286, 332192138171286, 332192138171286, 332192138171286, 332192138171286, 332192138171286, 332192138171286, 332192138187670, 332192138187670, 332192138187670, 332192138187670, 332192138187670, 332192138187670, 332192138187670, 332192138187670, 332192138187670, 332192138187670, 332192138187670, 332192138187670, 332192138187670, 332192138187670, 327794091676566]
[332192138171158, 332192138171158, 332192138171158, 332192138171286, 332192138171286, 332192138171286, 332741893985174, 332741893985174, 332741893985174, 332741893985174, 332741893985174, 332741893985174, 332741891888022]
[332192138171158, 332192138171158, 332192138171158, 332192138171158, 332192138171158, 332192138171158, 349784324215574, 349784324215574, 349784324215574, 349784324215570, 349784324215570, 68309347504914]
[332192138171158, 332192138171158, 332192138170646, 332192138170646, 332192138170646, 332192138170646, 332192138170646, 332192138170646, 332192138170646, 332192138170642, 472929626525970]
[332192138171158, 297007766082326, 297007766082326, 297007766082326, 297007766082326, 297282643989270, 297282643989270, 297282643989270, 297282645037846]
[332192138171158, 332192138171158, 332192138171158, 332192138171158, 332192138171158, 332192138171158, 332192138171158, 332192138171158, 332192138171158, 332192138171190, 332192146559798, 332192146567990]
[332192138171158, 332192104616726, 332193178358550, 332193178358550, 332193178358550, 332193178358550, 332193178374934]
[332192138171158, 332192138171286, 332192138171286, 332192138171286, 332192138171286, 332192138171286, 332192133976982, 332192133972886]
[332192138171158, 332192138171158, 332192138171158, 332192138171158, 332192138171158, 332192138171158, 332192138171158, 332192138171158, 332192138171158, 332192138171158, 332192138171158, 297007766082326, 297007766082326, 297007766082326, 15532789371670, 15532789371670, 15532789371670, 15532789371670, 15532789371670, 15532789371670, 15532789371670, 15532789371670, 15532789371670, 15532789371670, 16632300999446]
[332192205280022, 332192205280022, 332192205247254, 332192205247254, 332192205247254, 332192205247254, 332192205263638]
[332192138171158, 332192138171154, 332192138171154, 332192138171154, 332192138171154, 332192138171154, 332192138695442, 332192138695442, 332741894509330]
[332192138171158, 332192138171158, 332192138171158, 332192138138390, 332192138138390, 332192138138390, 332192138134294, 332192138134294, 332192138134294, 332192138134294, 332192138134294, 332192138134294, 332192138134294, 332192138134294, 297007766045462]
[332192138171158, 332192138171158, 50717161460502, 50717161460502, 50717161460502, 50717161984790, 50717161984790, 50717161984790, 48518138729238]
[332192138171158, 332192138171158, 332192138171158, 332192138171158, 332192138171158, 327794091660054, 327794091660054, 327794091660054, 327794091660054, 468531580015382, 468531577918230]
[332192138171158, 332192138171158, 50717161460502, 50717161460630, 50717161460630, 50717161460630, 50717161460630, 50717161460626]
[332192138171158, 332054699217686, 332054699217686, 50579722507030, 50579722507030, 46181675995926]
[332209318040342, 332071879086870, 332071879086870, 332071879086870, 332071880135446]
[332192138171158, 332192138170646, 332192138170646, 332192138170646, 332192138170646, 332192138170646, 332192138170646, 332192138170774, 332192138170774, 332192138170774, 332192138170774, 332192138170774, 332192138170774, 332192138170774, 332192138170774, 332192138170774, 332192138170774, 332192138166678]
[332192138171158, 332192136074006, 50717159363350, 50717159363350, 50717159363350, 50717159363350, 50717159363350, 50579720409878]
[332192138171158, 333291649798934, 333291649798934, 333291616244502, 333291616244502, 333291616244502, 333291616244502, 333291616244502, 333291616243990]
[332192138171158, 332192138171158, 332192138171158, 332054699217686, 332054699217686, 332054699217682, 332054699217682, 332054699217682, 332054699217682, 332054699217682, 332054699217682, 332054699217682, 332054699217682, 332054833435410]
[332192138171158, 332192138171158, 332192138171158, 332192138170646, 332192138170646, 332192138170646, 332467016077590, 328068969566486]
[332192138170646, 332192138170646, 332192138170646, 332192138170646, 332192138170774, 332192138170774, 332192138170774, 332192138170774, 297007766081942]
[332192138171158, 50717161460502, 50717161460502, 50717161460502, 15532789371670, 15532789371670, 15532789371670, 15532789371670, 15532789371798]
[332192138171158, 332192136074006, 332192136074006, 332192136074006, 332192136074006, 332192136074006, 327794089562902, 327794089562902, 327794089562902, 46319112852246]
[332192138171158, 332192138171158, 332192138170646, 332196433137942, 332196433137942, 332196433137942, 332196433137942, 332196433137942, 332196433137942, 332196433133846]
[332054699217686, 332054699217686, 332054699217686, 327656652706582, 327656652706582, 327656652706582, 327657189577494]
[332192138171158, 332192138171158, 332192138171158, 332192138171158, 332192138171158, 332192139219734, 332192139219734, 332192139219734, 332192139219734, 332192139219734, 332192139219734, 332192139186966, 332192139186966, 332192139186966, 332192139186966, 332192105632534]
[332192138171286, 332192138171286, 332192138171286, 332192138171286, 332192138171286, 332192138171286, 332192138171286, 332192138171286, 332192138171286, 332192138171286, 332192138171282, 332192138171282, 332192138171282, 332192138171282, 332192138171282, 472929626526610]
[332192138171158, 327794091660054, 327794089562902, 327794089562902, 327794089562902, 327794089562902, 327794089562902, 327794089562902, 327794089562902, 292609717474070]
[332192138171158, 332192138171158, 332192138171158, 332192138171158, 332192138171158, 332192138171158, 332189990687510, 332189990687510, 333289502315286, 333289502315286, 333289502315286, 333289502315286, 333289503363862]
[332192138171158, 332192138171158, 332192136074006, 332192136074006, 332192136074006, 332192136074006, 332192136074006, 332192136074006, 332192136074006, 332192136074006, 332054697120534, 332054697120534, 332054697120534, 332054697120534, 332054697120534, 332054697120534, 332054697120534, 472792185475862]
[332192138171158, 332192138171158, 297007766082326, 288211673060118, 288211673060246]
[332192138171158, 332192138171158, 332192138236694, 332192138236694, 333291649864470, 333291649864470, 333291649864470, 333291649864470, 333291649864470, 333291649864470, 333291649864470, 51816673153814]
[332192146559766, 332192146559766, 332192146559766, 332192146559766, 332192146559254, 332192146559254, 332192146624790]
[50717161460502, 50717161984790, 50717161984790, 50717128430358]
[332192138171158, 332192138171158, 332192138171158, 332192138171158, 332192138695446, 332192138695446, 332192138695446, 323396045673238, 323396045673238, 323396045673238, 323945801487126]
[332260857647894, 332260857647894, 332260857647894, 332258710164246, 332258710164246, 332258710164246, 332258710164246, 332258710164246, 323462617142038]
[332192138171158, 332192138171158, 332192138171158, 332192138171158, 332192138171158, 332192138171286, 332192138171282, 332192138171282, 332192138171282, 332192138171282, 332192138171282, 332192138170770]
[332192138171158, 332192138171158, 332192138171158, 332192138171158, 332192138171158, 332192138171154, 332192272388882, 332192272388882, 332192272388882, 332742028202770]
[332054699217686, 332054699217686, 332054699217814, 332054699217814, 332054699217814, 332054699217814, 332054699217814, 332054699217814, 50579722507158]
[332192136074006, 332192136074006, 332192136074006, 332192136074006, 332192136074006, 332192136074006, 332192136074006, 332192136074006, 332192203182870, 332192203182870, 50717226472214]
[323396045148950, 323396045148950, 323396045148950, 323396045148950, 323396045148950, 323396045148950, 323396045148950, 323396045148950, 323396045148950, 323258606195478, 323258606195478, 323258606191382]
[332192138171158, 332192138171158, 332192138171158, 332192138171158, 332192138171158, 332192138171158, 332192138171158, 50717161460502, 50717161460502, 50717161460502, 50715013976854, 50715013976850]
[332192138171158, 332192138171158, 327794091660054, 327794091660054, 327794091660054, 332192138171158, 332260857647894, 332260857647894, 50785880937238, 50648441983766]
[332192138171158, 332192138171158, 332192138171158, 332192138171158, 332192138171158, 332192138171158, 332192138171158, 332192138171286, 332192138171286, 332192138171286, 332192138171286, 332192138171286, 323396045149078, 323396045149078, 323258606195606]
[332192138171158, 332209318040342, 332209318040342, 332209318040342, 332209318040342, 332209318040342, 332209318040342, 332209318040342, 332209318040342, 332209318040342, 472946806395670, 472946806395670, 472946806395670, 472946806395666]
[332192138171158, 332192138171158, 332192138171158, 332193211912982, 332193211912982, 332193211912982, 332193211912982, 332193211912982, 332193212961558, 332193212961558, 332193212961558, 332193212961558, 332193212961558, 332193212961558, 332197507928854]
[332192138171158, 332192138171158, 332192138171158, 332192138171158, 332192138171158, 332192138171158, 323396045148950, 323396045144854, 323396045144854, 323396045144854, 464133533500182]
[332192138171158, 332192138171158, 332192136074006, 332054697120534, 332054697120534, 329855673864982]
[332192138171158, 297007766082326, 297007766082326, 297007766082326, 297007766082326, 297007766082326, 297007766082326, 297007766082326, 297007766082326, 297007766082326, 297007766049558, 297007766049558, 15532789338902]
[332192138171158, 332192138171158, 332192138171158, 332192138171158, 332192138171158, 332192138171158, 332192138171158, 332192138171158, 332192138171158, 332192138171158, 332192138171158, 297007766082326, 297007766082326, 297007766082326, 297007763985174, 297007763985174, 297007763985174, 297007763985174, 297007763985175]
[332192138171158, 332192138171158, 323396045148950, 323396045148950, 323396045148950, 323396046197526, 323396046197526, 323396046197526, 323396046197526, 323396046197526, 323396046197526, 323396046197014]
[332192138171158, 332193211912982, 332193211912982, 332193211912982, 332193211912982, 332193211912982, 332193211912982, 472930700268310, 472930701316886]
[332192138171158, 332054699217686, 332054699217686, 332054699217686, 332054699217686, 332054699217686, 332054699217686, 332054699217686, 332054699217686, 332054699217174, 332054699217174, 323258606194966]
[332741893985046, 332741893985046, 332741893985046, 328343847473942, 328343848522518]
[332192138171158, 332192138171158, 332192138171158, 332192138171158, 332192138171158, 332192138171158, 332192138171158, 332192136074006, 332192136074006, 332192136074006, 332192136074006, 332192136074006, 332192136074006, 332192136074006, 332192136074006, 332192136074006, 332192136074134, 332192136070038]
[332192272388886, 332192272388886, 472929760744214, 472929760744214, 472929760744342]
[332189990687510, 332189990687510, 332189990683414, 332189990683414, 332189990683414, 332189957128982]
[332192138171158, 332192138171158, 332192138187542, 332192138187542, 332192138187542, 332192138187542, 332192138187542, 332192138187542, 332192138187542, 332192138187542, 332192138187542, 332192104633110, 332192104633110, 332192104633110, 332192104633110, 333291616260886]
[332192138171158, 332192138171158, 332192138171158, 332192138171158, 332192138171190, 332192138171190, 332192138171190, 332192138171190, 332192138171318, 332189990687670]
[332192138171158, 332192138171158, 332192138171158, 332192272388886, 332193346130710, 332193346130710, 332193346130710, 332193346130710, 332193346130710, 332193346130710, 332193346130710, 332193346130710, 332193346130710, 332193346130710, 332193346130710, 332193346130710, 332193346130710, 332193346130710, 332193346130838]
[332192138171158, 50717161460502, 50717161460502, 50717161460502, 50579722507030, 50579722507030, 50579688952598]
[332192138171158, 332192138171158, 332192138171158, 323396045148950, 323396045148950, 288211673060118, 288211673060118, 288211673060118, 288211673060118, 288211674108694]
[332192138179350, 332192138179350, 332192138179350, 332192138179350, 332192138179350, 332192138179350, 332192138179350, 332192138179350, 332192138179350, 332192138179350, 332192138179350, 332260857656086, 332260857656086, 332260857656086, 332260857656086, 323464764633878]
[472929626526486, 472929626526486, 472929626526486, 472929626526486, 472929626526487, 472929626526487, 472929626526483]
[332192138171158, 332192138138390, 332192138138390, 332192138138390, 332192138138390, 332192138138390, 332192138134294, 332192138134290]
[332192138171159, 332192138171159, 323396045148951, 323396045148951, 323258606195479]
[332192138171158, 332192138171158, 332192138171158, 332192138171158, 332192138171158, 332192138171158, 332192272388886, 332192272388882, 332192272388882, 332192272388882, 332192272389010]
[332192136074006, 332192136074006, 332192136074006, 332192136074006, 332192136074006, 332192136074006, 50717159363350, 51816670991126]
[332192138170646, 332192138170646, 332192104616214, 332192104747286]
[332193211912982, 332193211912982, 332193211912470, 332193211912470, 332055772958998]
[332741893985046, 332741893985046, 332741893985046, 332741893984534, 332741893984534, 332741893984534, 332741893984534, 332741893984534, 332741893951766]
[332192138138390, 332192138138390, 332192138138390, 332192138138390, 472929626493718, 472929626493718, 472929626493718, 472929626493718, 472929626493718, 472929626493718, 472929626493718, 472929626493718, 472929626493718, 472929626493718, 472929626493718, 472929626493846]
[332192138171158, 332260857647894, 332260857647894, 332260857647894, 332260857647894, 332260857647895, 332260857647895, 323464764625687]
[332192138171158, 332196433138454, 332196433138454, 332196433138454, 332196433138454, 332196433138454, 332196433138454, 332196433138454, 332196431041302, 332196431041302, 332196431041302, 472933919396630]
[332192138171158, 332192138236694, 332192138236694, 332192138236694, 332192138236694, 332192138236694, 332192138236694, 332192138236694, 332192138236694, 323396045214486, 323396045214486, 323396045214486, 323396045214486, 323396045214486, 323396045214487]
[332192138171158, 332192138171158, 332192138171158, 332192138171158, 332192138171158, 332192138171158, 332192138171158, 332192138171158, 332192138171158, 332192138171158, 332192138171158, 332192138171158, 472929626526486, 472929626526482, 472929626526482, 472929626526482, 472929760744210]
[332192138171158, 332192138171158, 332192138171158, 323396045148950, 323396045148950, 323396045148950, 323396045148950, 323396045116182, 323396011561750]
[332192138171158, 332260857647894, 332260857647894, 332123418694422, 332123418694422, 332123418694422, 332123418694422, 332123418694422, 332123418694422, 332123418694422, 332123418694422, 332123418694422, 332123418694422, 332123418694422, 332123418694422, 332123418694422, 332123418694422, 332123418694422, 332123418694422, 332123418694422, 332140598563606]
[332192138171158, 332192138171158, 333291649798934, 333291649798934, 333291647701782, 333291647701782, 333291647701782, 333291647701782, 333291647701782, 333291614147350]
[332192138171158, 332192138171158, 332192138171158, 332192138171158, 332192138171158, 332192138171158, 332192138171158, 332192138171158, 50717161460502, 50717161460502, 50717161460502, 50717161460502, 50717161460502, 50717161460502, 50717161460502, 50717161460502, 50717161984790, 50717161984790, 50717170373398]
[332192138695446, 332192138695446, 332192138695446, 332192138695446, 332192138695446, 332192138695442, 332192138695442, 332192138695442, 323396045673234]
[332192138138390, 332192138138386, 332192136041234]
[332192138171286, 332192138170774, 332192138170774, 332192138170774, 332192138170774, 332192138170774, 332192138170774, 332192138170774, 332192138170774, 332192138170774, 332192138170774, 332192138170774, 332192138170774, 332192138170774, 332192138170774, 332192138170774, 332192138187158]
[332192138171154, 332192138171154, 332192138171154, 332192138171154, 332192138171154, 332192138171154, 323396045148946, 323396045116178]
[332192138187542, 332192138187542, 332192138187542, 332192138187542, 332054699234070, 332054699234070, 332054699234070, 332054699234070, 332054699236118]
[332192138171158, 332192138171158, 332192138171158, 332741893985046, 332741893980950, 332741893980950, 332741893980950, 332741893980950, 332741893980950, 332741893980950, 332741894505238]
[332192138171158, 332192138171158, 332192138170902, 50717161460246, 50717161460246, 50717161460246, 50992039367190]
[332192139219734, 332192139219862, 327794092708758]
[472929626526486, 472929592972054, 472929592972054, 472929592972054, 472929592972054, 472929592972054, 472792154018582]
[332192138171158, 332192272388886, 332192272388886, 332192272388886, 332054833435414, 332054833435414, 332054833435414, 332054833435414, 332054833435414, 332054833435414, 332054833435414, 332054833435414, 332054833402646]
[333291649798934, 333291649798934, 333291649798934, 333291649798934, 333291649798934, 333291649798934, 333291649798934, 333291649798934, 333291649798934, 333291649798934, 333291649807126, 333291649807126, 333291649807126, 333291649807126, 333291649807110]
[332192138171158, 332192138171158, 332192138171158, 332192138171158, 332260857647894, 332260857647894, 332260857647894, 332260857647894, 332260857647894, 332260857647894, 332260853453590, 332260853453590, 332260853453590, 332260853453590, 332192133976854, 332192133976854, 332192133976854, 332192201085718, 332192201085718, 332192201085718, 332192198988566]
[332054699217686, 332054699217686, 332054699217686, 332054699213590, 332054707602198]
[332192138171154, 332192138171154, 332192138171154, 323396045148946, 323396045148946, 323396045148946, 323396045148946, 318997998637842]
[332192138171158, 332192138171158, 332192138171158, 332192138171158, 332192138171158, 50717161460502, 50717161460502, 50717295678230, 50717295678230, 50717295678230, 50717296726806]
[332192138171158, 332260857647894, 332260857647894, 332260857647894, 332260857647894, 297076485559062, 297076485559062, 297076485559062, 297076619776790]
[332467016078102, 332467016078102, 332467016078102, 332467016078102, 332467016078102, 332329577124630, 332329577124630, 332329577124630, 332329577124630, 332329577124630, 332329577124630, 332329577124630, 332329577124630, 332054699217686, 332055772959510, 332055772959638]
[332192138171158, 332192138171158, 332192138171159, 332741893985047, 332741893985047, 332741894001431]
[332054699217686, 332054699217686, 332054699217686, 332054699217686, 332054699217686, 332054699217686, 323258606195478, 323258606195478, 323258606195478, 323258606195478, 323258606195478, 323258606195478, 323258606191382]
[332192138171158, 332192138171158, 332192138695446, 332192138695446, 332192138695446, 332192138695446, 332192138695446, 332192138695446, 332192138695446, 332192138695446, 332192205804310, 332192205804310, 332192205804310, 332260925281046]
[332192138171158, 332192138171158, 332192138171158, 332192138171158, 332193211912982, 332193211912982, 332193211912982, 332193211912982, 332193211912978, 332193211912978, 332193211912978, 332193211912978, 332193211912978, 332193211912978, 332193211912978, 332193211912978, 332193211912978, 332193211912978, 332193211912978, 332193211912978, 332055772959506]
[332192138171158, 332192138171158, 332192138171158, 332192138171158, 332192138171158, 332192138171158, 332192138171158, 332192138171158, 332192205280022, 332192205280022, 332192205280022, 332192205275926, 332192205275926, 332054766322454]
[332192138171158, 332192138171158, 332192138171158, 332192138171158, 323396045148950, 323396045148950, 323396045148950, 323396045148946, 323396045148946, 323396045148946, 323396045148946, 323396045148946, 323396045148946, 323396045148946, 323396045148946, 323396045148946, 323396045148434]
[332192138171158, 332192138138390, 332192138138390, 332192138138390, 332192138137878, 332192138137878, 332192138137878, 332054699184406]
[332192138171158, 332192138171158, 333291649798934, 333291649798934, 333291649798934, 333291650323222, 333291650323222, 333291650323222, 333291650323222, 333291650323222, 403660394500886]
[332192138171158, 332192104616726, 332192102519574, 332192102519574, 332196397486870]
[332192138171158, 332192138171158, 332192138171158, 332192138171158, 332192138171158, 332192138171158, 332192138171158, 332192138695446, 332192138695446, 332192138695442, 332192138695442, 332192138695442, 332192407130898]
[332192138171158, 332192138171158, 332192138171158, 327794091660054, 327794091676438, 327794091676438, 325595068420886]
[332192138171158, 323396045148950, 323396045148950, 323396045148950, 323396045148950, 318997998637846, 318997965083414]
[332192138171158, 332192138171158, 332192138167062, 332192138167062, 332192138167062, 332192138167062, 332192138167062, 332192138167062, 332192138167062, 332192138167062, 332192138167062, 332192138167062, 332192138167062, 332192138167062, 332192138167062, 332192138167062, 332192138166550, 332192138166550, 332193211908374]
[332192138171158, 332192138171158, 332192138171158, 332192138171158, 332192138171158, 332192138171158, 332192138171158, 332192138171158, 472929626526486, 472929626526486, 472929626526486, 472929626526486, 472930700268310, 472930700268310, 472930700268310, 472930700268310, 472930700268310, 472930700268310, 472930700268310, 472930700268310, 472930698171158]
[332192138171158, 332054699217686, 332054699217686, 332054699217686, 296870327128854, 437607815484182]
[323396045148950, 323396045148950, 323396045148950, 323396045148950, 323396046197526, 288211674108694]
[332192138171158, 323396045148950, 323396045148950, 323396045165334, 324495556793110]
[332192138171158, 332192138171158, 332192138171158, 332192138171158, 332192138171158, 332196433138454, 332265152615190, 332265152615190, 332265152623382]
[332192138170646, 332192138170646, 332192138170646, 332192138170646, 332192139219222, 332192139219222, 332192139219222, 332192139219222, 332192139219222, 332192139219222, 332192139219222, 332192139219222, 332192139219222, 332192139219222, 332192139219222, 332192139219222, 332192139219222, 332192139219222, 332192139219222, 332192139219222, 332192139215126]
[332192138171158, 333291649798934, 51816673088278, 51816673084182]
[332467016078102, 332467016078102, 332467016078102, 332467016078102, 332467016078102, 332467016078102, 332467016078102, 332467016078102, 332467016078102, 332467016078102, 332467016078102, 332468089819926, 332330650866454]
[332192138171158, 332192138171158, 332192138171158, 332192138170902, 332192138170902, 332192138170902, 332192138170902, 332192138170902, 332192138170902, 332192138170902, 332192138171158, 332192138171158, 332209318040342, 332209318040342, 297024945951510, 297024945951510, 297024945951510, 297024945951511]
[332192138171158, 333291649798934, 333291649798934, 333291649798934, 333291649798934, 333291649798934, 333291649798934, 51816673088278, 51816673153814]
[332192138171158, 332192138171158, 332192138171286, 297007766082454, 297007766082454, 297007766049686]
[332192136074006, 332192144462614, 332192144478998]
[332192138171158, 323396045148950, 323396045148950, 323396045144854, 323396045144854, 323396045144854, 323396045144854, 288211673056022]
[332192138171158, 332192138171158, 332192138171158, 332467016078102, 332467016078102, 332467016078102, 332467016078102, 332467013980950, 332467013980950, 332467013997334]
[332192138171158, 332192138171158, 332189990687510, 332189990687510, 332189990687510, 332189990687510, 332189990687510, 332189990687510, 472927479042838, 472927479042838, 472927479042838, 472927479042838, 472927479042838, 472927479042838, 472927479042838, 472927479042838, 472927479042838, 472927479042838, 472927479051030]
[332189990687510, 332189990687510, 332189990687510, 332189990753046, 332189990753046, 332189990753046, 332189990753046, 332189990753046, 332189990753046, 332194285720342]
[332192138171158, 332192138171158, 332192138171158, 332192138171158, 332192138171158, 332192138171158, 332192138171158, 332192138171158, 332192138171158, 332192138171158, 332192138171158, 332192138171154, 332192138171154, 332192138171154, 323396045148946, 318997998637842]
[332192138171158, 332192138171158, 332192136074006, 332192136074006, 332192136074006, 332192136074006, 332192136074006, 332192136074006, 332192136074006, 332192136074006, 332192136074006, 332192136074006, 332192144462614, 332192144462610]
[332192138171158, 332192138171158, 332192138171158, 332192138171158, 50717161460502, 50717161460502, 48518138204950, 48518138204950, 48518138204950, 48518138204950, 48518138204950, 48518138205078]
[50717161460502, 50717169849110, 50717167751958]
[332192138171158, 332192138171158, 332192139219734, 332192139219734, 332192139219734, 332192139219734, 332192139219734, 332192139219734, 332192273437462, 332192273437462, 332192273437462, 332192273437462, 332192273437462, 332192273437462, 332192273437462, 332192273437462, 332192273437462, 332192273437462, 332196568404758]
[332192138171286, 332192138171286, 332196433138582, 333295944766358]
[50717161460502, 50717159363350, 50717159363350, 50717159363350, 50717159363350, 50717159363350, 50717159363350, 50717159363350, 50717159359254]
[332192138171158, 332192138171158, 332192138171158, 297007766082326, 288211673060118, 288211673060118, 288211673060118, 288211673060118, 288211673060118, 288211740168982]
[332192138138390, 50717161427734, 50717161427734, 50717161427734, 50717161427734, 50717161427734, 50717161427734, 50717161427734, 50717161427734, 50717161427734, 50717161427734, 15532789338902]
[332192138171158, 332209318040342, 332209318040342, 332209318040342, 332209318036246, 332209318036246, 332209318036246, 332209318036246, 332209318036246, 332209318036246, 332209318036246, 472946806391574]
[332192138171158, 332192138171158, 332192138171158, 332192138171158, 332192138171158, 332054699217686, 332054699217686, 332054699217686, 332054699217686, 332054699217686, 332054699217686, 332054699217686, 332054699217686, 332054699217686, 332054699217686, 332054699217686, 332054699217686, 332054699217686, 332054699217686, 332054699217686, 332054699217686, 332054699217686, 332054700266262, 332054700266262, 332054700266262, 332054700266262, 332054700265750]
[332192138170646, 332192138170390, 332192138170390, 332054699216918]
[323396045148950, 323396045148950, 323396045157142, 323396046205718]
[332192138167062, 332192138167062, 332192138167062, 332192138167062, 332192138167062, 323396045144854, 323396045144854, 323396045144854, 323396045144854, 323396045144854, 323396045144854, 323396045144854, 323396045144854, 323396045144854, 323396045144854, 323396045144854, 323396045144854, 323396045144854, 323396045144854, 323396045144854, 323396045144854, 323396045144854, 323396045144854, 323396045144854, 323396045144854, 323396045144854, 323396045144854, 323396045144854, 288211673056022]
[332192138171158, 332192138171158, 332192138171158, 332192138171158, 332192138171158, 332192138171158, 332192138171158, 332192138171158, 332192138171158, 332192138171158, 332192138171158, 332192138171158, 332192138171158, 332192138171158, 332192138171158, 332192138171158, 332192138171158, 332192138171158, 332209318040342, 332209318040342, 332209318040342, 332209318040342, 332209318040342, 332209318040342, 332209318040342, 332209318040342, 332209318040343, 332209318040343, 333308829668119]
[332192138171158, 332192138171158, 332192136074006, 332192136074006, 332192136074006, 332192136074006, 332192102519574, 402560846697238]
[332192138171158, 332192138171158, 332192138171158, 332192138171154, 332192138171154, 332192138171154, 332192138171154, 332192138171154, 332192138171154, 332196433138450, 332196433138450, 332196431041298]
[332196433138454, 327798386627350, 327798386627350, 327798386627350, 327798386627350, 327798386627350, 327798386627350, 327798386627350, 327798386627350, 327798386627350, 292614014538518]
[332192138171158, 297007766082326, 297007766082326, 297007766082326, 297007766082326, 297007774470934, 297007774470934, 297007774470934, 297007774470934, 297076493947670]
[332192138171158, 332260857647894, 332260857647894, 332260857647894, 332260857647894, 332123418694422, 332123418694422, 332123419742998]
[332192138171158, 332192138171158, 332192138171158, 332192138171158, 332192138171158, 332192138171158, 332192138171158, 332192138171158, 332192138171158, 333291649798934, 333291616244502, 333291616244502, 333291616244502, 333291614147350]
[332192138171158, 323396045148950, 323396045148950, 323396045148950, 323396045148950, 323396045148950, 323396045148950, 323396045148950, 323393897665302, 323393898713878]
[332192138171158, 332192138171158, 332196433138454, 332196433138450, 472933921493778]
[332192138171158, 332192138171158, 332192138171158, 332193211912982, 332193211929366, 332193211929366, 332193211929366, 332193211929366, 332193211928854]
[332192138171158, 332192138171158, 332192138171158, 332192138171158, 349784324215574, 349784324215574, 349784324215574, 349784322118422, 314599950029590]
[332192139219734, 332192139219734, 50717162509078, 50717162509078, 50717162509078, 50717162509078, 50717162509078, 50717162509078, 50717162509206]
[332192138171158, 332192138171158, 332192138171154, 332192138171154, 332192138171154, 332192138171154, 332192138171154, 332192138171154, 332192138171154, 332192138171154, 332054699217682, 332054699217682, 332054699217682, 327656652706578]
[332192138171158, 332192138171158, 332192138171158, 297007766082326, 297007766082326, 292609719571222, 292609719571222, 11134742860566]
[332192138171158, 332192138171158, 332192138171158, 332192138171158, 332192138171158, 332192138171158, 332192137909014, 332192137909014, 332192137909014, 50717161198358, 50717161198358, 50717161198358, 50717161198358, 50717161263894]
[332192138167062, 332192138167062, 332192138167062, 332192138167062, 332192138167062, 332192138167062, 297007766078230, 297007766078230, 297007763981078]
[332192138171158, 332192138171158, 332192138171158, 332192138171158, 332192138171158, 332192138171158, 332192138171158, 332192138171158, 332192138171158, 332054699217686, 332054699217686, 332054699217686, 332054699217686, 332054699217686, 332054699217686, 332054699217686, 332054697120534, 332054663566102]
[332467016078102, 332467016078102, 332467016078102, 332467016078102, 332467016078102, 332467016078102, 332467016078102, 332467016078102, 332467016078102, 332467016078102, 323670923055894, 323670923055894, 323670923055894, 323670923055894, 323670923055894, 341263109100310]
[332192138171158, 332192138171158, 332192138171158, 332192138171158, 50717161460502, 50717295678230, 50717295678230, 50717295678230, 50717295678230, 50717295678230, 50717295678230, 50717295678230, 50717295678230, 50717304066838]
[323396045148950, 323396045148950, 323396045148950, 323396045148946, 323396179366674]
[332192138171154, 332192138171154, 332192138171154, 332192138171154, 332192138171154, 332192138171154, 332192104616722, 332192104616722, 332054665663250]
[332192138171158, 297007766082326, 297007766082326, 297005618598678, 297005618598678, 296868179645206]
[332192138171158, 332192138171158, 332192138171158, 332192138171158, 332192138171158, 332192138171158, 333291649798934, 333291649798934, 333291649798934, 333291649864470, 333291649864470, 333291649864470, 333291649864470, 333291649864470, 333291649864470, 333291649864470, 333291649864470, 333291649864470, 333291649864470, 333291649864470, 333291649864470, 333291649864470, 333291649864470, 333291649864470, 333291649864470, 333291649864470, 333291649864470, 333291649864470, 333291649864470, 333291649864470, 333291649864470, 333291649864470, 333291649864470, 333291649864470, 333291649864470, 333291649864470, 333291649864470, 333291649864470, 333291649864470, 333291649864470, 333291649864470, 333291649864470, 333291649864470, 333291649864470, 333291649864470, 333291649864470, 328893603353366]
[332196433138454, 402565177316118, 402565177316118, 402565177316118, 402633896792854]
[332192138171158, 332192138171158, 332192138171158, 332192138171158, 332192138171158, 332192138171159, 332192138171155, 332192138171155, 332192138171155, 332192138171155, 332192138171155, 332192138171155, 332192138171155, 332260857647891]
[332192139219734, 332196434187030, 332196434711318]
[332192138171158, 332192138171158, 323396045148950, 323396045148946, 323396045148946, 323396045148946, 323396045148946, 323396045148946, 323396045148946, 323396045148946, 323396313584402]
[332192138170646, 332192138170646, 332192138170646, 332192138170646, 332192138170646, 332192138170646, 332192138170646, 332192138170646, 332192138170646, 332192136073494, 332192136073494, 332192136073494, 332192136073494, 332192136073494, 332192136040726]
[332192138171158, 332192138171166, 332192138171166, 332192139219742, 332192139219742, 332192139219742, 332192139219742, 332192139219742, 332192139219742, 332192139219742, 332192139219742, 332192139219742, 332192139219742, 332192139219742, 332192139219742, 327794092708638]
[332192138171158, 332192138171158, 332192138171158, 332192138171158, 332192138170646, 332192138170646, 332192138170646, 332192138170654, 332192138170654, 472929626525982]
[332192138171158, 332192138171159, 332192138170647, 332192138170647, 332192138170647, 332192138170647, 332192138170647, 332192138170647, 332192138170647, 332192138170647, 332192138170647, 327794091659543]
[332192138171158, 332192138187542, 332192138187542, 332192138187542, 332192138187542, 332192138187542, 332192138187542, 332192138187542, 332192138187542, 332192138187542, 332192138187542, 332192138187542, 332192138187542, 332192138187542, 332192138187542, 323396045165334, 323396045165334, 323396045165334, 323396045165334, 323396045165334, 323396045165334, 323396045165334, 323396045165334, 323396045165334, 323396045165334, 323396045165334, 323396045165334, 323396045165334, 323396045165334, 323396045165334, 323396045165334, 323396045230870]
[332192138171158, 332192136074006, 332192136074006, 332192136074006, 332192136074006, 332192136073990, 332192136073990, 297007763985158]
[332192138171158, 332192138171158, 332192138171158, 332192146559766, 332192146559766, 332192146559766, 332192146559766, 332192146526998, 332260866003734]
[332192138171158, 297007766082326, 297007766082326, 297007766082326, 297007766082326, 297007766082326, 297007766082326, 297007766082326, 297007900300054, 297007900300054, 297007900300054, 296870461346582]
[332192138171158, 332192138171158, 332192138171154, 332192138171154, 50717161460498, 50717161460498, 50717161460498, 50717161460498, 50717161460498, 50717161427730]
[332192138171158, 332192138171158, 332192138171158, 332192138171158, 332192138171158, 332192138171158, 332192138171158, 332192138171158, 332192138171158, 332189990687510, 332189990687510, 332189990687510, 332189990687510, 332189990687510, 332189990687510, 332189990687510, 332189990687510, 332189990687510, 332189990687510, 332189990687510, 332189990687510, 332189990687510, 327791944176406, 327791944176406, 327791944700694]
[332192146559766, 332192146559766, 332192146559766, 327794100048662, 327794100048662, 327794100048662, 327794100048662, 327794100048662, 327794100048662, 327794100048662, 327794100048662, 327656661095190]
[332192138171158, 332192138171158, 332192138171158, 332192138171158, 332192138170902, 332054699217430, 332054699217430, 332054699217430, 332054699217430, 332054699217430, 332054699217430, 332054699217430, 332054699217430, 332123418694166]
[332192138171158, 332192138171158, 332192138171158, 332192138171158, 332192138171158, 332054699217686, 332054699217686, 332054833435414, 332054833435414, 332054833435414, 332055907177238]
[297007766082326, 297007766090518, 297007766090518, 297007766090518, 297007766090518, 297007766090518, 297007766090518, 297007766090518, 297007766090518, 297007766090518, 297007766090502]
[332192138171158, 332192138171158, 332196433138454, 332196433138438, 332196433138438, 332196433138566]
[332192138171158, 332192138171158, 332192138171158, 332192138171158, 332192138171158, 332192138171158, 332192138171158, 332192138171158, 332192138171158, 323396045148950, 323396045148950, 323396045148950, 323396045148950, 323396045148950, 323396045148950, 323396045148950, 323396045148950, 323396045148950, 323396046197526, 323396046197526, 318997999686422]
[332192138171158, 332192138171158, 332192138171158, 332192138171158, 332192138171158, 332192138171158, 332192138171158, 332192138171158, 332192138171158, 332192138171158, 332192138171158, 332192138171158, 332054699217686, 332054699217686, 332054833435414, 332054833435414, 332054833435414, 332054833435414, 332054833435414, 332054833435414, 332054833435414, 296870461346582]
[332192138171158, 332192146559766, 332192146559766, 332192146559766, 332192146559766, 332192146559766, 332192146559766, 50717169849110, 50717169849110, 50717169849110, 50717169849238]
[332192138171158, 323396045148950, 323396045148950, 288211673060118, 288211673060118, 288211673060118, 288211639505686]
[332192138171158, 332192138171158, 332192138171158, 332192138171158, 332192138171158, 332192138171158, 332192138171158, 332192138171158, 332192138171158, 332192138171158, 332260857647894, 332260857647894, 332260857647895, 332260857647895, 332260857647895, 332260857647895, 332260857647895, 332260857647895, 332260857647895, 332260857647895, 332260857647895, 332260857647895, 297076485559063]
[472929626526486, 472929626526486, 472929626526486, 472929626526486, 472929626526486, 472929626526486, 472929626526486, 472929626522390, 472929626522390, 543298370700054]
[332192138171158, 332192138171158, 332192138171158, 332192138170646, 332192138170646, 332192138170646, 332192138170646, 333291649798422, 333291647701270]
[332192146559766, 332192146559766, 332192146559766, 332054707606294, 332054707606294, 332054707606294, 332054707606294, 332054707606294, 332054707606294, 296870335517462]
[332192138171158, 332192138171158, 332192138171158, 332192138171158, 332192138171158, 332192138171158, 332192138171158, 332192138171158, 332192136074006, 332054697120534, 332054697120534, 332054697120534, 332054697120534, 332123416597270]
[332192138171158, 332192138171158, 332192138171158, 327794091660054, 327794091660054, 327862811136790, 327879991005974]
[332192138171154, 332192138167058, 332192138167058, 332192138167058, 332192138167058, 332192272384786]
[332192138171158, 332192138171158, 332192138171158, 332192138171158, 332192138171158, 332192138171158, 332193211912982, 332193211912982, 332193211912982, 332193211912982, 332193211912982, 332193211912982, 332193211912982, 332193211912982, 332193211912982, 332261931389718, 332261927195414]
[332192138171158, 332192138171158, 323396045148950, 323396045148950, 323396045148950, 324495556776726, 324495556776726, 324495556776726, 324495557301014]
[332192138171158, 332192138171158, 332192138171158, 332192138171158, 332192139219734, 332192139219734, 332192139219734, 332192139219734, 50717162509078, 50717162509078, 50717162509078, 50717162509078, 50717170897686]
[332192138171158, 332192138171158, 332192138167062, 332192138167062, 332192138167062, 332192138134294, 332192138134294, 332192138134294, 332192138134294, 332192138134294, 332192138134294, 329993114878742]
[327794091660054, 327794091660054, 327794091660054, 327794091660054, 327794091660054, 327794091660054, 327794091659542, 327794091659542, 327794091659542, 327794091659542, 327794091659542, 327794091659542, 327794091659542, 327794091659542, 327802681594134]
[332192138171158, 332192138171158, 332192138171158, 332192138171158, 332192138171158, 332192138171154, 332192104616722, 332192104616722, 332192104616722, 332192104616722, 332192238834450]
[332192138171158, 332192138171158, 332193211912982, 332193211912982, 332193211912982, 332193211912982, 332193211912978, 332193211912978, 332193211912978, 332193211912978, 332193211912978, 332193211912978, 332193211912978, 297008839824146]
[332467016078102, 332467016078102, 332467016078102, 332467016078102, 332467016078102, 332467016078230, 332467016078230, 332467017126806]
[332192138171158, 332192138171158, 332192138171158, 332192138171154, 50717161460498, 50717161460498, 50717161460498, 50717161460498, 50717161460498, 50717162509074]
[332192138171158, 332192138172182, 332192138172182, 332192138172182, 332192138172182, 332192138172182, 332192138172182, 332192138171158, 332192138171158, 332192138171158, 332192138171158, 332192138171158, 332192138171158, 332192104616726, 332192104616214, 332192113004822]
[332192138171158, 332192138138390, 332192138138422, 332192138138422, 332192136041270]
[332192138171158, 332192138171158, 332192138171158, 332192138171158, 332192138171158, 332192138171158, 332192138171158, 332054699217686, 332054699217686, 332054707606294, 332054707606294, 332054707606290]
[332192138171158, 332192138171158, 332192138171158, 50717161460502, 50717161460502, 50717161460502, 50717161460502, 15532789371670, 15395350418198]
[472929626526486, 191454649815830, 191454649815830, 191454649815830, 191454649815830, 191454649811734]
[332192138171158, 332192138171158, 332192138171158, 332192138171158, 332192138171158, 332192138171158, 332192138171158, 332192138170646, 332192138170646, 332192138170646, 332192138170646, 332192138170646, 332192138170646, 332054699217174, 332054699217174, 332058994184470]
[332192138171158, 332192138171158, 332192138171158, 332192138171158, 332192138171158, 332192138171158, 332192138171158, 332192139219734, 332192139219734, 332192139219734, 332192139219862, 332192139219862, 332192139219862, 332192139219862, 297007767131030]
[332192138171158, 332192138171158, 50717161460502, 50717161460502, 50717161460502, 50717161460502, 50579722507030, 50579722507030, 50579722507030, 50579722507030, 50579722507030, 50579720409878]
[332192138171158, 332192104616726, 332192104616726, 333291616244502, 333291616244502, 328893569733398]
[332192138171158, 332192138171158, 332192138171158, 297007766082326, 297007766082326, 297007766147862, 297007766147862, 297007766147862, 297007766147862, 297005618664214]
[332192138171158, 332192138171158, 333291649798934, 333291649798934, 333566527705878, 333566527705878, 333566527705878, 332467016078102, 332467016078102, 332467016078102, 332467016078102, 332467016078102, 332329577124630, 332329577190166]
[332192138171158, 332192138171158, 332192138171154, 332192138171154, 332192138138386, 332192138138386, 332192138138386, 332192138138386, 332192138138386, 323396045116178]
[332192138171158, 332192146559766, 332192144462614, 332192144462614, 332192144462614, 332192144462646]
[332192138171158, 332192138171159, 332192138171159, 332192138171159, 332192138171159, 332192138171159, 332192138171159, 332192138171159, 332192138171159, 332192138171159, 332192138171159, 332192138171159, 332192138171159, 323396045148951, 323670923055895]
[332192138171154, 332192138171154, 332192138171154, 332192138171154, 332193211912978, 332193211913010]
[332192138171158, 332192138179350, 332192138179350, 332192138179350, 332192138179346, 297007766090514]
[333291649798934, 333291649798934, 333291649798934, 333291649798934, 333291649798934, 333291649798934, 333291649798934, 333291649798934, 332192138171158, 333291649798934, 333291649798934, 333291649798934, 333154210845462, 333154210910998]
[332192138171158, 332192138171158, 332192138171158, 332192205280022, 332192205280022, 332192205280022, 297007833191190, 297007833256726]
[332192272388886, 332192272356118, 332192272356118, 332192272356118, 332192272356114]
[297007766082326, 15532789371670, 15532789371670, 15532789371670, 15532789371670, 15532789371670, 15532789371670, 15532789371670, 15532789371670, 15532789371670, 15532789371670, 15532789371670, 15532789371670, 15532789371670, 15532789371654]
[332192138171158, 332192138171158, 332192138171158, 332192138695446, 332192138695446, 332192136598294, 327794090087190]
[332192138171158, 332192136074006, 332192136074006, 297007763985174, 298107275612950]
[332192138171158, 332192138171158, 332192138171158, 332192138171158, 332192136074006, 323396043051798, 323396043051798, 323396043051798, 323396043051798, 323396043051798, 323396043051798, 323396043051798, 323396043051798, 323396043051798, 323396043051798, 323396043051798, 323396043051798, 323396044100374]
[332192138171158, 332192138170646, 332189990686998, 332189990686998, 332189990686998, 332189990686998, 332189990686998, 332189990686998, 332189990686998, 332189990686998, 332189991211286]
[332192138171158, 332192136074006, 332192136074006, 332192136074006, 332192136074006, 332192136074006, 332192136074006, 332192136074006, 332192136074006, 332192136074006, 332192136074006, 332192136074002, 332192136074002, 332192136074002, 332192137122578]
[332192138167062, 332192138167062, 332192138167062, 332192138167062, 332192138167062, 332192138167062, 332192138167062, 332192138167062, 332192138167062, 332193211908886, 332193211908886, 332193211908886, 332193211908886, 332193211908884]
[332192139219734, 332192139219734, 50717162509078, 50717162509206]
[332192138171158, 332192138171158, 402560882348822, 402560882348310, 402423443394838]
[332192138171158, 332192138171158, 332192138171158, 332192146559766, 332192146559766, 332192146559766, 332192146559766, 332192146559766, 332192146625302, 332192146625302, 332192146625302, 332192146625302, 332192146625302, 332192146625302, 332192146625302, 332192146625302, 332192146625302, 332192146625302, 332467024532246]
[327794091660054, 292609719571222, 292609719571222, 292609719571222, 292609719571222, 292609719571222, 292609719571222, 292472280617750]
[332192138171158, 332192138171158, 332192138171158, 332192138171154, 332192138171154, 332192138171154, 332192138171154, 332192272388882, 332192272388882, 332054833435410]
[332192138171158, 332192138171158, 332192138171158, 332192138695446, 332054699741974, 332054699741974, 332054699741974, 332054699741974, 332054833959702]
[332192138171158, 297007766082326, 297007766082326, 297007766082326, 297008034517782, 297008034517782, 297008032420630]
[332741893985046, 333841405612822, 333841405612822, 333841405612822, 333841405612822, 333841405612822, 333841405612822, 474578893968150]
[332192138171158, 332192138171158, 332192138171190, 332189990687542, 332189990687542, 332189990687542, 332189990687542, 332189990687542, 332189990683446]
[332192138171158, 332192138171158, 332192136074006, 332192136074006, 332192136041238, 332192136041238, 332192136041238, 332192136041238, 332192136041238, 332192136041238, 327794089530134]
[332054699217686, 50579722507030, 50579722507030, 50579722507026]
[50717161460502, 50717161460502, 50717161460502, 50717161460502, 50717161460502, 50717161427734, 50717161427734, 50717161427734, 50717161427734, 50717161427734, 50717161423638]
[332192138171158, 332192138171158, 332192138171158, 332192138171158, 332192136074006, 332192136074006, 332192136074006, 332192136074006, 50717159363350, 50717159363350, 50717159363350, 50717159363350, 50717159363350, 50717159428886]
[332192138171158, 332192138171158, 333291649798934, 333291649798934, 333291649798934, 333291649798934, 333291649798934, 333291784016662, 332192272388886, 332192272388886, 332192272388886, 332192270291734, 332192270291734, 297007898202902]
[332192138171158, 332192138171158, 332192138171158, 332192138171158, 332192138171158, 332192138171158, 332192138171158, 332192138171158, 297007766082326, 297007774470934, 297007774470934, 297007774470934, 297007774470934, 297007774470934, 297007774470934, 297007774470934, 297007774470934, 297007774470934, 297007772373782]
[332192138171158, 332192138171158, 332192138171158, 472929626526486, 472929626526486, 191454649815830, 191454649815830, 191454649815830, 191454650340118]
[332192138171286, 332192138171286, 332192138171286, 332192138171286, 332192138171286, 332192138171286, 332192138171286, 332193211913110, 332193211913110, 332193211909014]
[332054699217686, 332055772959510, 332055772959510, 332055772959510, 332055772959510, 323259679937302]
[332192138171158, 332192138171158, 332192138171158, 332192138171158, 332192138171158, 332192138171158, 332192138171158, 332192138171158, 332192136074006, 332192136074006, 332192136074006, 332192136074006, 332192136074006, 332192136074006, 332192136074006, 332192136074006, 332467013980950, 332467013980950, 332467013989142]
[332192138171158, 332192138171158, 332192138171158, 332192138171158, 332192138171158, 332192138171158, 332192138171158, 332192138171158, 332192138171158, 332192138171158, 332192138171158, 332192138171158, 332192138171158, 332192138171158, 332192138171158, 332192146559766, 332192146559766, 333291658187542, 333291658187542, 333291658187542, 333291658187543]
[332192138171158, 332192138171158, 332192138171158, 332192138171158, 332192138171158, 332192138171158, 332192138171158, 332192138171158, 332192138171158, 332192138171158, 332192138171158, 332192138171158, 332192138171158, 332192138171158, 332192138171158, 332192272388886, 332192272388886, 332192272388374, 332192272388374, 332192272388374, 332192272388374, 332192272388374, 332192272388374, 332192272388374, 332196567355670]
[332192138171158, 332192138171158, 332192138171158, 332192138171158, 332192138171158, 332192138138390, 332192272356118, 332192272356118, 332192272356118, 327794225845014]
[332192138171158, 332192138171158, 332192138171158, 332192138167062, 332192136069910, 332192136069910, 332192136069910, 332192136069910, 332192136069910, 297007763981078]
[332192138171158, 332192138171158, 332192272388886, 332192273437462, 50717296726806]
[332192138171158, 332192138171158, 332192138171158, 332192138171158, 332192138171158, 332192104616726, 332192104616726, 332192104616726, 332192104616726, 332192104616726, 332192104616726, 332192104616854, 332192104616854, 332192104616854, 332192104616854, 332192104616854, 297007732528022]
[332192138171158, 332192138171159, 332192138171159, 332192138171159, 332192138170647, 323396045148439]
[332192138171158, 332192138171158, 332192138171158, 332192138171158, 332192138171158, 332192138171158, 332054699217686, 332054699217686, 332054699217686, 332054699217686, 332054699217686, 332054699217686, 332054699217686, 332054699217686, 332054699217686, 332054699217814, 332054699217814, 332054699217814, 332054697120662]
[332192138171158, 332192138171158, 332192138171158, 332192138171158, 332192138171158, 332192138171158, 332192138171158, 332192138171158, 332192138171158, 332192138171158, 332192138171158, 332192138171158, 332192272388886, 332054833435414, 332054833435414, 327656786924310]
[332192138171158, 332192138171158, 50717161460502, 50717161460502, 50717161460502, 50717161460502, 50717161460502, 50717161460502, 50717161460502, 50717159363350, 50717159363350, 50717159363350, 50717159363350, 50717159363350, 50717159363350, 50717293581078]
[332192138171158, 332192138171158, 332192138171158, 332192138171158, 332192138138390, 332192138138390, 332192138138390, 323396045116182, 323396045116182, 323396045116182, 323396313551638]
[332192138171158, 332192138171158, 332192138171158, 332192138171158, 323396045148950, 323396045148950, 323396046197526, 323396046197526, 323396046197526, 323396046197526, 323396046197526, 323396046197526, 323396046197526, 323396046197526, 323396046197526, 323400341164822]
[332192138171158, 332192138171158, 332192138171154, 332192138171154, 332192138171154, 50717161460498, 50579722507026]
[332192138170646, 332192139219222, 332192139219222, 332192139219222, 332192139219222, 332192139219222, 297007767130390]
[332192146559766, 332192146559766, 332054707606294, 332054707606294, 332054707606294, 332054707606294, 332054707606294, 332054707606294, 332054707606294, 332054707602198]
[332192138171158, 332192138171158, 332192138171158, 332196433138454, 332196434187030, 332196434187030, 332196434186518]
[472929626526486, 472929626526486, 472929627575062, 472929625477910]
[332192138171158, 332192138171158, 332192138171158, 332192138171158, 332192272388886, 332192339497750, 332192339497750, 332192339497750, 332192339497750, 332192339497750, 332192339497750, 332193413239574]
[332192138171158, 332192138171154, 332192138695442, 332192138695442, 332192138695442, 332192138695442, 50717161984786]
[332192138171158, 332192138236694, 332192138236694, 332192138236694, 332192138232598, 332192138232598, 332192138232598, 332192138232598, 332192138232598, 332192138232598, 332192138232598, 332192138232598, 332260857709334]
[297007766082326, 297007766082326, 297007763985174, 297007763985174, 297007763952406]
[332192138171158, 332192138171158, 332192272388886, 332192272388886, 332192272388886, 332192339497750, 332192339497750, 332190192014102]
[327794091660054, 327794091660054, 327656652706582, 327656652706582, 327656652706582, 327656652706710]
[332192138171158, 332192138171158, 332192138695446, 332192138695446, 332192138695446, 332192138695446, 332192138695446, 332209318564630, 332209318564630, 332209318564630, 332209318564758]
[327794091660054, 345386277704470, 345386277704470, 345386277704470, 345386277704470, 345386277704470, 345386277704470, 345386277700374]
[332192139219734, 332192139219734, 332192139219734, 332192139219734, 332192105665302, 332192105665302, 332192105665302, 332192105665302, 332192105665302, 332192105730838]
[332260857647894, 332260857647894, 332260857647894, 332260857647894, 332123418694422, 332123418694422, 332123418694422, 332123418694422, 332123418694422, 332123418694422, 332127713661718]
[332192138171158, 332192138171158, 332192138171158, 332192138171158, 332192138171158, 332192138171158, 332192138171158, 332192138171158, 332192138171158, 332192138171158, 332192138171158, 332192138171158, 332192138171158, 332192138171158, 332192138171158, 332192138171158, 332192138171158, 332192406606614, 332192406606614, 332192406606615, 332192406606615, 332192406606615, 332192406606615, 332192406606615, 332192406606615, 332192406606615, 332192406606615, 332192406606615, 332192406606615, 332192406606615, 332192406606615, 332192406606615, 323396313584407]
[332192138171158, 332192138171158, 332192138171158, 332192138171286, 50717161460630, 50717161460630, 50717161460630, 50717161460630, 50717161460630, 50717161460630, 50717295678358]
[332192146559766, 327794100048662, 327794100048662, 327794100048662, 327794100048662, 327794100048662, 327802689983254]
[332192138138390, 332192138138390, 332192138138390, 332192138138390, 332192138138390, 332192406573846, 332192406573846, 332192406573846, 332192473682710]
[332192138171158, 332192138171158, 332192138171158, 332192138171158, 332192138171158, 332192205280022, 332192205280022, 332192205275926, 50717228565270]
[332192138171158, 332192138171158, 332192138171158, 332192138171158, 332192138171158, 332192138171158, 332192138171158, 332192138171158, 332192138171158, 332192104616726, 332192104616726, 332192104616726, 332192104616726, 332192104616726, 332192104624918, 297007732536086]
[297007766082326, 297007900300054, 297007900300054, 297007900300054, 297007901348630]
[332192138171158, 332192138171158, 332192138171158, 332192138171158, 332192138171158, 332192138171158, 327794091660054, 327794091660054, 327794225877782, 327794225877782, 327794225877782, 327794225877782, 327794225877782, 327794225877782, 327794225877782, 327794225877782, 327802815812374]
[323396045148950, 323396045148950, 323396045144854, 323396045144854, 323396045144854, 323396045144854, 323396045144854, 323396045144854, 323396045144854, 323396045144854, 323404635079446]
[332209318040342, 332209318040342, 349801504084758, 349801504084758, 349802577826582]
[332192138171158, 323396045148950, 323396045148438, 323396045148438, 288211673059606]
[332054699217686, 332054699217686, 332054699217686, 332054699217686, 332054699217174, 332054699217174, 332054699217174, 332054699217174, 50579722506518]
[332192138171158, 332192138171158, 50717161460502, 50717161460502, 50717161460502, 50717161460502, 50717161427734, 50717161427734, 50717161427734, 50717161427734, 50717161427734, 50717161427734, 50717161427734, 50717161427222]
[332192138171158, 332192138171158, 332192138138390, 332192138138390, 332192138138390, 332192138138390, 332192138138390, 50717161427734, 50717161427734, 50717161427734, 50717161423638]
[332192138171158, 332741893985046, 323945800962838, 323945800962838, 323945800962838, 323945800962838, 323945800962838, 323945800962838, 323945800962838, 323945800962838, 323945800962838, 323808362009366]
[332192138171158, 332192138171158, 332192138171158, 332192146559766, 332192146559762, 333291658187538]
[332192138171158, 332192138171158, 332192138171158, 332192138167062, 332192272384790, 332192238830358]
[332192138171158, 332192138171158, 332192138171158, 332192138171158, 332192138171158, 332192138171158, 332192272388886, 332192272388886, 332192272388886, 332192272388886, 332192272388886, 332192272388886, 332192272388886, 332192272388886, 332192272388886, 332192272388886, 332196567356182, 332196567356182, 332196567356182, 332196567355670]
[297007766082326, 297007766082326, 297007766606614, 297007766606614, 297007766606614, 288211673584406]
[332054699217686, 50579722507030, 46181675995926]
[332192138171158, 332192138171158, 332192138171158, 332192138171158, 332192138171158, 332260857647894, 332260857647894, 323464764625686, 323464764625686, 323464764625686, 323464764625686, 323464764625686, 323464764625686, 323464764625686, 323464764625686, 323464765674262]
[332192138167062, 333291649794838, 333291647697686]
[332192138171158, 332192138171158, 332192138171158, 332192138171158, 332192138171158, 332192138171158, 472929626526486, 472929693635350, 472930767377174]
[349784324215574, 349784324215574, 349784324215574, 349853043692310, 332260857647894, 333360369275670, 333360369275670, 51885392565014]
[332192138171158, 332054699217686, 332054699217718, 332054699217718, 332054699217718, 332054699217718, 332054699217718, 332054699217718, 50579722507062]
[332192138171158, 332192138171158, 332192138171158, 327794091660054, 327794091660054, 327794089562902, 328893601190678]
[332192138171158, 332192138171158, 332192138171158, 332192138171158, 332192104616726, 332192104616726, 332192104616726, 332741860430614, 332741860430614, 332741860430614, 332741860430614, 332741927539478]
[332192138171158, 332192138171158, 332192138171158, 332192138171158, 332192138171158, 332192138171158, 332192138171158, 332192138171158, 332192138170646, 332192138170646, 332192138170646, 332192138170646, 332192138170646, 332192138170646, 332054699217174, 332054699217174, 332054699217174, 323258606194966]
[332192138171158, 332192138171158, 332192138171158, 332192138171158, 332192138171158, 332192138695446, 332192138695446, 327794092184342, 327794092184342, 327794090087190]
[332192138236694, 332192138236694, 332192138236182, 332192138236182, 332192138236182, 332192138236182, 332192138236182, 332192138236182, 332192138236182, 332192138236182, 332192138236182, 332192138236182, 323396045213974]
[332192138171158, 332192138171158, 323396045148950, 323396045214486, 323396045214486, 323396045214486, 323396045214486, 323396045214486, 323393897730838]
[332192138171158, 332192138171158, 332192138171158, 332192138171158, 332192138171158, 297007766082326, 297007766082326, 297007766082326, 297007766082326, 297007766082326, 297007766082326, 297007766082326, 297007766082326, 297007766082326, 297007766082326, 297007774470934, 297007774470934, 297007774470934, 297007774470934, 297007774470934, 297007774470934, 297007908688662]
[332192138171158, 332192138171158, 332192138171158, 332192138171154, 332054699217682, 332054699217682, 332054699217682, 333154210845458]
[329993114915606, 294808742826774, 294808742822678]
[333291649798934, 333291649798934, 333291649798934, 333291649798934, 333291647701782, 333291647701782, 333291647701782, 333291647701782, 333291647701782, 333291647701782, 333291647701782, 333291647701782, 333291647701782, 333291647701782, 333291647701782, 333291647701782, 333291647701782, 333291647701782, 333291647701782, 333291647701782, 333291647701782, 333291647697686]
[332054699217686, 332054699217686, 332054699217686, 332054699217686, 332054699217686, 332054699217686, 332054699217686, 332054699217686, 332054699217686, 332054699217686, 332054833435414, 50579856724758]
[472929626526486, 472929627575062, 472929627575062, 472929761792790]
[332192138171158, 332054699217686, 332054699217174, 332054699741462]
[332192138171158, 332192138171158, 332192272388886, 332192272388886, 332192238834454, 332192238834450]
[332192138171158, 332054699217686, 332054699217686, 332054699217686, 332054699217686, 332054699217686, 332054699217686, 332054699217686, 332054699217686, 332054665663254, 332054665663254, 332054665663254, 332054799880982]
[332192138179350, 332192138179350, 332192138179350, 332054699225878, 332054699225878, 332054699225878, 332329577132822]
[332192138171158, 323396045148950, 323396045148950, 324495556776726, 324495556776726, 43020580066070]
[332192138171158, 332192138170646, 332192138170646, 472929626525974, 472929626526102]
[327794091660054, 327794089562902, 327798384530198]
[332192138171158, 332192138171158, 332192138171158, 332192138171158, 332192138171158, 332054699217686, 332054699217682, 332054699217170]
[332192138171158, 332192138171158, 332054699217686, 332054699217686, 332054699217686, 332054699217686, 332054699217686, 332054699217686, 332054699217174, 332054699213078]
[332192138170646, 332192138170646, 332192138170678, 332192138170678, 332192138170678, 332192138170678, 297007766081846]
[332192138171158, 332192138171158, 332192138171158, 332192138171158, 50717161460502, 50717161460502, 50717161460502, 50717161460502, 50717161460502, 50721456427798, 41925363405590]
[332192138695446, 332192138695446, 332192138695446, 332192138695446, 332192105141014, 332192105141014, 332192105141014, 332192105141014, 332192105141014, 332192105141014, 332192105141014, 332192105141014, 332192105141014, 332192106189590]
[332192138171158, 332192138171158, 332192138170646, 50717161459990, 50717161459990, 50717161459990, 50717161459990, 50717159362838]
[332192138171158, 332192138171158, 332189990687510, 50715013976854, 50715013976854, 50715013976854, 50715013976852]
[332192138171158, 332054699217686, 332054699217814, 332054699217814, 332054699217814, 332054699217814, 332054697120662]
[332192138171158, 332192138171158, 333291649798934, 324495556776726, 324495556776726, 324495556772630]
[327794091660054, 327794091660054, 327794091660054, 327794091660054, 327794091660054, 327794091660054, 327794091660054, 327794091660054, 327794091660054, 327795165401878, 327795165401878, 327795165401878, 327795165401878, 327795165401878, 327795165401878, 327795165401878, 327795165401878, 327795165401878, 327795165401878, 398163909579542]
[332192138171158, 332192136074006, 332192136074006, 332192136074006, 50717159363350, 50717159363350, 50717159363350, 50717159363350, 50717159363350, 50717159363350, 50717159363350, 51816670991126]
[332192138171158, 332196433138454, 332196433138454, 332196433138454, 332196433138454, 332196441527062, 327798395015958]
[332192138236694, 332192138236694, 332192138236694, 332192138236694, 332192138236694, 332192138236694, 332192138236694, 332192138236694, 332192138236694, 332192138236694, 332192138236694, 332192138236694, 332192138236694, 332192138236694, 332192138236694, 50717161526038, 50717161521942]
[332192138171158, 332192138171158, 332192138171158, 332192138171158, 332192138171158, 332192138171158, 332192138171158, 332192138171158, 332192138171158, 332192138171158, 332192138171154, 332192138171154, 332192138171154, 50717161460498, 50717161460498, 50717161460498, 50717161460498, 50717161460498, 50717161460498, 50717161460498, 50717161460498, 50717161459986]
[332054699217686, 332054699217174, 332054699217174, 332058994184470]
[472929626526486, 472929626526486, 472929626526486, 472929626526486, 472929626526486, 472929626526486, 472929626525974, 472929626525974, 472929626525974, 472929626525974, 472929626525970]
[332192138171158, 332192138171158, 332192138171158, 332192138171158, 332192138171158, 332192138171158, 332189990687510, 297005618598678, 297005618598678, 297005618598678, 297005618598678, 297005618598678, 297005618598678, 297005618598678, 297005618598678, 297005618598678, 292607572087574]
[332192138171158, 332192138171158, 472929626526486, 472929626526486, 472929626526486, 437745254437654, 437745254437650]
[332193211912982, 332193211912982, 332193211912982, 332193211912982, 332193211912982, 332193211912982, 332193211912982, 332193211912982, 332055772959510, 332055772959510, 332060067926806]
[332192138171158, 332192138171158, 327794091660054, 327794091660054, 327794091660054, 327794091660054, 327794091660054, 327794091660054, 327794091660054, 327794091660054, 327794091660054, 327794091660054, 327794091660054, 327794091660054, 327794091660054, 327794091660054, 327794091660054, 318997998637846, 318997998637846, 318997998637846, 318997998637846, 318997998637846, 318997998637846, 318997998637846, 318997998637846, 318997998637846, 318997998637846, 318997998637846, 318997998637846, 318997998637846, 318997998637846, 318997998637846, 318997998637846, 318997998637846, 318997998637846, 318997998637846, 318997998637846, 318997998637846, 318997998637846, 318997998637846, 318860559684374]
[323396045148950, 323396045148950, 323396045148950, 323396045148950, 464133533504278, 464133533504278, 464133533504278, 464133533504278, 182658556793622]
[332054699217686, 332054699217686, 332054699217686, 332054699217686, 332054699217686, 332054699217686, 332054699217686, 332054699217686, 332054699217686, 332052551734038, 332052551734038, 332052551734038, 332052551734038, 332052551734166]
[332260857647894, 332260857647894, 332260857647894, 332260857647894, 332260857647894, 332260857647894, 332260857647894, 332260857647894, 332260924756758, 332123485803286]
[332192138171286, 332192138171286, 332193211913110, 332193211913110, 332193211913110, 332193211913110, 332197506880406]
[332192138171158, 332192138171158, 332192138171158, 332192138170646, 332192138170646, 50717161459990, 50717161459990, 50717161459990, 50717161459990, 50717161459990, 50717161459990, 50717161459990, 50717161459990, 50717161459990, 50717161459990, 50717161459990, 50717161459990, 50717161459990, 50717161459990, 50717161459990, 50717161459990, 50717161459990, 50717161459990, 50721456427286]
[332192138171158, 332192138171158, 332192138171158, 332192138695446, 332192138695446, 332192138695446, 332192138694934, 332192138694934, 332192138694934, 332192138694934, 332192138694934, 332192138694934, 332192138694934, 332192138694934, 332192138694934, 332192138694934, 332192138694934, 50717161984278]
[332192138171158, 332192138171158, 332192138171158, 332192138171158, 332192138171158, 332192138171158, 332192138171158, 332192138171158, 332192138171158, 332192138171158, 332192138171158, 50717161460502, 50717161460502, 50717162509078, 50717162525462]
[332192138171158, 332192138171158, 332192138171158, 332192138171158, 332192138171158, 332192138167062, 332192138232598, 332193211974422]
[50717161460502, 191454649815830, 191454649815830, 191454649815830, 191458944783126]
[332192138171158, 332192138171158, 332192138171158, 332192138171158, 332192138171158, 332192138171158, 332192138171158, 323396045148950, 323396045148950, 323396045148950, 324495556776726, 324495556776726, 324495556776726, 324495556776726, 324495556776726, 324495556776726, 324495556776726, 324495556776722]
[333291649798934, 333291649798934, 333291649798934, 298107277710102, 298107277710102, 298108351451926]
[332192138171158, 332192138171158, 332192138171158, 333291649798934, 333291649798934, 333360369275670, 333360369275670, 333360369275670, 333360369275670, 51885392565014]
[332192136074006, 332209315943190, 332209315943190, 327811269432086]
[332192138171158, 332192138171158, 332192138171158, 50717161460502, 50717161460502, 50717161460502, 50717161460502, 50717161460502, 50717161460502, 50717161460502, 50717161460502, 50717161460502, 50717161456406, 50717161456406, 50717161456406, 50717161455894]
[472929626526486, 472929626526486, 472929626522390, 472929626522390, 472929626522390, 472929626522390, 472929626522390, 472929626522390, 472929626522422]
[332192138171158, 50717161460502, 50717159363350, 50717159363350, 41921066341142]
[332192138171158, 332192139219734, 332192139227926, 297007767139094]
[332741893985046, 332741893985046, 332741893985046, 332741893985046, 332741893985046, 332741893985046, 333841405612822, 333841405612822, 325045312590614]
[332192138171158, 332192138171158, 332192138171154, 332192138171154, 332192138171154, 332192138171154, 332192138171154, 332192138171154, 332192138171154, 332192138171154, 332192138171154, 332054699217682, 332054699217682, 332054699217682, 332054699217682, 332329577124626]
[332192138171158, 349784324215574, 349784324215574, 349784324215574, 349784324215574, 349784324215574, 349784324215574, 349784324215574, 349784324215574, 349784324215574, 349784324215574, 349784324215574, 349853043692310, 349853043692310, 349853043692310, 349853043692310, 349853043692310, 349853043692310, 349853043692310, 349853043692310, 350402799506198]
[332192138695446, 332192138695446, 332192136598294, 332192136598294, 332192136598294, 332192136598294, 332192136598294, 332192136598294, 332193210340118]
[332192138171158, 332192138171158, 332192138171158, 332192138171158, 332192138138390, 297007766049558, 297007766049558, 297007766049558, 297007766049558, 297007766057750]
[332192138171158, 297007766082326, 296870327128854, 296870327128854, 296870327128854, 296870327128854, 296870327128854, 296870327128854, 296870327128854, 296870327128854, 296870325031702]
[332192138171158, 333291649798934, 333291649798934, 333291649798934, 333291649798934, 333154210845462, 333154210845462, 333154210845462, 333154210845462, 51679234134806]
[332192138171158, 332192104616726, 332192104616726, 332192104616726, 332192104583958, 332192104583958, 332192104583958, 332192104583958, 332192104583958, 332192104583958, 332192104583954]
[332192138171158, 332192138171158, 332192138167062, 332192138167062, 332192138167062, 332192138167062, 332196433134358, 332196433134358, 332196433134358, 332196433134358, 332196433134358, 332196433134358, 332196433134358, 332196433134358, 332196433134358, 332196433134358, 332196433134358, 332196433134358, 332196433134358, 332196433134358, 327798386623254]
[332192138167062, 332192138167062, 332192138167062, 332192138167062, 332192138167062, 332192272384790, 332192273433366]
[332192272388886, 332192272388886, 332196567356182, 332196567356182, 332196567356182, 332196567356182, 332196567356182, 332196567356182, 332196567356182, 332196567356182, 332196567356182, 332196433138454, 332196433138454, 332213613007638, 332213613007638, 333313124635414]
[332192138171158, 332192138171158, 332192138171158, 332192138171158, 332192138167062, 50717161456406, 50717161456406, 50717161456406, 50717161456406, 50717161456406, 50717161456406, 50717161456406, 50717161456406, 50717161456406, 50717161456406, 50717161456406, 50725751390998]
[297007766082326, 297007766082326, 297007766049558, 297007766049558, 288211673027350]
[332192138171158, 327794091660054, 327794091660054, 327794091660054, 327794091660054, 327794091660054, 327794089562902, 327794089562902, 327794089562902, 327794089562902, 327794089562902, 327794089300758]
[323396045148950, 323396045148950, 323396045148950, 323396045148950, 323396045148950, 323396045148950, 288211673060118, 288211673060118, 288211673060118, 288211673060118, 288211673060118, 288211673060118, 288211673060118, 288211673060118, 288211673060118, 288211673125654]
[332192138171158, 332192138171158, 332192138171158, 50717161460502, 50717161460502, 50717161460502, 50717161460502, 50717161460502, 50717161460502, 50717161460502, 50717161460502, 50717161460566, 50717161460566, 41921068438358]
[50717161460502, 50717161460502, 50717161526038, 50717161526038, 50717161526038, 50717169914646]
[332192138171158, 332192138171158, 332192138171154, 332192138171154, 332054699217682, 332054699213586]
[332192138171158, 332192138171158, 332192138171158, 332192138171158, 332192138171158, 332192138171158, 332192138171154, 332192138171154, 332192138171154, 297007766082322, 297007766082322, 15532789371666]
[332192138171158, 332192138171158, 332192138171154, 349784324215570, 349784324215570, 349784324215570, 349784324215570, 349784324215570, 349784324215570, 349784324215570, 349784324215570, 349785397957394]
[332192138171158, 332192138171158, 332192138171158, 332192138171158, 332192138171158, 332192138171158, 332192138171158, 332192138171158, 332192138171158, 332192138171158, 332192138171158, 472929626526486, 472929626526486, 472929626526486, 472929626526486, 472929626526486, 472929626526486, 472929626526486, 472930700268310, 472930700268310, 472930700268310, 472930700268310, 472930700268310, 464134607246102]
[332192138171158, 332192138171158, 332192138171158, 323396045148950, 323396045148950, 323396045148950, 323400340116246, 323400348504854]
[332192138171158, 332192138171158, 332192138171286, 332192138171286, 332192138171286, 332192138171286, 332192205280150, 332192205280150, 332192138171286, 332192138171286, 332192138171286, 332054699217814, 332054699217302]
[332192104616726, 332192104616726, 332192104616722, 332192104616722, 332192104616722, 332192104616722, 332192104616722, 332260824093458]
[332192138171158, 327794091660054, 327794091660054, 327794091660054, 327794091660054, 327794091660054, 327794091660054, 327794091660054, 327794091660054, 327794091660054, 327795165401878, 327795165401878, 327795165401878, 327795165401878, 327795165397782]
[50717161460502, 50717161460502, 50717161460502, 50579722507030, 50579722507026]
[332192138171158, 332192138171286, 332192138171286, 332192138171286, 332192138187670, 50717161477014]
[332192138171158, 332192138171158, 297007766082326, 297007766082326, 297007766078230, 297007766078230, 297007766078230, 297007766078230, 297007766078230, 297007766078230, 297007766078230, 297007766078230, 297007766078230, 297007766078230, 297007766078230, 15532789367574]
[332193211912982, 332193211912982, 332193211912982, 332193211912982, 332193211912982, 50718235202326, 50718235202326, 50718235202454]
[332192136074006, 332192136074006, 332192136074006, 332192136074006, 472929624429334, 472929624429334, 472929624429334, 472929624429334, 472929624429334, 332192136074006, 50717159363350, 50717159363350, 50717159363350, 50717159363350, 50717159363350, 50717159363350, 50717159363350, 50717159363350, 50717159363351]
[332192138171158, 332192138171158, 332192138171158, 332192138171158, 323396045148950, 323396045148950, 323396045148950, 323396045148950, 323396045148950, 323396045148950, 323396045148946, 323396045148946, 323396045157138]
[332741893985046, 332741893985046, 332741893985078, 332741891887926]
[332054699217686, 332054699213590, 332054699213590, 332054699213590, 332054699213590, 296870327124758]
[323396045148950, 323396045148950, 323396179366678, 323396179366678, 323396179366678, 323396179366678, 323396179366806]
[332192138171158, 332192138171158, 332192138171158, 332192138171158, 332192138167062, 332192138167062, 332192138167062, 332192138232598, 332192138232598, 50717161521942]
[323396045148950, 323396045148950, 323396045148950, 323396045148950, 323396045148950, 323396045148950, 323396045148950, 41921068438294, 41921068438294, 41921068438294, 41921068438294, 41921068438294, 41921068438294, 41921068438294, 41921068438294, 41921068438294, 6736696349462]
[297007766082326, 297007763985174, 297007763985174, 297007763985174, 297007763985174, 297007763985174, 297007763985174, 297007763985174, 297007763985174, 297007763985170]
[332192138171158, 332192138171158, 332192138171158, 332192138171158, 332192138171158, 332192205280022, 332192205280022, 332741961093910, 332741961093910, 332604522140438]
[332192138171158, 332192138179350, 332192138146582, 332192138146582, 332192138146582, 297007766057750]
[327794091660054, 327794091660054, 327791944176406, 327791944176406, 327791944172310]
[332192138171158, 332192133976854, 332192133976854, 332192133976854, 332192133976854, 332192133976854, 332192133976854, 332192133976854, 333291645604630, 333291645604630, 333291645604630, 333291645670166]
[50717161460502, 50717161460502, 50717161460502, 50717161460502, 50717161460502, 50717161460502, 50717161460502, 50715013976854, 50715013976854, 46316967465750]
[332192136074006, 332192136074002, 332192136074002, 50717159363346]
[332192139219734, 332192139219734, 332192139219734, 332192139219734, 332192139219734, 332192139219734, 332192139219734, 332192139219222, 332192139219222, 332192139219222, 332192139219222, 332192139219218]
[332192138171158, 332192138171158, 332192138171158, 332192138171158, 332192138171158, 332192138171158, 297007766082326, 297007766082326, 297007766082326, 297007766082326, 297007766082326, 296870327128854, 296870327128854, 296870327128854, 296870327194390]
[332192138171158, 332192138171158, 332192138171158, 332192138171158, 332192138171158, 332192138171158, 332192138171158, 332192138171158, 332192138171158, 332192138171158, 332192138171158, 332192138171158, 332192138171158, 332192138171158, 332192138171158, 332209318040342, 332209318040342, 332209318040342, 332192138171158, 332192138167062, 332192138167058, 332192138167058, 332192138167058, 332192138167058, 332192138167058, 332192136069906]
[332192138171158, 332196433138454, 332196433138454, 332196433138454, 332196433138454, 349788619182870, 349788619182870, 349788619182870, 349788619182870, 349788619182870, 490526107538198]
[332192138171158, 332192138171158, 332192138171158, 332192138171158, 332192138171158, 332192138171158, 332192138171158, 332192138171154, 332192138171154, 332192138171154, 332192138171154, 332192138171154, 332192138171154, 349784324215570, 349784324215570, 349784324215570, 349784324215570, 349784324215570, 349784324215570, 349784324215570, 349784324215570, 349784324215570, 349784324215570, 349784324215570, 349853043692306]
[323396045148950, 323396045148950, 323396045148950, 323396045148950, 323396045148950, 323396045148950, 323396045148950, 324495556776726, 324495556776722]
[332192138171158, 332192138171158, 332193211912982, 332193211912982, 332193211912982, 332193211912982, 332193211912982, 332193211912982, 332193211912982, 332193212961558, 332193212961558, 332193212961558, 332193212961558, 332193212961558, 332193212961558, 332193212961558, 332193347179286]
[332192138171158, 332192138171158, 332192138171158, 332192138171158, 332192138171158, 332192138171154, 332192138171154, 332192138171154, 332192138171154, 332192138171154, 332192138167058, 332741893980946]
[332192138170646, 332193211912470, 332197506879766]
[332192138171158, 332192138171158, 50717161460502, 50717161460502, 50717127906070, 50717127906070, 50717127906070, 50717127906070, 50717127906070, 50717127906070, 50717127906070, 50717127906070, 50717128954646]
[332192138138390, 332192138138390, 332192138138390, 333291649766166, 333291649766166, 333292723507990]
[332192138171158, 332192138171158, 332192138171158, 332192138171158, 332192138171158, 332192136074006, 332192136074006, 332192136074006, 332192136074006, 332192136074006, 332192136139542, 332192136139542, 332192136139542, 332192136139543]
[332192138167062, 332192138167062, 332192138166550, 332193211908374]
[332192138171158, 332192138171158, 332192138187542, 332192138187542, 332192138187542, 332192138187542, 332192138187538, 332192138187538, 332192138187538, 332192138187538, 332192138187538, 332192138187538, 332192138183442]
[332192138170646, 332192138170646, 332192138170646, 332192139219222, 332192139235606]
[332192138171158, 332192138695446, 332192138695446, 332192138695574, 332192138695574, 332192138695574, 332192138695574, 332196433662870]
[50717161460502, 50717161460502, 50717161460502, 15532789371670, 15532789371670, 15532806148886]
[332192138171158, 332192138171158, 332192146559766, 332192146559766, 50717169849110, 50717170897686]
[332192138171158, 332192138171154, 332192138171154, 332193211912978, 332193220301586]
[332192138171158, 332192138179350, 332196433146646, 332197506888470]
[332192138171158, 297007766082326, 297007766082326, 297007766082326, 297007766082326, 297007766082326, 297007766082326, 297007766082326, 297007766082326, 297007766082326, 297007766082326, 297007766082326, 297007766082322, 297007766082322, 297007766082322, 297007766082322, 297007766082322, 297007766082322, 297007766082322, 297007766082322, 297007766147858]
[332192138171158, 332192138171158, 332192104616726, 332192104616726, 332192104616726, 332192104616722, 332192171725586]
[332192138171158, 332192138171158, 332192138171158, 332192138171158, 332192138171158, 332196433138454, 332058994184982, 332058994184982, 332058994184982, 50584017474326]
[332192138171158, 332192138171158, 332192138171158, 332192138171158, 332192138171158, 332192138171158, 332192138171158, 297007766082326, 297007766082326, 297007766082326, 297007766049558, 297007766049558, 297007766049558, 297007766049558, 297007766049558, 297007766049558, 297007766049558, 297008839791382]
[332192138171158, 332192138171154, 332192138171154, 332192138171154, 332192138170642, 332192138170642, 332192138170642, 332192138170642, 332192138170642, 332192138170642, 332192138170642, 332192138170642, 332192138170642, 332054699217170]
[332192138171158, 327794091660054, 327794091660054, 327794091660054, 327794225877782, 327794225877782, 468531714233110]
[332192138171158, 332192138171158, 332192138171158, 332192138138390, 332192138138390, 332192138138390, 332192138138390, 332209318007574, 332209318007574, 332209318007574, 332209318007574, 332209318007574, 332071879054102]
[332192138171158, 332192138171158, 332192138171158, 332192138171158, 332192138171158, 332192138171158, 332192138171158, 472929626526486, 472929626526482, 472929626526482, 472929626526482, 472929626526482, 472929626526482, 472929626526482, 472929626526482, 472929626526482, 472930700268306]
[332189990687510, 332189990687510, 472927479042838, 472927479042838, 472927479042838, 472927479042838, 472927479042838, 472927613260566]
[332192138171158, 332192138171158, 332192138171158, 332192138171158, 327794091660054, 327794091655958, 345386277700374]
[332192138171158, 332192138171158, 332192138171158, 332192138171158, 332192138171158, 332192138171158, 332192138171158, 332192138171286, 332192138171286, 332192138171286, 332054699217814, 333154210845590]
[332192272388886, 332192272388886, 332192272388886, 332192272388886, 332192272388886, 50717295678230, 50717295678230, 50717295678230, 50717295678230, 50717295678230, 50717295678230, 50717295678230, 50717295678230, 50717295678230, 50717295678230, 50717295678230, 50717295678230, 50717295678230, 50717295678230, 50717295678230, 50717296726806]
[332192138171158, 332192138236694, 332192138236694, 332192138236694, 332192138232598, 332192138232598, 332192138232726]
[332192136074006, 332192136074006, 332192136074038, 332192136074038, 332192136074038, 332192136074038, 332192136074038, 332192136074038, 332054697120566]
[332192138236694, 332192138236694, 332192138236694, 332192138236694, 332192138236694, 332192138236694, 332192138236694, 332192138236694, 332192138236694, 332192138236694, 332192138236694, 332192138236694, 332192136139542, 332192136139542, 332192136139030]
[332192138171158, 332192138171158, 332192138171158, 332192138187542, 332192138187542, 332192138187542, 332192138187542, 332192138187542, 332192138187542, 332192138187542, 332192138187542, 332192138171158, 332192138171158, 332192138171158, 332192138171158, 332192138171158, 332192272388886, 332192272388886, 332192272388886, 332192272388886, 332192272388886, 332192272388886, 332192272384790, 332192272384790, 332192272384790, 332192272384790, 323396179362582]
[332192138171158, 323396045148950, 323396045148950, 323396045148950, 323396045148950, 323396045148950, 323396045148950, 323396045148950, 323396045148950, 323396045148950, 41921068438294, 41921068438294, 41921068438294, 41921068438294, 41921068438294, 41921068438294, 41921135547158]
[332192138171158, 50717161460502, 50717161460502, 50717161460502, 50717162509078, 50717161460502, 50717161460502, 50717161460502, 50717161460502, 50717161460502, 50717161460502, 50717161460630, 50717161460630, 50717161460630, 50717161460118]
[332192138170646, 332192138170646, 332192138170646, 402560882348310, 402560882348310, 402560882348310, 402560882348310, 402560882348310, 402560882348310, 402560882348310, 402558734864662]
[332192138171158, 332192138171154, 50717161460498, 50717161460498, 50717161460498, 50717161460498, 50717161460498, 50717161460498, 50717161460498, 50717161460498, 121085905638162]
[332192138171158, 332192138171158, 332192138171286, 332192138171286, 332192138171286, 332192138171286, 332192138171286, 332192138171286, 332192138171286, 332192138171286, 332192138171286, 50717161460630, 50717161460630, 50717161460630, 50717161460630, 50717161460630, 50717161460118]
[332192138170646, 332192138170646, 332467016077590, 332484195946774]
[332192138171158, 332192138236694, 332192138236694, 332192138236694, 332192138236694, 332192138236694, 332192138232598, 332192138232598, 297007766143766]
[332192138171158, 332192138171158, 332192138170646, 332192138170646, 332192138170646, 332192138170646, 332192133976342, 332192133976342, 332054695022870]
[332192138171158, 332192138171158, 323396045148950, 323396045148950, 288211673060118, 288211673060118, 288211673060118, 288211673060118, 288211673060118, 288211673060118, 288211673060118, 288211673060118, 288211673060118, 288211673060118, 288211673060118, 288211673060118, 288212746801942]
[332192138171158, 332192138171158, 332192138171158, 332192138171158, 332192139219734, 332192139219734, 332192139219734, 332192139219734, 332192139219734, 332192139215638, 332192139215638, 332192139215638, 332192139215638, 332192139215638, 332192139215638, 332192139215638, 332192139215638, 323396046193430]
[332192138171158, 332192138171158, 332192138171158, 332192138171158, 332192138171158, 332192138171158, 332192138171158, 332192138171158, 332054699217686, 332054699217686, 332054699217686, 332054699217686, 332054699217686, 332054699217686, 332054699217686, 332054697120534, 332054697120534, 332054697120534, 333154208748310]
[332192138171158, 332192138171158, 332192138171158, 332192138171158, 332196433138454, 332196433203990, 332196433203990, 50721456493334]
[332192138171158, 332192138171158, 50717161460502, 50717161460502, 50717161460502, 50717161460502, 50717161460630, 50717169849238]
[332192138171158, 332192138171158, 332054699217686, 332054699217686, 332054699217686, 332054699234070, 332054699234070, 472792187589398]
[332192138171158, 332192138171158, 332192138171158, 332192138171158, 332192138171158, 332192138171166, 332192138171166, 332192138171166, 332192138171294, 332192138171294, 332192138171294, 332192138171294, 332192138171294, 332192138171294, 50717161460638]
[332192138171158, 332192138171158, 332192138171158, 332192104616726, 332192104633110, 332192104633110, 332054665679638]
[332192138171158, 332192138171158, 332192138171158, 323396045148950, 323396045148950, 323396045148950, 323396045148950, 323396045148950, 323396045148950, 323396045148950, 41921068438294, 41921068438294, 41921068438294, 41921068438294, 37523021927190]
[332192136074006, 332192136074006, 332192136074006, 332192136074006, 332192136074006, 332192136074006, 332192136074006, 332192136074006, 332192136082198, 332192136082198, 332192136082198, 472929624437526]
[332192138171286, 332192138171286, 332192138171286, 332192138171286, 332192138171286, 50717161460630, 50717161460630, 50717161460614]
[332192138171158, 332192138171158, 332192138171158, 50717161460502, 50717161460502, 50717161460502, 50717161460502, 50717161460502, 50717161460502, 50717161460498, 50717161460498, 50717161460498, 50717161460498, 50717161460498, 50717161460242]
[332192138171158, 332192138171286, 332192138171286, 332192138171286, 332192138179478, 332192136082326]
[332192138171158, 332192138171158, 332192138171158, 332192138171158, 332192138171158, 332192138138390, 332192138138390, 50717161427734, 50717161427734, 50717161427734, 50717161427734, 50717161427734, 50717161427734, 50717161427478]
[332192272388886, 332192272388886, 332192272388886, 332192272388886, 332192272388886, 332192272388886, 332192272388886, 332192272388886, 332054833435414, 332054833435414, 332054833435414, 332054833435414, 332054833435414, 332054833434902]
[332192104616726, 332192104616854, 332192104616854, 332466982523798]
[332192138171158, 332054699217686, 332054699217682, 332054699217682, 332054699217682, 332054699217682, 332054699217682, 332054699217682, 50579722507026]
[332192138171158, 332192138171158, 332192138171158, 332192138171158, 332192138171158, 332192138171158, 332192138171158, 332192138171158, 332192138171158, 332192138171158, 332192138171154, 332192136074002, 332192136074002, 332192136074002, 332192136074002, 332192136074002, 332192136074002, 332192136074002, 332192136074002, 332192136074002, 332192136074002, 332192136074002, 332192136074002, 332192136074002, 332192136074002, 332192136074002, 332192136074002, 332192136074002, 332192136074002, 332192136074002, 332192136074002, 332192136074002, 332192136074002, 332192136074002, 323396043051794]
[332192138171158, 332192138171158, 332192138171158, 332192137909014, 332192137909014, 332054698955542, 332054698955542, 332054833173270]
[332192138171158, 332192138171158, 332192138171158, 332192138171158, 332192138171158, 332192138171158, 332209318040342, 332209318040342, 332209318040342, 332209318040342, 332209318040342, 332209318040342, 332209318040342, 332209318040342, 332209326428950, 327811279917846]
[332192138171158, 297007766082326, 297008839824150, 297008839824150, 297008839824150, 297008906933014]
[332192138171158, 332192138171158, 332192138171158, 297007766082326, 297007766082326, 297007766082326, 297007766082326, 296870327128854, 296870327128854, 296870327124758]
[332192138171158, 332192138171158, 332192138171158, 332192138171158, 332192138171158, 332192138171158, 332192139219734, 332192139219734, 332054700266262, 332054700266262, 332054700266262, 332054700266262, 332054700266258]
[332192138171158, 332192138171158, 332192138171158, 332192138167062, 332192138167062, 332192146555670, 332192146555670, 332192146555670, 332192147604246]
