,TEAD1,TCF7L1,TFDP1,NFYC,EGR1,HSF2,CREB1,TCF4,NFKB1,SIX1,ZEB1,SMAD3,ESR1,SOX11,RORA_RORB,STAT1,ASCL1,GRHL2,THRB,NFIA,FOXO3,STAT2,EHF,LMX1B,ZBTB20,TBX15,MEIS2,NFIX,REST,NFATC2,KMT2A,RBPJ,HES1,JUNB,ICAM1,RUNX1,SIX4,NFIB,JUN,NCAM1,PROX1,TCF7L2,PKNOX2,ETS1,BACH2,JUND,NR6A1,PBX1,EPCAM,BACH1,SOX9,CUX2,FOS
TEAD1,0.0,0.0,0.0,0.0,0.08621324263858918,0.0,0.0,0.32193993511495933,0.0,0.0,0.0,0.0,0.0,0.0,0.0,0.0,0.0,0.0,0.0,0.0,0.0,0.0,0.0723998427861768,0.0,0.0,0.0,0.0,0.0,0.0,0.0,0.0,0.0,0.0,0.0,0.0,0.06643410521308488,0.0,0.3963118196578374,0.0,0.0,0.0,0.0,0.0,0.0,0.0,0.0,0.0,0.11901096192424873,0.0,0.0,0.0,0.0,0.0
TCF7L1,0.0,0.0,0.0,0.0,0.0,0.0,0.0,0.0,0.0,0.0,0.0,0.0,0.0,0.0,0.0,0.0,0.16019451374623322,0.0,0.0,0.31292273956273353,0.0,0.0,0.17036086585510518,0.0,0.0,0.0,0.0,0.0,0.24088863877899835,0.0,0.0,0.0,0.0,0.0,0.0,0.10370975057210251,0.0,0.20166349199411798,0.0,0.0,0.0,0.0,0.0,0.0,0.0,0.0,0.0,0.0,0.0,0.0,0.0,0.0,0.0
TFDP1,0.0,0.0,0.0,0.0,0.0,0.0,0.0,0.0,0.0,0.0,0.0,0.0,0.0,0.0,0.0,0.0,0.0,0.0,0.0,0.0,0.0,0.0,0.0,0.0,0.0,0.0,0.0,0.0,0.0,0.0,0.0,0.0,0.0,0.0,0.0,0.0,0.0,0.0,0.0,0.0,0.0,0.0,0.0,0.0,0.0,0.0,0.0,0.0,0.0,0.0,0.0,0.0,0.0
NFYC,0.0,0.0,0.0,0.0,0.0,0.0,0.0,0.0,0.0,0.0,0.0,0.0,0.0,0.0,0.0,0.0,0.0,0.0,0.0,0.0,0.0,0.0,0.0,0.0,0.0,0.0,0.0,0.0,0.0,0.0,0.0,0.0,0.0,0.0,0.0,0.0,0.0,0.0,0.0,0.0,0.0,0.0,0.0,0.0,0.0,0.0,0.0,0.0,0.0,0.0,0.0,0.0,0.0
EGR1,0.0,0.0,0.18660713082299824,0.0,0.0,0.0,0.0,0.0,0.0,0.0,0.0,0.0,0.0,0.0,0.20173677638788426,0.0,0.0,0.0,0.0,0.0,0.0,0.0,0.10447166720662,0.0,0.0,0.0,0.3685202256828074,0.0,0.0,0.0,0.0,0.0,0.0,0.0,0.0,0.1739959147604322,0.0,0.1813649325662525,0.0,0.0,0.0,0.0,0.0,0.0,0.0,0.20322758236204697,0.0,0.0,0.0,0.0,0.0,0.0,0.0
HSF2,0.13022879660620063,0.0,0.27096193066413277,0.11912754914456225,0.1609728354879491,0.0,0.0,0.26137114064460376,0.0,0.0,0.0848991103979562,0.0,0.0,0.0,0.0,0.0,0.0,0.0,0.0,0.0,0.0,0.0,0.0,0.0,0.0,0.0,0.0,0.0,0.0,0.0,0.0,0.0,0.0,0.0,0.0,0.0,0.0,0.0,0.0,0.0,0.0,0.0,0.0,0.0,0.0,0.0,0.0,0.0,0.0,0.0,0.0,0.0,0.0
CREB1,0.0,0.0,0.0,0.0,0.0,0.0,0.0,0.0,0.0,0.0,0.0,0.0,0.0,0.0,0.0,0.0,0.0,0.0,0.0,0.0,0.0,0.0,0.0,0.0,0.0,0.0,0.0,0.0,0.0,0.0,0.0,0.0,0.0,0.0,0.0,0.0,0.0,0.0,0.0,0.0,0.0,0.0,0.0,0.0,0.0,0.0,0.0,0.0,0.0,0.0,0.0,0.0,0.0
TCF4,0.0,0.0,0.0,0.0,0.0,0.0,0.0,0.0,0.0,0.0,0.0,0.0,0.0,0.0,0.0,0.0,0.0,0.0,0.0,0.0,0.0,0.0,0.0,0.0,0.0,0.0,0.0,0.0,0.0,0.0,0.0,0.0,0.0,0.0,0.0,0.0,0.0,0.0,0.0,0.0,0.0,0.0,0.0,0.0,0.0,0.0,0.0,0.0,0.0,0.0,0.0,0.0,0.0
NFKB1,0.0,0.0,0.0,0.0,0.0,0.0,0.0,0.0,0.0,0.0,0.0,0.0,0.0,0.0,0.0,0.0,0.3743631073959475,0.0,0.0,0.0,0.0,0.0,0.1922664237874908,0.0,0.0,0.0,0.0,0.0,0.0,0.0,0.0,0.0,0.0,0.0,0.0,0.08473429563083074,0.0,0.4322923959757424,0.0,0.0,0.0,0.0,0.0,0.0,0.0,0.0,0.0,0.0,0.0,0.0,0.0,0.0,0.0
SIX1,0.0,0.0,0.0,0.0,0.0,0.0,0.0,0.36057699467789756,0.0,0.0,0.0,0.0,0.0,0.0,0.3377387559459418,0.0,0.0,0.0,0.0,0.0,0.0,0.0,0.03442679999571473,0.0,0.0,0.0,0.0,0.0,0.19372993752497789,0.0,0.0,0.0,0.0,0.0,0.0,0.04927341896739064,0.0,0.0,0.0,0.0,0.0,0.0,0.0,0.0,0.0,0.0,0.0,0.0,0.0,0.0,0.0,0.0,0.0
ZEB1,0.0,0.0,0.0,0.0,0.0,0.0,0.0,0.0,0.0,0.0,0.0,0.0,0.0,0.0,0.0,0.0,0.0,0.0,0.0,0.0,0.0,0.0,0.0,0.0,0.0,0.0,0.0,0.0,0.0,0.0,0.0,0.0,0.0,0.0,0.0,0.0,0.0,0.0,0.0,0.0,0.0,0.0,0.0,0.0,0.0,0.0,0.0,0.0,0.0,0.0,0.0,0.0,0.0
SMAD3,0.0,0.0,0.0,0.0,0.0,0.0,0.0,0.0,0.0,0.0,0.0,0.0,0.0,0.0,0.0,0.0,0.25587940908388623,0.0,0.0,0.0,0.0,0.0,0.17010743069663903,0.0,0.0,0.0,0.0,0.0,0.20659135362707076,0.0,0.0,0.0,0.0,0.0,0.0,0.2548667031065725,0.0,0.0,0.0,0.0,0.0,0.0,0.0,0.0,0.0,0.0,0.0,0.12490476444808378,0.0,0.0,0.0,0.0,0.0
ESR1,0.0,0.0,0.0,0.0,0.0,0.0,0.0,0.0,0.0,0.0,0.0,0.0,0.0,0.0,0.0,0.0,0.0,0.0,0.0,0.0,0.0,0.0,0.0,0.0,0.0,0.0,0.0,0.0,0.0,0.0,0.0,0.0,0.0,0.0,0.0,0.0,0.0,0.0,0.0,0.0,0.0,0.0,0.0,0.0,0.0,0.0,0.0,0.0,0.0,0.0,0.0,0.0,0.0
SOX11,0.0,0.0,0.0,0.0,0.0,0.0,0.27411713442118124,0.0,0.0,0.0,0.0,0.27242734333347013,0.0,0.0,0.0,0.0,0.0,0.0,0.0,0.0,0.0,0.0,0.0,0.0,0.0,0.0,0.0,0.0,0.0,0.0,0.0,0.0,0.0,0.0,0.0,0.0,0.0,0.0,0.13883918813544732,0.0,0.0,0.0,0.0,0.0,0.0,0.0,0.0,0.0,0.0,0.18548900183984243,0.0,0.0,0.0
RORA_RORB,0.0,0.0,0.0,0.0,0.0,0.0,0.0,0.0,0.0,0.0,0.0,0.0,0.0,0.0,0.0,0.0,0.39565578448021144,0.17453142922128267,0.0,0.1679472848212125,0.12722616412722668,0.0,0.0,0.2732946515259131,0.0,0.0,0.0,0.0,0.0,0.0,0.0,0.0,0.0,0.0,0.0,0.0,0.0,0.0,0.0,0.0,0.0,0.0,0.0,0.0,0.0,0.0,0.0,0.0,0.0,0.0,0.0,0.0,0.0
STAT1,0.0,0.0,0.0,0.0,0.0,0.0,0.0,0.0,0.0,0.0,0.0,0.0,0.0,0.0,0.0,0.0,0.0,0.0,0.0,0.0,0.0,0.0,0.0,0.0,0.0,0.0,0.0,0.0,0.0,0.0,0.0,0.0,0.0,0.0,0.0,0.0,0.0,0.0,0.0,0.0,0.0,0.0,0.0,0.0,0.0,0.0,0.0,0.0,0.0,0.0,0.0,0.0,0.0
ASCL1,0.0,0.0,0.0,0.0,0.12168819568210294,0.0,0.0,0.0,0.0,0.22558770836536837,0.0,0.0,0.0,0.0,0.17154912238400694,0.0,0.0,0.0,0.0,0.0,0.0,0.0,0.0,0.0,0.0,0.0,0.0,0.0,0.0,0.0,0.0,0.0,0.07886215933196321,0.0,0.0,0.0,0.0,0.0,0.13234866730203165,0.0,0.0,0.0,0.0,0.0,0.0,0.10207828235170521,0.0,0.0,0.0,0.0,0.0,0.0,0.0
GRHL2,0.0,0.0,0.0,0.0,0.0,0.0,0.0,0.30169799031069083,0.0,0.0,0.0,0.0,0.0,0.0,0.0,0.0,0.0,0.0,0.0,0.2785112530667993,0.0,0.0,0.0,0.0,0.0,0.0,0.0,0.0,0.0,0.0,0.0,0.0,0.0,0.0,0.0,0.061912431176595374,0.0,0.35542119523076754,0.0,0.0,0.0,0.0,0.0,0.0,0.0,0.0,0.0,0.0,0.0,0.0,0.0,0.0,0.0
THRB,0.0,0.0,0.0,0.0,0.0,0.0,0.0,0.0,0.0,0.5676159999999999,0.0,0.0,0.0,0.0,0.0,0.0,0.0,0.0,0.0,0.0,0.0,0.0,0.0,0.0,0.0,0.0,0.0,0.0,0.0,0.0,0.0,0.0,0.0,0.0,0.0,0.0,0.0,0.0,0.0,0.0,0.0,0.0,0.0,0.0,0.0,0.0,0.0,0.0,0.0,0.0,0.0,0.0,0.0
NFIA,0.0,0.0,0.0,0.0,0.0,0.0,0.0,0.137687328259164,0.0,0.0,0.0,0.0,0.0,0.0,0.0,0.2138776449260594,0.0,0.0,0.0,0.0,0.0,0.0,0.14041396269440903,0.0,0.0,0.0,0.1484093544949105,0.17305334075583972,0.0,0.0,0.0,0.0,0.0,0.0,0.0,0.19928739792394762,0.0,0.1384245033566714,0.0,0.0,0.0,0.0,0.0,0.0,0.0,0.0,0.0,0.0,0.0,0.0,0.0,0.0,0.0
FOXO3,0.0,0.0,0.0,0.0,0.0,0.0,0.0,0.0,0.0,0.0,0.0,0.0,0.0,0.0,0.39436935563051995,0.0,0.0,0.0,0.0,0.0,0.0,0.0,0.0,0.0,0.0,0.0,0.2147623410186315,0.0,0.0,0.0,0.0,0.0,0.0,0.0,0.0,0.0,0.0,0.0,0.0,0.0,0.0,0.0,0.0,0.0,0.0,0.0,0.0,0.0,0.0,0.0,0.32592710769456884,0.0,0.24111057418305076
STAT2,0.20170149501447898,0.4187344965590024,0.0,0.0,0.0,0.0,0.0,0.0,0.0,0.0,0.0,0.0,0.0,0.0,0.0,0.0,0.0,0.0,0.0,0.22773333576100147,0.0,0.0,0.0,0.0,0.0,0.0,0.0,0.0,0.0,0.0,0.0,0.0,0.0,0.0,0.0,0.17531079344086925,0.0,0.141401735143638,0.0,0.0,0.0,0.0,0.0,0.0,0.0,0.0,0.0,0.0,0.0,0.0,0.0,0.0,0.0
EHF,0.0,0.0,0.0,0.0,0.0,0.0,0.0,0.0,0.0,0.0,0.0,0.0,0.0,0.0,0.0,0.0,0.0,0.0,0.0,0.0,0.0,0.0,0.0,0.0,0.0,0.0,0.0,0.0,0.0,0.0,0.0,0.0,0.0,0.0,0.0,0.5232400631293993,0.0,0.17988160677015996,0.0,0.0,0.0,0.0,0.0,0.0,0.0,0.0,0.0,0.0,0.0,0.0,0.0,0.0,0.0
LMX1B,0.0,0.0,0.0,0.0,0.162849692019028,0.0,0.0,0.0,0.0,0.0,0.0,0.0,0.0,0.0,0.0,0.0,0.13296898871833007,0.0,0.0,0.0,0.0,0.0,0.0,0.0,0.0,0.0,0.42234326844924097,0.0,0.0,0.0,0.0,0.0,0.0,0.0,0.0,0.0,0.0,0.0,0.0,0.0,0.0,0.0,0.0,0.0,0.0,0.19284453300563398,0.0,0.0,0.0,0.0,0.0,0.0,0.0
ZBTB20,0.0,0.0,0.0,0.0,0.0,0.0,0.26590483027606604,0.0,0.0,0.0,0.0,0.0,0.0,0.0,0.0,0.0,0.0,0.0,0.0,0.07691721080237093,0.0,0.0,0.0,0.0,0.0,0.17248696349899745,0.0,0.0,0.0,0.0,0.0,0.0,0.0,0.0,0.0,0.0,0.0,0.0,0.10118456084265699,0.0,0.0,0.0,0.0,0.15020482649373829,0.0,0.14335849754801683,0.0,0.0,0.0,0.0,0.0,0.0,0.06310528133474422
TBX15,0.0,0.0,0.0,0.0,0.0,0.0,0.0,0.0,0.0,0.2827324912773893,0.0,0.0,0.07587425410531887,0.0,0.0,0.0,0.0,0.17205839748193452,0.0,0.16567936415824466,0.0,0.0,0.0,0.0,0.0,0.0,0.0,0.25064801129679637,0.0,0.2277938135753669,0.0,0.0,0.0,0.0,0.0,0.0,0.0,0.0,0.0,0.0,0.0,0.0,0.0,0.0,0.0,0.0,0.0,0.0,0.0,0.0,0.0,0.0,0.0
MEIS2,0.0,0.0,0.0,0.0,0.18641335942533438,0.0,0.0,0.0,0.0,0.0,0.0,0.0,0.0,0.0,0.0,0.0,0.11638209450705772,0.0,0.0,0.0,0.0,0.0,0.0,0.0,0.0,0.0,0.0,0.0,0.2581098204428983,0.0,0.0,0.0,0.0,0.0,0.0,0.2719633691918429,0.0,0.0,0.0,0.0,0.0,0.0,0.0,0.0,0.0,0.0,0.0,0.0,0.0,0.0,0.0,0.0,0.0
NFIX,0.0,0.0,0.0,0.0,0.0,0.15098358372506337,0.0,0.0,0.0,0.0,0.0,0.0,0.0,0.0,0.12785558167153172,0.1093154129161489,0.0,0.0,0.0,0.0,0.0,0.0,0.0,0.0,0.0,0.0,0.0,0.0,0.0,0.29634854134696237,0.0,0.0,0.0,0.0,0.0,0.15386260590368867,0.0,0.0,0.0,0.0,0.0,0.0,0.0,0.0,0.0,0.0,0.0,0.0,0.0,0.0,0.0,0.0,0.0
REST,0.0,0.0,0.0,0.0,0.0,0.0,0.0,0.0,0.0,0.0,0.0,0.0,0.0,0.0,0.0,0.0,0.5108262010298208,0.0,0.0,0.0,0.0,0.0,0.0,0.0,0.0,0.0,0.0,0.0,0.0,0.0,0.0,0.0,0.27823976811236834,0.0,0.0,0.0,0.0,0.0,0.0,0.0,0.0,0.0,0.0,0.0,0.0,0.0,0.0,0.0,0.0,0.0,0.20199140838203802,0.0,0.0
NFATC2,0.0,0.0,0.0,0.0,0.0,0.0,0.0,0.0,0.0,0.0,0.0,0.0,0.0,0.0,0.0,0.0,0.2640541047141129,0.0,0.0,0.0,0.0,0.0,0.0,0.0,0.0,0.0,0.49707914220696103,0.0,0.0,0.0,0.0,0.0,0.0,0.0,0.0,0.0,0.0,0.0,0.046143022910176634,0.0,0.0,0.0,0.0,0.0,0.0,0.0,0.0,0.0,0.0,0.0,0.0,0.0,0.0
KMT2A,0.0,0.0,0.0,0.0,0.13531325675489286,0.0,0.0,0.0,0.0,0.0,0.0,0.0,0.0,0.0,0.0,0.21577082304111114,0.0,0.0,0.0,0.0,0.0,0.0,0.050873831472474415,0.26664872393450895,0.0,0.0,0.0,0.0,0.0,0.22886140845305325,0.0,0.0,0.0,0.0,0.0,0.0,0.0,0.0,0.09088894486786771,0.0,0.0,0.0,0.0,0.0,0.0,0.20770912381719842,0.0,0.0,0.0,0.0,0.0,0.0,0.0
RBPJ,0.0,0.0,0.0,0.0,0.0,0.0,0.0,0.0,0.0,0.0,0.0,0.0,0.0,0.0,0.0,0.0,0.0,0.0,0.0,0.0,0.0,0.0,0.0,0.0,0.0,0.0,0.0,0.0,0.0,0.0,0.0,0.0,0.0,0.0,0.0,0.0,0.0,0.0,0.0,0.0,0.0,0.0,0.0,0.0,0.0,0.0,0.0,0.0,0.0,0.0,0.0,0.0,0.0
HES1,0.0,0.0,0.0,0.0,0.0,0.0,0.0,0.0,0.0,0.0,0.0,0.0,0.0,0.0,0.12785306834541174,0.0,0.1608230610068288,0.0,0.0,0.0,0.0,0.0,0.0,0.0,0.0,0.0,0.0,0.0,0.0,0.0,0.0,0.0,0.0,0.0,0.0,0.4409644401125686,0.0,0.10643001016485741,0.0,0.0,0.0,0.0,0.0,0.0,0.0,0.22527370398889562,0.0,0.0,0.0,0.0,0.0,0.0,0.0
JUNB,0.277540720161983,0.0,0.0,0.0,0.4256760039363797,0.0,0.0,0.0,0.0,0.0,0.0,0.0,0.0,0.0,0.0,0.0,0.0,0.0,0.0,0.0,0.0,0.0,0.0,0.0,0.0,0.0,0.0,0.0,0.0,0.0,0.0,0.0,0.0,0.0,0.0,0.0,0.0,0.0,0.0,0.0,0.24814817957605784,0.0,0.0,0.0,0.0,0.0,0.0,0.0,0.0,0.0,0.0,0.0,0.0
ICAM1,0.0,0.0,0.0,0.0,0.06085032348823954,0.0,0.0,0.0,0.0,0.0,0.0,0.0,0.0,0.0,0.09916060159755899,0.10665717763849308,0.0,0.0,0.0,0.170986164587069,0.0,0.0,0.0,0.0,0.0,0.0,0.21509001933880068,0.0,0.0,0.0,0.0,0.0,0.0,0.0,0.0,0.3401568868437709,0.0,0.0,0.0,0.0,0.0,0.0,0.0,0.0,0.0,0.0,0.0,0.0,0.0,0.0,0.0,0.0,0.0
RUNX1,0.08618979273507552,0.0,0.0,0.0,0.0,0.0,0.0,0.0,0.0,0.0,0.0,0.0,0.0,0.0,0.0,0.2744162880572559,0.0,0.0,0.0,0.0,0.0,0.0,0.0,0.0,0.0,0.0,0.0,0.0,0.0,0.0,0.0,0.0,0.0,0.0,0.0,0.0,0.0,0.0962651230557775,0.0,0.0,0.0,0.42619164871345294,0.0,0.0,0.0,0.19559780399705848,0.0,0.1380450980348651,0.0,0.0,0.0,0.0,0.09349962150530737
SIX4,0.1718622247555291,0.12222809405389184,0.0,0.14764264810008892,0.0,0.0,0.0,0.0,0.0,0.24832501171937196,0.0,0.0,0.0,0.0,0.0,0.0,0.0,0.0,0.0,0.0,0.0,0.0,0.0,0.14785230252960163,0.0,0.0,0.0,0.21704862416126963,0.19876642318190121,0.0,0.0,0.0,0.0,0.0,0.0,0.1489033963083201,0.0,0.0,0.0,0.0,0.0,0.0,0.0,0.0,0.0,0.0,0.0,0.0,0.0,0.0,0.0,0.0,0.0
NFIB,0.0,0.1291164941999808,0.0,0.0,0.0,0.15887375856621916,0.0,0.22907092683562646,0.0,0.0,0.06537748652257847,0.0,0.0,0.0,0.0,0.16715880509064926,0.19570714024893673,0.0,0.2125025282959808,0.0,0.0,0.0,0.0,0.0,0.0,0.0,0.0,0.0,0.0,0.0,0.0,0.0,0.0,0.0,0.0,0.0,0.0,0.0,0.0,0.0,0.0,0.0,0.09719374279545301,0.0,0.0,0.0,0.0,0.0,0.0,0.0,0.0,0.0,0.0
JUN,0.0,0.0,0.0,0.0,0.10549119223149575,0.0,0.0,0.3349807954648687,0.0,0.0,0.0,0.0,0.0,0.0,0.0,0.0,0.0,0.0,0.0,0.0,0.0,0.0,0.08317953771413461,0.0,0.0,0.0,0.0,0.0,0.0,0.0,0.0,0.0,0.0,0.21215034942347252,0.0,0.08790969430935083,0.0,0.0,0.0,0.0,0.0,0.0,0.0,0.0,0.0,0.0,0.0,0.0,0.0,0.0,0.0,0.0,0.35057913811776026
NCAM1,0.0,0.0,0.20300872559685224,0.1334326529882321,0.05796713863185987,0.0,0.0,0.0,0.0,0.0,0.0,0.0,0.0,0.0,0.0,0.0,0.0,0.0,0.0,0.16583024751794184,0.0,0.0,0.0,0.0,0.0,0.0,0.20993111484605398,0.2510604643403065,0.0,0.0,0.0,0.0,0.0,0.0,0.0,0.13573789189485702,0.0,0.0,0.0,0.0,0.0,0.0,0.0,0.0,0.0,0.0,0.0,0.0,0.0,0.0,0.0,0.0,0.0
PROX1,0.0,0.0,0.0,0.0,0.0,0.0,0.0,0.0,0.0,0.0,0.0,0.0,0.0,0.0,0.0,0.0,0.0,0.0,0.0,0.0,0.0,0.0,0.0,0.0,0.0,0.0,0.0,0.0,0.0,0.4486566611419519,0.0,0.4676818758837909,0.0,0.0,0.0,0.0,0.0,0.0,0.0,0.0,0.0,0.0,0.0,0.0,0.0,0.0,0.0,0.0,0.0,0.0,0.0,0.0,0.0
TCF7L2,0.0,0.0,0.11852122221416227,0.0,0.028317268633708592,0.0,0.0,0.0,0.0,0.0,0.0,0.0,0.0,0.0,0.0,0.0,0.0,0.0,0.0,0.3121886202870332,0.0,0.0,0.0,0.0,0.0,0.0,0.2002062446161039,0.0,0.0,0.0,0.0,0.0,0.0,0.0,0.0,0.0,0.0,0.0,0.0,0.0,0.24172374974125554,0.0,0.0,0.0,0.0,0.0,0.0,0.0,0.0,0.0,0.0,0.0,0.0
PKNOX2,0.0,0.181741726217235,0.0,0.0,0.0,0.0,0.0,0.0,0.0,0.0,0.0,0.0,0.0,0.0,0.0,0.22994481070825085,0.0,0.0,0.0,0.0,0.0,0.0,0.0,0.0,0.0,0.0,0.0,0.0,0.30464666243101085,0.0,0.0,0.29732850577051456,0.0,0.0,0.0,0.0,0.0,0.0,0.0,0.0,0.0,0.19674773144039986,0.0,0.0,0.0,0.0,0.0,0.0,0.0,0.0,0.0,0.0,0.0
ETS1,0.0,0.0,0.0,0.0,0.0,0.0,0.0,0.5115435128280192,0.0,0.0,0.0,0.0,0.0,0.0,0.0,0.0,0.0,0.0,0.0,0.0,0.0,0.0,0.0,0.0,0.0,0.0,0.0,0.15158765217490472,0.0,0.0,0.0,0.0,0.0,0.0,0.0,0.0,0.0,0.0,0.0,0.0,0.0,0.0,0.0,0.0,0.189592971433933,0.0,0.0,0.0,0.0,0.0,0.0,0.0,0.19723831127069338
BACH2,0.3540366104266407,0.0,0.0,0.0,0.0,0.0,0.0,0.0,0.0,0.0,0.0,0.0,0.0,0.0,0.0,0.0,0.36058886501171494,0.0,0.0,0.0,0.0,0.0,0.0,0.0,0.0,0.0,0.0,0.0,0.0,0.0,0.0,0.0,0.0,0.0,0.0,0.0,0.0,0.29881898935849216,0.0,0.0,0.0,0.0,0.0,0.0,0.0,0.0,0.0,0.0,0.0,0.0,0.0,0.0,0.0
JUND,0.0,0.0,0.0,0.0,0.0,0.0,0.0,0.0,0.0,0.0,0.0,0.0,0.0,0.0,0.0,0.0,0.0,0.0,0.0,0.0,0.0,0.0,0.0,0.0,0.0,0.0,0.0,0.0,0.0,0.0,0.0,0.0,0.0,0.0,0.0,0.0,0.0,0.0,0.0,0.0,0.0,0.0,0.0,0.0,0.0,0.0,0.0,0.0,0.0,0.0,0.0,0.0,0.0
NR6A1,0.0,0.0,0.0,0.0,0.0,0.0,0.0,0.0,0.0,0.0,0.0,0.0,0.0,0.0,0.0,0.0,0.0,0.0,0.0,0.0,0.0,0.0,0.0,0.0,0.0,0.0,0.0,0.0,0.0,0.0,0.0,0.0,0.0,0.0,0.0,0.0,0.0,0.0,0.0,0.0,0.0,0.0,0.0,0.0,0.0,0.0,0.0,0.0,0.0,0.0,0.0,0.0,0.0
PBX1,0.0,0.0,0.0,0.0,0.0,0.0,0.0,0.0,0.0,0.0,0.0,0.0,0.0,0.0,0.0,0.0,0.23682663654294206,0.0,0.0,0.0,0.0,0.0,0.3330356805194682,0.0,0.0,0.0,0.0,0.0,0.0,0.0,0.0,0.0,0.0,0.0,0.0,0.17931706331417158,0.0,0.25780558569704015,0.0,0.0,0.0,0.0,0.0,0.0,0.0,0.0,0.0,0.0,0.0,0.0,0.0,0.0,0.0
EPCAM,0.0,0.0,0.0,0.0,0.0,0.0,0.0,0.2789234894474685,0.0,0.0,0.0,0.0,0.0,0.0,0.0,0.11393653292612857,0.0,0.0,0.0,0.0,0.0,0.0,0.0,0.0,0.0,0.0,0.0,0.0,0.0,0.0,0.0,0.0,0.104028415856963,0.0,0.0,0.0,0.0,0.0,0.11172054083016092,0.0,0.0,0.0,0.0,0.0,0.0,0.0,0.18278456902654072,0.0,0.0,0.0,0.0,0.0,0.10964930789627894
BACH1,0.3304822287678082,0.0,0.0,0.0,0.0,0.0,0.0,0.32112109373758047,0.0,0.0,0.0,0.0,0.0,0.0,0.0,0.0,0.0,0.0,0.0,0.0,0.0,0.0,0.18404899658289608,0.0,0.0,0.0,0.0,0.0,0.0,0.0,0.0,0.0,0.0,0.0,0.0,0.06676302373979945,0.0,0.0,0.0,0.0,0.0,0.0,0.0,0.0,0.0,0.1023548612809924,0.0,0.0,0.0,0.0,0.0,0.0,0.0
SOX9,0.0,0.0,0.0,0.0,0.0,0.0,0.0,0.0,0.0,0.0,0.0,0.0,0.0,0.0,0.0,0.0,0.0,0.0,0.0,0.0,0.0,0.0,0.0,0.0,0.0,0.0,0.0,0.0,0.0,0.0,0.0,0.0,0.0,0.0,0.0,0.0,0.0,0.0,0.0,0.0,0.0,0.0,0.0,0.0,0.0,0.0,0.0,0.0,0.0,0.0,0.0,0.0,0.0
CUX2,0.0,0.0,0.2020706037415865,0.0,0.0,0.0,0.0,0.0,0.0,0.0,0.0,0.0,0.0,0.0,0.1444707806966036,0.0,0.0,0.0,0.0,0.0,0.0,0.0,0.12441544615367717,0.0,0.0,0.0,0.2721001173163013,0.0,0.0,0.0,0.0,0.0,0.0,0.0,0.0,0.21479740765713018,0.0,0.17835668540994207,0.0,0.0,0.0,0.0,0.0,0.0,0.0,0.11995873529121934,0.0,0.0,0.0,0.0,0.0,0.0,0.0
FOS,0.1527342966162038,0.0,0.11289183035402083,0.0,0.15876522736114562,0.0,0.0,0.0,0.0,0.0,0.0,0.0,0.0,0.0,0.18344656593572187,0.0,0.1183991832929248,0.0,0.0,0.0,0.0,0.0,0.0,0.0,0.0,0.0,0.0,0.0,0.18499750279455365,0.0,0.0,0.0,0.0,0.0,0.0,0.18708267969791761,0.0,0.0,0.4559950647808093,0.0,0.0,0.0,0.0,0.0,0.0,0.0,0.0,0.0,0.0,0.0,0.0,0.0,0.0
