source,target,sign
ASCL1,0610007P08RIK,0
ASCL1,0610007P22RIK,0
ASCL1,1110001J03RIK,0
ASCL1,1110004E09RIK,0
ASCL1,1110004F10RIK,0
ASCL1,1110012J17RIK,0
ASCL1,1110021J02RIK,0
ASCL1,1110032F04RIK,0
ASCL1,1110038D17RIK,0
ASCL1,1110038F14RIK,0
ASCL1,1110051M20RIK,0
ASCL1,1110054O05RIK,0
ASCL1,1110067D22RIK,0
ASCL1,1190002N15RIK,0
ASCL1,1200011I18RIK,0
ASCL1,1300010F03RIK,0
ASCL1,1500031L02RIK,0
ASCL1,1600014C10RIK,0
ASCL1,1600014C23RIK,0
ASCL1,1600021P15RIK,0
ASCL1,1600029D21RIK,0
ASCL1,1700001C19RIK,0
ASCL1,1700001L19RIK,0
ASCL1,1700003F12RIK,0
ASCL1,1700007B14RIK,0
ASCL1,1700010B08RIK,0
ASCL1,1700010I14RIK,0
ASCL1,1700010M22RIK,0
ASCL1,1700011A15RIK,0
ASCL1,1700011E24RIK,0
ASCL1,1700011F14RIK,0
ASCL1,1700011I03RIK,0
ASCL1,1700012A03RIK,0
ASCL1,1700013F07RIK,0
ASCL1,1700016C15RIK,0
ASCL1,1700016H13RIK,0
ASCL1,1700016K19RIK,0
ASCL1,1700016M24RIK,0
ASCL1,1700017B05RIK,0
ASCL1,1700018B08RIK,0
ASCL1,1700018L24RIK,0
ASCL1,1700019L03RIK,0
ASCL1,1700020O03RIK,0
ASCL1,1700021F07RIK,0
ASCL1,1700021K19RIK,0
ASCL1,1700023A16RIK,0
ASCL1,1700023F06RIK,0
ASCL1,1700024G13RIK,0
ASCL1,1700024P04RIK,0
ASCL1,1700025G04RIK,0
ASCL1,1700028K03RIK,0
ASCL1,1700029H14RIK,0
ASCL1,1700030F18RIK,0
ASCL1,1700040L02RIK,0
ASCL1,1700042G07RIK,0
ASCL1,1700057K13RIK,0
ASCL1,1700071K01RIK,0
ASCL1,1700088E04RIK,0
ASCL1,1700090G07RIK,0
ASCL1,1700101E01RIK,0
ASCL1,1700106J16RIK,0
ASCL1,1700112E06RIK,0
ASCL1,1700113H08RIK,0
ASCL1,1700123L14RIK,0
ASCL1,1700129C05RIK,0
ASCL1,1810011O10RIK,0
ASCL1,1810013D10RIK,0
ASCL1,1810013L24RIK,0
ASCL1,1810041L15RIK,0
ASCL1,1810046K07RIK,0
ASCL1,1810063B05RIK,0
ASCL1,2010106G01RIK,0
ASCL1,2010109K11RIK,0
ASCL1,2010111I01RIK,0
ASCL1,2010300C02RIK,0
ASCL1,2010305A19RIK,0
ASCL1,2200002D01RIK,0
ASCL1,2210010C04RIK,0
ASCL1,2210404O07RIK,0
ASCL1,2210407C18RIK,0
ASCL1,2310002J15RIK,0
ASCL1,2310002L13RIK,0
ASCL1,2310021P13RIK,0
ASCL1,2310022A10RIK,0
ASCL1,2310022B05RIK,0
ASCL1,2310028H24RIK,0
ASCL1,2310035K24RIK,0
ASCL1,2310044G17RIK,0
ASCL1,2310044H10RIK,0
ASCL1,2310046A06RIK,0
ASCL1,2310061I04RIK,0
ASCL1,2410004P03RIK,0
ASCL1,2410016O06RIK,0
ASCL1,2410066E13RIK,0
ASCL1,2410076I21RIK,0
ASCL1,2510006D16RIK,0
ASCL1,2510009E07RIK,0
ASCL1,2610002J02RIK,0
ASCL1,2610015P09RIK,0
ASCL1,2610034B18RIK,0
ASCL1,2610109H07RIK,0
ASCL1,2610528E23RIK,0
ASCL1,2810006K23RIK,0
ASCL1,2810422O20RIK,0
ASCL1,2900010M23RIK,0
ASCL1,2900026A02RIK,0
ASCL1,3110035E14RIK,0
ASCL1,3110079O15RIK,0
ASCL1,4632428N05RIK,0
ASCL1,4833422F24RIK,0
ASCL1,4921504E06RIK,0
ASCL1,4921506M07RIK,0
ASCL1,4921536K21RIK,0
ASCL1,4922502D21RIK,0
ASCL1,4922505E12RIK,0
ASCL1,4930403N07RIK,0
ASCL1,4930449E01RIK,0
ASCL1,4930452B06RIK,0
ASCL1,4930455F23RIK,0
ASCL1,4930503L19RIK,0
ASCL1,4930523C07RIK,0
ASCL1,4930528F23RIK,0
ASCL1,4930529M08RIK,0
ASCL1,4930549C01RIK,0
ASCL1,4930550L24RIK,0
ASCL1,4930571K23RIK,0
ASCL1,4930572J05RIK,0
ASCL1,4930579C15RIK,0
ASCL1,4930588N13RIK,0
ASCL1,4930596D02RIK,0
ASCL1,4931408A02RIK,0
ASCL1,4931429L15RIK,0
ASCL1,4931440L10RIK,0
ASCL1,4932418E24RIK,0
ASCL1,4932438H23RIK,0
ASCL1,4933402J07RIK,0
ASCL1,4933403F05RIK,0
ASCL1,4933403G14RIK,0
ASCL1,4933407C03RIK,0
ASCL1,4933407H18RIK,0
ASCL1,4933412E24RIK,0
ASCL1,4933417A18RIK,0
ASCL1,4933426M11RIK,0
ASCL1,4933427D06RIK,0
ASCL1,4933430I17RIK,0
ASCL1,5330417C22RIK,0
ASCL1,5330437I02RIK,0
ASCL1,5430419D17RIK,0
ASCL1,5730419I09RIK,0
ASCL1,5730455O13RIK,0
ASCL1,5730469M10RIK,0
ASCL1,5730494M16RIK,0
ASCL1,5730494N06RIK,0
ASCL1,5730507C01RIK,0
ASCL1,5730508B09RIK,0
ASCL1,6030419C18RIK,0
ASCL1,6030458C11RIK,0
ASCL1,6330406I15RIK,0
ASCL1,6330409N04RIK,0
ASCL1,6330512M04RIK,0
ASCL1,6430548M08RIK,0
ASCL1,6430598A04RIK,0
ASCL1,8430427H17RIK,0
ASCL1,9030619P08RIK,0
ASCL1,9030625A04RIK,0
ASCL1,9130011E15RIK,0
ASCL1,9130017N09RIK,0
ASCL1,9130404H23RIK,0
ASCL1,9130409I23RIK,0
ASCL1,9230110C19RIK,0
ASCL1,9430015G10RIK,0
ASCL1,9430020K01RIK,0
ASCL1,9430031J16RIK,0
ASCL1,9530008L14RIK,0
ASCL1,9930013L23RIK,0
ASCL1,A2LD1,0
ASCL1,A2M,0
ASCL1,A430005L14RIK,0
ASCL1,A430033K04RIK,0
ASCL1,A430107O13RIK,0
ASCL1,A530016L24RIK,0
ASCL1,A630001G21RIK,0
ASCL1,A630010A05RIK,0
ASCL1,A630055G03RIK,0
ASCL1,A930005I04RIK,0
ASCL1,A930018P22RIK,0
ASCL1,AI428936,0
ASCL1,AI429214,0
ASCL1,AI467606,0
ASCL1,AI480653,0
ASCL1,AI597479,0
ASCL1,AW209491,0
ASCL1,AW554918,0
ASCL1,AW555464,0
ASCL1,AADAC,0
ASCL1,AAGAB,0
ASCL1,AAK1,0
ASCL1,AARD,0
ASCL1,AARS2,0
ASCL1,AATF,0
ASCL1,AATK,0
ASCL1,ABCA1,0
ASCL1,ABCA13,0
ASCL1,ABCA3,0
ASCL1,ABCB10,0
ASCL1,ABCC1,0
ASCL1,ABCC4,0
ASCL1,ABCC8,0
ASCL1,ABCD3,0
ASCL1,ABCG1,0
ASCL1,ABHD11,0
ASCL1,ABHD12,0
ASCL1,ABHD15,0
ASCL1,ABHD2,0
ASCL1,ABHD5,0
ASCL1,ABHD6,0
ASCL1,ABI3BP,0
ASCL1,ABLIM2,0
ASCL1,ABR,0
ASCL1,ABRA,0
ASCL1,ACAA1B,0
ASCL1,ACAA2,0
ASCL1,ACACA,0
ASCL1,ACADSB,0
ASCL1,ACBD6,0
ASCL1,ACCN4,0
ASCL1,ACNAT2,0
ASCL1,ACOT7,0
ASCL1,ACOX1,0
ASCL1,ACPL2,0
ASCL1,ACPT,0
ASCL1,ACSF2,0
ASCL1,ACSF3,0
ASCL1,ACSL1,0
ASCL1,ACSM1,0
ASCL1,ACSM2,0
ASCL1,ACTBL2,0
ASCL1,ACTG1,0
ASCL1,ACTL7B,0
ASCL1,ACTN1,0
ASCL1,ACTN3,0
ASCL1,ACTN4,0
ASCL1,ACTR3,0
ASCL1,ACTRT2,0
ASCL1,ACVR1,0
ASCL1,ACVR1B,0
ASCL1,ACVR1C,0
ASCL1,ACVR2A,0
ASCL1,ACVRL1,0
ASCL1,ADAM10,0
ASCL1,ADAM1B,0
ASCL1,ADAM26B,0
ASCL1,ADAM28,0
ASCL1,ADAM30,0
ASCL1,ADAMTS12,0
ASCL1,ADAMTS14,0
ASCL1,ADAMTS16,0
ASCL1,ADAMTS17,0
ASCL1,ADAMTS18,0
ASCL1,ADAMTS2,0
ASCL1,ADAMTS5,0
ASCL1,ADAMTSL2,0
ASCL1,ADAP1,0
ASCL1,ADAR,0
ASCL1,ADARB2,0
ASCL1,ADCK3,0
ASCL1,ADCY10,0
ASCL1,ADCY2,0
ASCL1,ADCY5,0
ASCL1,ADCY7,0
ASCL1,ADCY9,0
ASCL1,ADCYAP1,0
ASCL1,ADD3,0
ASCL1,ADHFE1,0
ASCL1,ADI1,0
ASCL1,ADIPOR2,0
ASCL1,ADK,0
ASCL1,ADM,0
ASCL1,ADNP2,0
ASCL1,ADO,0
ASCL1,ADORA2A,0
ASCL1,ADORA3,0
ASCL1,ADPGK,0
ASCL1,ADRA1B,0
ASCL1,ADRM1,0
ASCL1,ADSL,0
ASCL1,AFF1,0
ASCL1,AFF3,0
ASCL1,AGAP1,0
ASCL1,AGBL1,0
ASCL1,AGBL3,0
ASCL1,AGBL4,0
ASCL1,AGFG1,0
ASCL1,AGFG2,0
ASCL1,AGGF1,0
ASCL1,AGK,0
ASCL1,AGL,0
ASCL1,AGMAT,0
ASCL1,AGPAT4,0
ASCL1,AGPAT6,0
ASCL1,AGPS,0
ASCL1,AGR3,0
ASCL1,AGTPBP1,0
ASCL1,AGTRAP,0
ASCL1,AGXT2,0
ASCL1,AHCY,0
ASCL1,AHDC1,0
ASCL1,AHI1,0
ASCL1,AHR,0
ASCL1,AHSG,0
ASCL1,AICDA,0
ASCL1,AIF1L,0
ASCL1,AIG1,0
ASCL1,AIM1L,0
ASCL1,AIPL1,0
ASCL1,AJAP1,0
ASCL1,AK8,0
ASCL1,AKAP1,0
ASCL1,AKAP12,0
ASCL1,AKAP13,0
ASCL1,AKIRIN1,0
ASCL1,AKNA,0
ASCL1,AKR1E1,0
ASCL1,AKT1,0
ASCL1,AKT2,0
ASCL1,ALCAM,0
ASCL1,ALDH1A1,0
ASCL1,ALDH1A2,0
ASCL1,ALDH1A3,0
ASCL1,ALDH1A7,0
ASCL1,ALDH1L1,0
ASCL1,ALDH3B1,0
ASCL1,ALDH5A1,0
ASCL1,ALDH7A1,0
ASCL1,ALDH8A1,0
ASCL1,ALG13,0
ASCL1,ALOX5,0
ASCL1,ALOX5AP,0
ASCL1,ALPK2,0
ASCL1,ALPL,0
ASCL1,ALPPL2,0
ASCL1,ALX3,0
ASCL1,AMBP,0
ASCL1,AMBRA1,0
ASCL1,AMFR,0
ASCL1,AMIGO1,0
ASCL1,AMIGO2,0
ASCL1,AMMECR1,0
ASCL1,AMOT,0
ASCL1,AMOTL2,0
ASCL1,AMPD3,0
ASCL1,ANAPC1,0
ASCL1,ANAPC13,0
ASCL1,ANAPC16,0
ASCL1,ANGPT2,0
ASCL1,ANGPTL2,0
ASCL1,ANK2,0
ASCL1,ANK3,0
ASCL1,ANKDD1B,0
ASCL1,ANKK1,0
ASCL1,ANKRD11,0
ASCL1,ANKRD26,0
ASCL1,ANKRD33B,0
ASCL1,ANKRD34C,0
ASCL1,ANKRD35,0
ASCL1,ANKRD37,0
ASCL1,ANKRD5,0
ASCL1,ANKRD50,0
ASCL1,ANKRD54,0
ASCL1,ANKRD55,0
ASCL1,ANKRD60,0
ASCL1,ANKS1,0
ASCL1,ANO10,0
ASCL1,ANO2,0
ASCL1,ANO6,0
ASCL1,ANP32A,0
ASCL1,ANXA2,0
ASCL1,ANXA3,0
ASCL1,ANXA4,0
ASCL1,ANXA9,0
ASCL1,AOAH,0
ASCL1,AP1S3,0
ASCL1,AP2M1,0
ASCL1,AP2S1,0
ASCL1,AP4E1,0
ASCL1,APBB1IP,0
ASCL1,APBB2,0
ASCL1,APH1C,0
ASCL1,APIP,0
ASCL1,APLN,0
ASCL1,APLP2,0
ASCL1,APOA1,0
ASCL1,APOB,0
ASCL1,APOBEC1,0
ASCL1,APOL6,0
ASCL1,APOL7A,0
ASCL1,APOL8,0
ASCL1,AQP11,0
ASCL1,AQP4,0
ASCL1,AQP9,0
ASCL1,AR,0
ASCL1,ARAP3,0
ASCL1,ARC,0
ASCL1,ARF2,0
ASCL1,ARF3,0
ASCL1,ARFGAP2,0
ASCL1,ARFGAP3,0
ASCL1,ARFGEF1,0
ASCL1,ARGLU1,0
ASCL1,ARHGAP10,0
ASCL1,ARHGAP11A,0
ASCL1,ARHGAP18,0
ASCL1,ARHGAP20,0
ASCL1,ARHGAP23,0
ASCL1,ARHGAP24,0
ASCL1,ARHGAP29,0
ASCL1,ARHGAP32,0
ASCL1,ARHGAP42,0
ASCL1,ARHGAP44,0
ASCL1,ARHGAP8,0
ASCL1,ARHGEF10,0
ASCL1,ARHGEF10L,0
ASCL1,ARHGEF16,0
ASCL1,ARHGEF3,0
ASCL1,ARHGEF38,0
ASCL1,ARHGEF40,0
ASCL1,ARID1B,0
ASCL1,ARID2,0
ASCL1,ARID3B,0
ASCL1,ARID5B,0
ASCL1,ARL1,0
ASCL1,ARL15,0
ASCL1,ARL3,0
ASCL1,ARL4A,0
ASCL1,ARL5A,0
ASCL1,ARL6IP4,0
ASCL1,ARMC9,0
ASCL1,ARNTL,0
ASCL1,ARNTL2,0
ASCL1,ARPC5L,0
ASCL1,ARPP21,0
ASCL1,ARRB1,0
ASCL1,ARRDC3,0
ASCL1,ARRDC4,0
ASCL1,ART2B,0
ASCL1,ARVCF,0
ASCL1,ASAH1,0
ASCL1,ASAP1,0
ASCL1,ASAP2,0
ASCL1,ASAP3,0
ASCL1,ASB13,0
ASCL1,ASB18,0
ASCL1,ASCC2,0
ASCL1,ASCL1,0
ASCL1,ASGR1,0
ASCL1,ASGR2,0
ASCL1,ASNS,0
ASCL1,ASPG,0
ASCL1,ASPH,0
ASCL1,ASPRV1,0
ASCL1,ASTN2,0
ASCL1,ASXL1,0
ASCL1,ASXL3,0
ASCL1,ATAD1,0
ASCL1,ATAD2B,0
ASCL1,ATE1,0
ASCL1,ATF1,0
ASCL1,ATF3,0
ASCL1,ATF4,0
ASCL1,ATF6,0
ASCL1,ATG16L2,0
ASCL1,ATG4C,0
ASCL1,ATG7,0
ASCL1,ATOH1,0
ASCL1,ATOH8,0
ASCL1,ATP11B,0
ASCL1,ATP13A3,0
ASCL1,ATP1A1,0
ASCL1,ATP1B1,0
ASCL1,ATP1B3,0
ASCL1,ATP2A3,0
ASCL1,ATP4B,0
ASCL1,ATP5G3,0
ASCL1,ATP6AP1L,0
ASCL1,ATP6V0A4,0
ASCL1,ATP6V0D2,0
ASCL1,ATP6V1B2,0
ASCL1,ATP8A1,0
ASCL1,ATP8A2,0
ASCL1,ATP9A,0
ASCL1,ATRN,0
ASCL1,AUH,0
ASCL1,AUTS2,0
ASCL1,AXIN2,0
ASCL1,AYM1,0
ASCL1,AZI1,0
ASCL1,AZIN1,0
ASCL1,B230120H23RIK,0
ASCL1,B3GAT1,0
ASCL1,B3GAT2,0
ASCL1,B3GNT2,0
ASCL1,B3GNT7,0
ASCL1,B3GNT8,0
ASCL1,B4GALNT4,0
ASCL1,B4GALT5,0
ASCL1,B4GALT6,0
ASCL1,BC003965,0
ASCL1,BC018507,0
ASCL1,BC048403,0
ASCL1,BC049352,0
ASCL1,BC051665,0
ASCL1,BC055111,0
ASCL1,BC061194,0
ASCL1,BC100451,0
ASCL1,BC107364,0
ASCL1,BACE2,0
ASCL1,BAG5,0
ASCL1,BAHCC1,0
ASCL1,BAI1,0
ASCL1,BAI2,0
ASCL1,BAI3,0
ASCL1,BAIAP2,0
ASCL1,BAIAP3,0
ASCL1,BAMBI,0
ASCL1,BANP,0
ASCL1,BARHL1,0
ASCL1,BARX1,0
ASCL1,BARX2,0
ASCL1,BASP1,0
ASCL1,BAZ1B,0
ASCL1,BAZ2B,0
ASCL1,BBS2,0
ASCL1,BBS4,0
ASCL1,BCAR3,0
ASCL1,BCAS1,0
ASCL1,BCAS3,0
ASCL1,BCDIN3D,0
ASCL1,BCKDHA,0
ASCL1,BCL11B,0
ASCL1,BCL2,0
ASCL1,BCL2L1,0
ASCL1,BCL2L11,0
ASCL1,BCL2L14,0
ASCL1,BCL3,0
ASCL1,BCL6,0
ASCL1,BCL7A,0
ASCL1,BCOR,0
ASCL1,BCR,0
ASCL1,BEND5,0
ASCL1,BEST3,0
ASCL1,BHLHA15,0
ASCL1,BHLHA9,0
ASCL1,BHLHE23,0
ASCL1,BHLHE40,0
ASCL1,BHLHE41,0
ASCL1,BICD2,0
ASCL1,BIK,0
ASCL1,BLCAP,0
ASCL1,BLM,0
ASCL1,BLZF1,0
ASCL1,BMP1,0
ASCL1,BMP2,0
ASCL1,BMP3,0
ASCL1,BMP7,0
ASCL1,BMP8A,0
ASCL1,BMP8B,0
ASCL1,BMPER,0
ASCL1,BMPR1B,0
ASCL1,BMS1,0
ASCL1,BNIP3L,0
ASCL1,BOD1,0
ASCL1,BOLA3,0
ASCL1,BPI,0
ASCL1,BPIFA3,0
ASCL1,BPIFA5,0
ASCL1,BRCA2,0
ASCL1,BRD4,0
ASCL1,BRSK2,0
ASCL1,BSND,0
ASCL1,BTAF1,0
ASCL1,BTBD11,0
ASCL1,BTBD16,0
ASCL1,BTBD17,0
ASCL1,BTBD3,0
ASCL1,BTBD9,0
ASCL1,BTG1,0
ASCL1,BTG2,0
ASCL1,BUB3,0
ASCL1,C130022K22RIK,0
ASCL1,C130060K24RIK,0
ASCL1,C1GALT1,0
ASCL1,C1QA,0
ASCL1,C2CD3,0
ASCL1,C78339,0
ASCL1,C80913,0
ASCL1,C85492,0
ASCL1,C8B,0
ASCL1,CAB39L,0
ASCL1,CABIN1,0
ASCL1,CABLES1,0
ASCL1,CABP1,0
ASCL1,CABP7,0
ASCL1,CACNA1A,0
ASCL1,CACNA1B,0
ASCL1,CACNA1E,0
ASCL1,CACNA1H,0
ASCL1,CACNA1I,0
ASCL1,CACNA2D1,0
ASCL1,CACNA2D2,0
ASCL1,CACNA2D3,0
ASCL1,CACNB4,0
ASCL1,CACNG5,0
ASCL1,CAD,0
ASCL1,CADM1,0
ASCL1,CADM4,0
ASCL1,CALCA,0
ASCL1,CALM1,0
ASCL1,CALML3,0
ASCL1,CAMK1D,0
ASCL1,CAMK1G,0
ASCL1,CAMK2A,0
ASCL1,CAMK2B,0
ASCL1,CAMK2D,0
ASCL1,CAMK2N1,0
ASCL1,CAMSAP1,0
ASCL1,CAMTA1,0
ASCL1,CAND1,0
ASCL1,CAND2,0
ASCL1,CAP2,0
ASCL1,CAPN12,0
ASCL1,CAPN13,0
ASCL1,CAPN2,0
ASCL1,CAPN8,0
ASCL1,CAPN9,0
ASCL1,CAPRIN1,0
ASCL1,CAPZB,0
ASCL1,CAR10,0
ASCL1,CAR12,0
ASCL1,CAR4,0
ASCL1,CAR5A,0
ASCL1,CARD11,0
ASCL1,CASKIN1,0
ASCL1,CASP6,0
ASCL1,CASP9,0
ASCL1,CASR,0
ASCL1,CASZ1,0
ASCL1,CATSPER2,0
ASCL1,CBFA2T2,0
ASCL1,CBFA2T3,0
ASCL1,CBLB,0
ASCL1,CBLC,0
ASCL1,CBLN2,0
ASCL1,CBLN4,0
ASCL1,CBR4,0
ASCL1,CBX2,0
ASCL1,CBX4,0
ASCL1,CBX7,0
ASCL1,CBX8,0
ASCL1,CCBE1,0
ASCL1,CCDC101,0
ASCL1,CCDC108,0
ASCL1,CCDC109B,0
ASCL1,CCDC111,0
ASCL1,CCDC112,0
ASCL1,CCDC126,0
ASCL1,CCDC129,0
ASCL1,CCDC13,0
ASCL1,CCDC130,0
ASCL1,CCDC132,0
ASCL1,CCDC134,0
ASCL1,CCDC14,0
ASCL1,CCDC148,0
ASCL1,CCDC154,0
ASCL1,CCDC155,0
ASCL1,CCDC157,0
ASCL1,CCDC162,0
ASCL1,CCDC27,0
ASCL1,CCDC28A,0
ASCL1,CCDC3,0
ASCL1,CCDC32,0
ASCL1,CCDC34,0
ASCL1,CCDC46,0
ASCL1,CCDC55,0
ASCL1,CCDC57,0
ASCL1,CCDC6,0
ASCL1,CCDC73,0
ASCL1,CCDC8,0
ASCL1,CCDC85A,0
ASCL1,CCDC85C,0
ASCL1,CCDC90A,0
ASCL1,CCK,0
ASCL1,CCL1,0
ASCL1,CCL2,0
ASCL1,CCL22,0
ASCL1,CCM2,0
ASCL1,CCND1,0
ASCL1,CCNE1,0
ASCL1,CCNJ,0
ASCL1,CCNK,0
ASCL1,CCR4,0
ASCL1,CCR6,0
ASCL1,CCRN4L,0
ASCL1,CD151,0
ASCL1,CD164,0
ASCL1,CD177,0
ASCL1,CD180,0
ASCL1,CD247,0
ASCL1,CD24A,0
ASCL1,CD27,0
ASCL1,CD276,0
ASCL1,CD28,0
ASCL1,CD2AP,0
ASCL1,CD300A,0
ASCL1,CD34,0
ASCL1,CD44,0
ASCL1,CD69,0
ASCL1,CD82,0
ASCL1,CD83,0
ASCL1,CD86,0
ASCL1,CD93,0
ASCL1,CD99L2,0
ASCL1,CDADC1,0
ASCL1,CDC123,0
ASCL1,CDC14A,0
ASCL1,CDC14B,0
ASCL1,CDC25B,0
ASCL1,CDC42BPG,0
ASCL1,CDC42EP4,0
ASCL1,CDC7,0
ASCL1,CDCA7,0
ASCL1,CDCP1,0
ASCL1,CDH1,0
ASCL1,CDH11,0
ASCL1,CDH12,0
ASCL1,CDH13,0
ASCL1,CDH15,0
ASCL1,CDH18,0
ASCL1,CDH2,0
ASCL1,CDH20,0
ASCL1,CDH22,0
ASCL1,CDH23,0
ASCL1,CDH26,0
ASCL1,CDH3,0
ASCL1,CDH4,0
ASCL1,CDH5,0
ASCL1,CDHR3,0
ASCL1,CDK14,0
ASCL1,CDK17,0
ASCL1,CDK2AP1,0
ASCL1,CDK5R1,0
ASCL1,CDK5RAP2,0
ASCL1,CDKAL1,0
ASCL1,CDKL3,0
ASCL1,CDKN1A,0
ASCL1,CDKN1C,0
ASCL1,CDON,0
ASCL1,CDS1,0
ASCL1,CDYL,0
ASCL1,CEACAM16,0
ASCL1,CEBPA,0
ASCL1,CEBPG,0
ASCL1,CEL,0
ASCL1,CELA2A,0
ASCL1,CELF2,0
ASCL1,CELF3,0
ASCL1,CELF4,0
ASCL1,CELF5,0
ASCL1,CELF6,0
ASCL1,CELSR1,0
ASCL1,CENPM,0
ASCL1,CENPO,0
ASCL1,CEP120,0
ASCL1,CEP164,0
ASCL1,CEP192,0
ASCL1,CEP55,0
ASCL1,CEP57L1,0
ASCL1,CER1,0
ASCL1,CES5A,0
ASCL1,CFC1,0
ASCL1,CFL2,0
ASCL1,CGNL1,0
ASCL1,CGREF1,0
ASCL1,CHAC1,0
ASCL1,CHAD,0
ASCL1,CHAF1B,0
ASCL1,CHCHD3,0
ASCL1,CHCHD6,0
ASCL1,CHD2,0
ASCL1,CHD3,0
ASCL1,CHD5,0
ASCL1,CHD6,0
ASCL1,CHD7,0
ASCL1,CHD9,0
ASCL1,CHDH,0
ASCL1,CHGA,0
ASCL1,CHL1,0
ASCL1,CHMP2A,0
ASCL1,CHMP4B,0
ASCL1,CHMP6,0
ASCL1,CHN2,0
ASCL1,CHPF,0
ASCL1,CHPT1,0
ASCL1,CHRAC1,0
ASCL1,CHRDL2,0
ASCL1,CHRM2,0
ASCL1,CHRM4,0
ASCL1,CHRNA2,0
ASCL1,CHST11,0
ASCL1,CHST12,0
ASCL1,CHST14,0
ASCL1,CHST2,0
ASCL1,CHST5,0
ASCL1,CHST9,0
ASCL1,CIB2,0
ASCL1,CIB3,0
ASCL1,CIDEA,0
ASCL1,CIITA,0
ASCL1,CILP2,0
ASCL1,CISD1,0
ASCL1,CITED2,0
ASCL1,CITED4,0
ASCL1,CLCN6,0
ASCL1,CLCNKB,0
ASCL1,CLDN23,0
ASCL1,CLDN3,0
ASCL1,CLEC11A,0
ASCL1,CLEC14A,0
ASCL1,CLEC16A,0
ASCL1,CLEC2I,0
ASCL1,CLEC2L,0
ASCL1,CLEC3A,0
ASCL1,CLIC4,0
ASCL1,CLIC6,0
ASCL1,CLINT1,0
ASCL1,CLIP1,0
ASCL1,CLK3,0
ASCL1,CLMN,0
ASCL1,CLPS,0
ASCL1,CLPX,0
ASCL1,CLSTN2,0
ASCL1,CLSTN3,0
ASCL1,CLVS1,0
ASCL1,CLYBL,0
ASCL1,CMAH,0
ASCL1,CMPK2,0
ASCL1,CMTM6,0
ASCL1,CMTM7,0
ASCL1,CNKSR3,0
ASCL1,CNO,0
ASCL1,CNOT2,0
ASCL1,CNOT6L,0
ASCL1,CNPY1,0
ASCL1,CNTFR,0
ASCL1,CNTN2,0
ASCL1,CNTN3,0
ASCL1,CNTN4,0
ASCL1,CNTN6,0
ASCL1,CNTNAP4,0
ASCL1,COBL,0
ASCL1,COBLL1,0
ASCL1,COG1,0
ASCL1,COG2,0
ASCL1,COG6,0
ASCL1,COL14A1,0
ASCL1,COL15A1,0
ASCL1,COL16A1,0
ASCL1,COL17A1,0
ASCL1,COL18A1,0
ASCL1,COL1A1,0
ASCL1,COL22A1,0
ASCL1,COL24A1,0
ASCL1,COL4A1,0
ASCL1,COL5A1,0
ASCL1,COL5A3,0
ASCL1,COL8A1,0
ASCL1,COLEC10,0
ASCL1,COMMD3,0
ASCL1,COMMD7,0
ASCL1,COMMD9,0
ASCL1,COMP,0
ASCL1,COMT,0
ASCL1,COPS8,0
ASCL1,COQ10A,0
ASCL1,CORO2B,0
ASCL1,COX10,0
ASCL1,COX4I2,0
ASCL1,COX6C,0
ASCL1,CP,0
ASCL1,CPA1,0
ASCL1,CPA5,0
ASCL1,CPA6,0
ASCL1,CPEB3,0
ASCL1,CPLX2,0
ASCL1,CPN2,0
ASCL1,CPS1,0
ASCL1,CPSF4L,0
ASCL1,CPT2,0
ASCL1,CPXM1,0
ASCL1,CRABP1,0
ASCL1,CRADD,0
ASCL1,CRB2,0
ASCL1,CRB3,0
ASCL1,CREB3L2,0
ASCL1,CREB5,0
ASCL1,CREBBP,0
ASCL1,CREBL2,0
ASCL1,CRELD2,0
ASCL1,CRH,0
ASCL1,CRHR1,0
ASCL1,CRHR2,0
ASCL1,CRTAC1,0
ASCL1,CRTC1,0
ASCL1,CRTC3,0
ASCL1,CRY1,0
ASCL1,CRYAA,0
ASCL1,CRYBA2,0
ASCL1,CRYBA4,0
ASCL1,CRYBB3,0
ASCL1,CRYGF,0
ASCL1,CRYGN,0
ASCL1,CRYL1,0
ASCL1,CRYZ,0
ASCL1,CS,0
ASCL1,CSF2,0
ASCL1,CSF3R,0
ASCL1,CSGALNACT1,0
ASCL1,CSGALNACT2,0
ASCL1,CSK,0
ASCL1,CSL,0
ASCL1,CSMD1,0
ASCL1,CSNK1A1,0
ASCL1,CSNK1E,0
ASCL1,CSNK1G3,0
ASCL1,CSPG4,0
ASCL1,CSRNP1,0
ASCL1,CSRP1,0
ASCL1,CSTAD,0
ASCL1,CSTF2T,0
ASCL1,CTBS,0
ASCL1,CTCFL,0
ASCL1,CTDP1,0
ASCL1,CTDSPL,0
ASCL1,CTIF,0
ASCL1,CTNNBL1,0
ASCL1,CTNND2,0
ASCL1,CTPS,0
ASCL1,CTR9,0
ASCL1,CTRC,0
ASCL1,CTSB,0
ASCL1,CTSC,0
ASCL1,CTSF,0
ASCL1,CTSZ,0
ASCL1,CTTNBP2NL,0
ASCL1,CTXN3,0
ASCL1,CUEDC1,0
ASCL1,CUL3,0
ASCL1,CUX1,0
ASCL1,CUZD1,0
ASCL1,CXCL11,0
ASCL1,CXCL12,0
ASCL1,CXCL13,0
ASCL1,CXCL14,0
ASCL1,CXCR4,0
ASCL1,CXCR7,0
ASCL1,CXXC4,0
ASCL1,CXXC5,0
ASCL1,CYB561D1,0
ASCL1,CYP1A2,0
ASCL1,CYP26B1,0
ASCL1,CYP4A31,0
ASCL1,CYP4A32,0
ASCL1,CYR61,0
ASCL1,CYTH1,0
ASCL1,D0H4S114,0
ASCL1,D11WSU99E,0
ASCL1,D130043K22RIK,0
ASCL1,D14ABB1E,0
ASCL1,D16H22S680E,0
ASCL1,D17WSU104E,0
ASCL1,D17WSU92E,0
ASCL1,D18ERTD653E,0
ASCL1,D3BWG0562E,0
ASCL1,D430041D05RIK,0
ASCL1,D430042O09RIK,0
ASCL1,D4ERTD22E,0
ASCL1,D630003M21RIK,0
ASCL1,D630045J12RIK,0
ASCL1,D8ERTD82E,0
ASCL1,D930048N14RIK,0
ASCL1,D9ERTD402E,0
ASCL1,DAAM1,0
ASCL1,DAB1,0
ASCL1,DACT1,0
ASCL1,DACT2,0
ASCL1,DAGLA,0
ASCL1,DALRD3,0
ASCL1,DAP,0
ASCL1,DAPK1,0
ASCL1,DAPK2,0
ASCL1,DAPP1,0
ASCL1,DARS,0
ASCL1,DAZL,0
ASCL1,DBC1,0
ASCL1,DBPHT2,0
ASCL1,DBX1,0
ASCL1,DBX2,0
ASCL1,DCAF5,0
ASCL1,DCBLD2,0
ASCL1,DCDC2B,0
ASCL1,DCDC2C,0
ASCL1,DCLK1,0
ASCL1,DCLRE1B,0
ASCL1,DCP1A,0
ASCL1,DCP1B,0
ASCL1,DCX,0
ASCL1,DDAH1,0
ASCL1,DDC,0
ASCL1,DDIT4,0
ASCL1,DDOST,0
ASCL1,DDR1,0
ASCL1,DDX18,0
ASCL1,DDX25,0
ASCL1,DDX28,0
ASCL1,DDX50,0
ASCL1,DDX51,0
ASCL1,DDX55,0
ASCL1,DEAF1,0
ASCL1,DEAR1,0
ASCL1,DEFB42,0
ASCL1,DEFB48,0
ASCL1,DEGS2,0
ASCL1,DENND1A,0
ASCL1,DENND1C,0
ASCL1,DENND3,0
ASCL1,DENND4A,0
ASCL1,DERA,0
ASCL1,DERL1,0
ASCL1,DFNA5,0
ASCL1,DGCR6,0
ASCL1,DGKI,0
ASCL1,DGKZ,0
ASCL1,DHCR24,0
ASCL1,DHRS2,0
ASCL1,DHRS3,0
ASCL1,DHRS4,0
ASCL1,DHX15,0
ASCL1,DHX35,0
ASCL1,DHX40,0
ASCL1,DIAP1,0
ASCL1,DIAP2,0
ASCL1,DICER1,0
ASCL1,DIEXF,0
ASCL1,DIO3,0
ASCL1,DIP2B,0
ASCL1,DIP2C,0
ASCL1,DIRAS2,0
ASCL1,DIS3L2,0
ASCL1,DISC1,0
ASCL1,DKK3,0
ASCL1,DLEC1,0
ASCL1,DLEU7,0
ASCL1,DLGAP1,0
ASCL1,DLL1,0
ASCL1,DLL3,0
ASCL1,DLL4,0
ASCL1,DLX2,0
ASCL1,DMPK,0
ASCL1,DMRTA2,0
ASCL1,DMRTB1,0
ASCL1,DMXL1,0
ASCL1,DMXL2,0
ASCL1,DNAHC2,0
ASCL1,DNAHC9,0
ASCL1,DNAIC1,0
ASCL1,DNAJB12,0
ASCL1,DNAJC1,0
ASCL1,DNAJC16,0
ASCL1,DNAJC21,0
ASCL1,DNAJC5,0
ASCL1,DNAJC5B,0
ASCL1,DNALC4,0
ASCL1,DNER,0
ASCL1,DNLZ,0
ASCL1,DNM3,0
ASCL1,DNMT1,0
ASCL1,DNMT3A,0
ASCL1,DOCK10,0
ASCL1,DOCK4,0
ASCL1,DOCK5,0
ASCL1,DOCK6,0
ASCL1,DOK7,0
ASCL1,DOPEY2,0
ASCL1,DOS,0
ASCL1,DPEP2,0
ASCL1,DPF1,0
ASCL1,DPP4,0
ASCL1,DPP6,0
ASCL1,DPP7,0
ASCL1,DPP9,0
ASCL1,DPYSL5,0
ASCL1,DRD2,0
ASCL1,DRD5,0
ASCL1,DSCAM,0
ASCL1,DSCAML1,0
ASCL1,DSE,0
ASCL1,DSP,0
ASCL1,DTD1,0
ASCL1,DTL,0
ASCL1,DTNB,0
ASCL1,DTNBP1,0
ASCL1,DTX1,0
ASCL1,DUOX2,0
ASCL1,DUSP1,0
ASCL1,DUSP16,0
ASCL1,DUSP4,0
ASCL1,DUSP5,0
ASCL1,DUSP6,0
ASCL1,DVL3,0
ASCL1,DYNC1I1,0
ASCL1,DYNLRB2,0
ASCL1,DYRK1A,0
ASCL1,DYRK2,0
ASCL1,E030010A14RIK,0
ASCL1,E030019B06RIK,0
ASCL1,E030025P04RIK,0
ASCL1,E130114P18RIK,0
ASCL1,E130309F12RIK,0
ASCL1,E2F2,0
ASCL1,E2F8,0
ASCL1,E330009J07RIK,0
ASCL1,EBF1,0
ASCL1,EBF4,0
ASCL1,ECE1,0
ASCL1,ECI2,0
ASCL1,ECI3,0
ASCL1,EDARADD,0
ASCL1,EDEM3,0
ASCL1,EDN2,0
ASCL1,EDN3,0
ASCL1,EDNRA,0
ASCL1,EEA1,0
ASCL1,EED,0
ASCL1,EEF1G,0
ASCL1,EEPD1,0
ASCL1,EFCAB1,0
ASCL1,EFCAB5,0
ASCL1,EFCAB6,0
ASCL1,EFEMP1,0
ASCL1,EFHD2,0
ASCL1,EFNA5,0
ASCL1,EFNB2,0
ASCL1,EFTUD1,0
ASCL1,EGF,0
ASCL1,EGFL6,0
ASCL1,EGFL8,0
ASCL1,EGFLAM,0
ASCL1,EGFR,0
ASCL1,EGLN1,0
ASCL1,EGR3,0
ASCL1,EGR4,0
ASCL1,EHBP1,0
ASCL1,EHF,0
ASCL1,EIF1B,0
ASCL1,EIF2B1,0
ASCL1,EIF2B2,0
ASCL1,EIF2C1,0
ASCL1,EIF2C2,0
ASCL1,EIF2C3,0
ASCL1,EIF2D,0
ASCL1,EIF3B,0
ASCL1,EIF3G,0
ASCL1,EIF3H,0
ASCL1,EIF3M,0
ASCL1,EIF4E,0
ASCL1,EIF4G2,0
ASCL1,EIF4G3,0
ASCL1,ELAC2,0
ASCL1,ELAVL4,0
ASCL1,ELF2,0
ASCL1,ELF3,0
ASCL1,ELF5,0
ASCL1,ELFN1,0
ASCL1,ELFN2,0
ASCL1,ELK3,0
ASCL1,ELL2,0
ASCL1,ELMO1,0
ASCL1,ELMO2,0
ASCL1,ELN,0
ASCL1,ELOVL6,0
ASCL1,EMB,0
ASCL1,EMCN,0
ASCL1,EMID1,0
ASCL1,EMILIN3,0
ASCL1,EMP2,0
ASCL1,EMP3,0
ASCL1,EN2,0
ASCL1,ENAH,0
ASCL1,ENC1,0
ASCL1,ENGASE,0
ASCL1,ENHO,0
ASCL1,ENOX1,0
ASCL1,ENPEP,0
ASCL1,ENPP1,0
ASCL1,ENPP2,0
ASCL1,ENPP3,0
ASCL1,ENPP6,0
ASCL1,ENTHD1,0
ASCL1,ENTPD3,0
ASCL1,EP400,0
ASCL1,EPAS1,0
ASCL1,EPB4.1,0
ASCL1,EPB4.1L2,0
ASCL1,EPB4.1L4A,0
ASCL1,EPC1,0
ASCL1,EPC2,0
ASCL1,EPHA2,0
ASCL1,EPHA4,0
ASCL1,EPHA8,0
ASCL1,EPHB2,0
ASCL1,EPHB3,0
ASCL1,EPHB6,0
ASCL1,EPHX3,0
ASCL1,EPPK1,0
ASCL1,EPS15,0
ASCL1,EPS8,0
ASCL1,EPS8L2,0
ASCL1,ERC2,0
ASCL1,ERN1,0
ASCL1,ERO1LB,0
ASCL1,ERRFI1,0
ASCL1,ESD,0
ASCL1,ESPN,0
ASCL1,ESR1,0
ASCL1,ESRP2,0
ASCL1,ESRRB,0
ASCL1,ESYT1,0
ASCL1,ETNK1,0
ASCL1,ETS2,0
ASCL1,ETV1,0
ASCL1,ETV4,0
ASCL1,ETV6,0
ASCL1,EVL,0
ASCL1,EVPL,0
ASCL1,EXOC2,0
ASCL1,EXOC4,0
ASCL1,EXOC6B,0
ASCL1,EXOC7,0
ASCL1,EXOC8,0
ASCL1,EXOG,0
ASCL1,EXOSC9,0
ASCL1,EXTL3,0
ASCL1,EYA1,0
ASCL1,EYA2,0
ASCL1,F3,0
ASCL1,F7,0
ASCL1,F830045P16RIK,0
ASCL1,FA2H,0
ASCL1,FAAH,0
ASCL1,FABP5,0
ASCL1,FABP7,0
ASCL1,FAF1,0
ASCL1,FAHD2A,0
ASCL1,FAIM2,0
ASCL1,FAM101A,0
ASCL1,FAM101B,0
ASCL1,FAM102B,0
ASCL1,FAM105A,0
ASCL1,FAM108C,0
ASCL1,FAM110B,0
ASCL1,FAM110C,0
ASCL1,FAM116B,0
ASCL1,FAM117A,0
ASCL1,FAM120A,0
ASCL1,FAM120B,0
ASCL1,FAM122A,0
ASCL1,FAM125B,0
ASCL1,FAM129A,0
ASCL1,FAM129B,0
ASCL1,FAM129C,0
ASCL1,FAM131C,0
ASCL1,FAM135B,0
ASCL1,FAM136A,0
ASCL1,FAM13A,0
ASCL1,FAM13C,0
ASCL1,FAM155A,0
ASCL1,FAM159A,0
ASCL1,FAM160B2,0
ASCL1,FAM163B,0
ASCL1,FAM164B,0
ASCL1,FAM167A,0
ASCL1,FAM167B,0
ASCL1,FAM174A,0
ASCL1,FAM174B,0
ASCL1,FAM176B,0
ASCL1,FAM178B,0
ASCL1,FAM184A,0
ASCL1,FAM190A,0
ASCL1,FAM19A2,0
ASCL1,FAM19A4,0
ASCL1,FAM19A5,0
ASCL1,FAM20C,0
ASCL1,FAM26F,0
ASCL1,FAM38B,0
ASCL1,FAM40A,0
ASCL1,FAM43A,0
ASCL1,FAM43B,0
ASCL1,FAM46C,0
ASCL1,FAM49A,0
ASCL1,FAM49B,0
ASCL1,FAM53A,0
ASCL1,FAM53B,0
ASCL1,FAM55B,0
ASCL1,FAM55D,0
ASCL1,FAM5B,0
ASCL1,FAM63A,0
ASCL1,FAM64A,0
ASCL1,FAM65B,0
ASCL1,FAM65C,0
ASCL1,FAM78A,0
ASCL1,FAM78B,0
ASCL1,FAM83B,0
ASCL1,FAM83H,0
ASCL1,FAM84B,0
ASCL1,FAM86,0
ASCL1,FAM92A,0
ASCL1,FAM92B,0
ASCL1,FAM98A,0
ASCL1,FAN1,0
ASCL1,FANCC,0
ASCL1,FANCE,0
ASCL1,FAR1,0
ASCL1,FARP1,0
ASCL1,FARP2,0
ASCL1,FASN,0
ASCL1,FASTKD1,0
ASCL1,FASTKD2,0
ASCL1,FAT1,0
ASCL1,FAT2,0
ASCL1,FAT3,0
ASCL1,FAT4,0
ASCL1,FBLN2,0
ASCL1,FBN2,0
ASCL1,FBP1,0
ASCL1,FBRSL1,0
ASCL1,FBXL16,0
ASCL1,FBXL17,0
ASCL1,FBXL18,0
ASCL1,FBXL22,0
ASCL1,FBXL3,0
ASCL1,FBXO10,0
ASCL1,FBXO32,0
ASCL1,FBXO47,0
ASCL1,FBXO48,0
ASCL1,FBXO7,0
ASCL1,FBXW7,0
ASCL1,FCAMR,0
ASCL1,FCGR1,0
ASCL1,FCHO2,0
ASCL1,FCHSD2,0
ASCL1,FCNB,0
ASCL1,FCRL1,0
ASCL1,FDFT1,0
ASCL1,FEM1A,0
ASCL1,FERMT1,0
ASCL1,FERMT2,0
ASCL1,FERT2,0
ASCL1,FETUB,0
ASCL1,FEZ1,0
ASCL1,FFAR2,0
ASCL1,FGD2,0
ASCL1,FGF14,0
ASCL1,FGF2,0
ASCL1,FGF21,0
ASCL1,FGF9,0
ASCL1,FGFR1OP,0
ASCL1,FGFR2,0
ASCL1,FH1,0
ASCL1,FHAD1,0
ASCL1,FHDC1,0
ASCL1,FHIT,0
ASCL1,FHL2,0
ASCL1,FHOD3,0
ASCL1,FIG4,0
ASCL1,FIGNL1,0
ASCL1,FILIP1L,0
ASCL1,FITM2,0
ASCL1,FKBP11,0
ASCL1,FKBP15,0
ASCL1,FKBP5,0
ASCL1,FKBP6,0
ASCL1,FKBP9,0
ASCL1,FLNB,0
ASCL1,FLRT1,0
ASCL1,FMN1,0
ASCL1,FMNL1,0
ASCL1,FMOD,0
ASCL1,FN1,0
ASCL1,FNBP1L,0
ASCL1,FNDC3A,0
ASCL1,FOSL2,0
ASCL1,FOXA2,0
ASCL1,FOXA3,0
ASCL1,FOXD1,0
ASCL1,FOXD2,0
ASCL1,FOXD3,0
ASCL1,FOXJ1,0
ASCL1,FOXJ3,0
ASCL1,FOXK1,0
ASCL1,FOXL1,0
ASCL1,FOXN1,0
ASCL1,FOXN4,0
ASCL1,FOXO1,0
ASCL1,FOXO6,0
ASCL1,FOXP1,0
ASCL1,FOXQ1,0
ASCL1,FRAS1,0
ASCL1,FREM1,0
ASCL1,FREM2,0
ASCL1,FRMD3,0
ASCL1,FRMD4B,0
ASCL1,FRMD5,0
ASCL1,FRMD6,0
ASCL1,FRMD8,0
ASCL1,FRMPD4,0
ASCL1,FRRS1,0
ASCL1,FRY,0
ASCL1,FRYL,0
ASCL1,FSCB,0
ASCL1,FSHB,0
ASCL1,FSTL4,0
ASCL1,FTSJD2,0
ASCL1,FUBP3,0
ASCL1,FUT1,0
ASCL1,FUT8,0
ASCL1,FXN,0
ASCL1,FXYD6,0
ASCL1,FYN,0
ASCL1,FZD1,0
ASCL1,FZD10,0
ASCL1,FZD2,0
ASCL1,FZD4,0
ASCL1,FZD9,0
ASCL1,G630016D24RIK,0
ASCL1,GAB1,0
ASCL1,GABRA5,0
ASCL1,GABRG3,0
ASCL1,GABRP,0
ASCL1,GAD1,0
ASCL1,GADD45B,0
ASCL1,GADD45G,0
ASCL1,GADL1,0
ASCL1,GAL,0
ASCL1,GALNT10,0
ASCL1,GALNT11,0
ASCL1,GALNT2,0
ASCL1,GALNT4,0
ASCL1,GALNT7,0
ASCL1,GALNT9,0
ASCL1,GALNTL4,0
ASCL1,GALR1,0
ASCL1,GALR3,0
ASCL1,GAN,0
ASCL1,GAPDH,0
ASCL1,GAPVD1,0
ASCL1,GARNL3,0
ASCL1,GARS,0
ASCL1,GAS1,0
ASCL1,GAS6,0
ASCL1,GATA2,0
ASCL1,GATA5,0
ASCL1,GATA6,0
ASCL1,GATSL2,0
ASCL1,GATSL3,0
ASCL1,GBE1,0
ASCL1,GBF1,0
ASCL1,GBX2,0
ASCL1,GCA,0
ASCL1,GCFC1,0
ASCL1,GCNT4,0
ASCL1,GCNT7,0
ASCL1,GDAP1L1,0
ASCL1,GDAP2,0
ASCL1,GET4,0
ASCL1,GFI1,0
ASCL1,GFRA2,0
ASCL1,GFRA4,0
ASCL1,GIN1,0
ASCL1,GINS1,0
ASCL1,GINS2,0
ASCL1,GIT1,0
ASCL1,GJB6,0
ASCL1,GJD2,0
ASCL1,GLB1L2,0
ASCL1,GLCCI1,0
ASCL1,GLCE,0
ASCL1,GLDN,0
ASCL1,GLE1,0
ASCL1,GLI2,0
ASCL1,GLI3,0
ASCL1,GLIS1,0
ASCL1,GLIS3,0
ASCL1,GLMN,0
ASCL1,GLRA3,0
ASCL1,GLRX,0
ASCL1,GLRX2,0
ASCL1,GLRX3,0
ASCL1,GLRX5,0
ASCL1,GLT1D1,0
ASCL1,GLT25D1,0
ASCL1,GLT25D2,0
ASCL1,GLTSCR2,0
ASCL1,GLUL,0
ASCL1,GM10100,0
ASCL1,GM10220,0
ASCL1,GM10318,0
ASCL1,GM11541,0
ASCL1,GM11818,0
ASCL1,GM12695,0
ASCL1,GM12824,0
ASCL1,GM13242,0
ASCL1,GM13251,0
ASCL1,GM13547,0
ASCL1,GM14483,0
ASCL1,GM1564,0
ASCL1,GM15800,0
ASCL1,GM1587,0
ASCL1,GM1631,0
ASCL1,GM1679,0
ASCL1,GM17296,0
ASCL1,GM1965,0
ASCL1,GM221,0
ASCL1,GM239,0
ASCL1,GM2663,0
ASCL1,GM3417,0
ASCL1,GM3646,0
ASCL1,GM4906,0
ASCL1,GM4980,0
ASCL1,GM5134,0
ASCL1,GM5136,0
ASCL1,GM5148,0
ASCL1,GM527,0
ASCL1,GM5347,0
ASCL1,GM5415,0
ASCL1,GM5458,0
ASCL1,GM5506,0
ASCL1,GM5567,0
ASCL1,GM572,0
ASCL1,GM5803,0
ASCL1,GM608,0
ASCL1,GM628,0
ASCL1,GM6588,0
ASCL1,GM7102,0
ASCL1,GM765,0
ASCL1,GM826,0
ASCL1,GM9524,0
ASCL1,GM98,0
ASCL1,GM9920,0
ASCL1,GM9961,0
ASCL1,GMDS,0
ASCL1,GMPPA,0
ASCL1,GNA12,0
ASCL1,GNA14,0
ASCL1,GNAO1,0
ASCL1,GNAQ,0
ASCL1,GNAS,0
ASCL1,GNAT1,0
ASCL1,GNAZ,0
ASCL1,GNB1L,0
ASCL1,GNB2L1,0
ASCL1,GNB5,0
ASCL1,GNE,0
ASCL1,GNG7,0
ASCL1,GNPNAT1,0
ASCL1,GNS,0
ASCL1,GOLGA1,0
ASCL1,GOLGA7B,0
ASCL1,GORASP2,0
ASCL1,GP2,0
ASCL1,GP9,0
ASCL1,GPA33,0
ASCL1,GPC1,0
ASCL1,GPC5,0
ASCL1,GPR114,0
ASCL1,GPR123,0
ASCL1,GPR132,0
ASCL1,GPR139,0
ASCL1,GPR142,0
ASCL1,GPR15,0
ASCL1,GPR153,0
ASCL1,GPR156,0
ASCL1,GPR17,0
ASCL1,GPR183,0
ASCL1,GPR26,0
ASCL1,GPR30,0
ASCL1,GPR37,0
ASCL1,GPR37L1,0
ASCL1,GPR39,0
ASCL1,GPR55,0
ASCL1,GPR56,0
ASCL1,GPR6,0
ASCL1,GPR83,0
ASCL1,GPR88,0
ASCL1,GPR97,0
ASCL1,GPR98,0
ASCL1,GPRC5C,0
ASCL1,GPSM1,0
ASCL1,GPSM3,0
ASCL1,GRAMD1B,0
ASCL1,GRAMD2,0
ASCL1,GRAMD3,0
ASCL1,GRASP,0
ASCL1,GRB10,0
ASCL1,GRB7,0
ASCL1,GREB1,0
ASCL1,GREB1L,0
ASCL1,GREM1,0
ASCL1,GRID1,0
ASCL1,GRIFIN,0
ASCL1,GRIN2A,0
ASCL1,GRIN3A,0
ASCL1,GRIP1,0
ASCL1,GRIP2,0
ASCL1,GRK5,0
ASCL1,GRM2,0
ASCL1,GRM4,0
ASCL1,GRM5,0
ASCL1,GRM8,0
ASCL1,GRP,0
ASCL1,GRPR,0
ASCL1,GRXCR1,0
ASCL1,GSC,0
ASCL1,GSDMC,0
ASCL1,GSE1,0
ASCL1,GSG1,0
ASCL1,GSG1L,0
ASCL1,GSK3B,0
ASCL1,GSTM5,0
ASCL1,GSTP2,0
ASCL1,GTF2E2,0
ASCL1,GTF2F2,0
ASCL1,GTF2I,0
ASCL1,GTF2IRD1,0
ASCL1,GTF3A,0
ASCL1,GTF3C4,0
ASCL1,GTPBP4,0
ASCL1,GTPBP5,0
ASCL1,GTSF1L,0
ASCL1,GUCY1B2,0
ASCL1,GXYLT1,0
ASCL1,GYLTL1B,0
ASCL1,H1FOO,0
ASCL1,H2-M10.1,0
ASCL1,H2-M10.3,0
ASCL1,H2AFB1,0
ASCL1,H2AFY2,0
ASCL1,H6PD,0
ASCL1,HABP4,0
ASCL1,HAGH,0
ASCL1,HAND1,0
ASCL1,HAO2,0
ASCL1,HAP1,0
ASCL1,HAS2,0
ASCL1,HBP1,0
ASCL1,HCFC1,0
ASCL1,HCK,0
ASCL1,HCN1,0
ASCL1,HCN4,0
ASCL1,HCRTR1,0
ASCL1,HDAC11,0
ASCL1,HDAC4,0
ASCL1,HDAC7,0
ASCL1,HDAC9,0
ASCL1,HDC,0
ASCL1,HDGFRP3,0
ASCL1,HECTD1,0
ASCL1,HECTD2,0
ASCL1,HECTD3,0
ASCL1,HECW1,0
ASCL1,HELT,0
ASCL1,HEPACAM2,0
ASCL1,HERC1,0
ASCL1,HERPUD1,0
ASCL1,HERPUD2,0
ASCL1,HES1,0
ASCL1,HES6,0
ASCL1,HEXA,0
ASCL1,HEXIM1,0
ASCL1,HEXIM2,0
ASCL1,HEYL,0
ASCL1,HHATL,0
ASCL1,HHLA1,0
ASCL1,HIF1A,0
ASCL1,HIPK1,0
ASCL1,HIPK2,0
ASCL1,HIVEP1,0
ASCL1,HIVEP3,0
ASCL1,HK3,0
ASCL1,HMGA1,0
ASCL1,HMGB1,0
ASCL1,HMGB2,0
ASCL1,HMGB3,0
ASCL1,HMGCR,0
ASCL1,HMGN2,0
ASCL1,HMGN3,0
ASCL1,HMGXB4,0
ASCL1,HMX3,0
ASCL1,HNRNPA0,0
ASCL1,HNRNPR,0
ASCL1,HP1BP3,0
ASCL1,HPCAL1,0
ASCL1,HPGD,0
ASCL1,HPGDS,0
ASCL1,HPS1,0
ASCL1,HPX,0
ASCL1,HRASLS,0
ASCL1,HRH2,0
ASCL1,HRH3,0
ASCL1,HS1BP3,0
ASCL1,HS3ST2,0
ASCL1,HS3ST3A1,0
ASCL1,HS3ST3B1,0
ASCL1,HS3ST6,0
ASCL1,HS6ST1,0
ASCL1,HS6ST2,0
ASCL1,HSBP1,0
ASCL1,HSBP1L1,0
ASCL1,HSD17B2,0
ASCL1,HSD17B3,0
ASCL1,HSPA4,0
ASCL1,HSPA4L,0
ASCL1,HSPB11,0
ASCL1,HSPB7,0
ASCL1,HSPB8,0
ASCL1,HTR1D,0
ASCL1,HTR2A,0
ASCL1,HTR6,0
ASCL1,HTT,0
ASCL1,HUS1,0
ASCL1,IARS2,0
ASCL1,ICA1,0
ASCL1,ICOS,0
ASCL1,ID1,0
ASCL1,ID2,0
ASCL1,ID3,0
ASCL1,ID4,0
ASCL1,IDH2,0
ASCL1,IER2,0
ASCL1,IER5L,0
ASCL1,IFFO2,0
ASCL1,IFI27L1,0
ASCL1,IFIT1,0
ASCL1,IFITM1,0
ASCL1,IFITM3,0
ASCL1,IFITM6,0
ASCL1,IFLTD1,0
ASCL1,IFNAR1,0
ASCL1,IFNG,0
ASCL1,IFT122,0
ASCL1,IFT57,0
ASCL1,IFT80,0
ASCL1,IGF1,0
ASCL1,IGF1R,0
ASCL1,IGF2,0
ASCL1,IGF2R,0
ASCL1,IGFALS,0
ASCL1,IGFBP5,0
ASCL1,IGFBP7,0
ASCL1,IGSF21,0
ASCL1,IGSF3,0
ASCL1,IGSF9B,0
ASCL1,IL10,0
ASCL1,IL10RB,0
ASCL1,IL12A,0
ASCL1,IL12B,0
ASCL1,IL17B,0
ASCL1,IL17RD,0
ASCL1,IL19,0
ASCL1,IL1B,0
ASCL1,IL1RN,0
ASCL1,IL20RA,0
ASCL1,IL22RA1,0
ASCL1,IL22RA2,0
ASCL1,IL28A,0
ASCL1,IL2RB,0
ASCL1,IL5RA,0
ASCL1,IL6RA,0
ASCL1,IL6ST,0
ASCL1,IMMP2L,0
ASCL1,IMPG1,0
ASCL1,IMPG2,0
ASCL1,INADL,0
ASCL1,INHA,0
ASCL1,INHBA,0
ASCL1,INMT,0
ASCL1,INO80B,0
ASCL1,INO80D,0
ASCL1,INPP5A,0
ASCL1,INPP5E,0
ASCL1,INPP5J,0
ASCL1,INPPL1,0
ASCL1,INSC,0
ASCL1,INSIG1,0
ASCL1,INSM1,0
ASCL1,INSRR,0
ASCL1,INTS12,0
ASCL1,INTS6,0
ASCL1,INTS9,0
ASCL1,IPCEF1,0
ASCL1,IPMK,0
ASCL1,IPO9,0
ASCL1,IPPK,0
ASCL1,IQCA,0
ASCL1,IQCF4,0
ASCL1,IQCJ-SCHIP1,0
ASCL1,IQGAP1,0
ASCL1,IQSEC1,0
ASCL1,IQSEC2,0
ASCL1,IQSEC3,0
ASCL1,IRAK1BP1,0
ASCL1,IRAK2,0
ASCL1,IREB2,0
ASCL1,IRF2,0
ASCL1,IRF2BP1,0
ASCL1,IRF2BP2,0
ASCL1,IRF6,0
ASCL1,IRGM2,0
ASCL1,IRS1,0
ASCL1,IRS2,0
ASCL1,IRX1,0
ASCL1,IRX2,0
ASCL1,IRX3,0
ASCL1,IRX4,0
ASCL1,IRX5,0
ASCL1,IRX6,0
ASCL1,ISL1,0
ASCL1,ISX,0
ASCL1,ITFG3,0
ASCL1,ITGA1,0
ASCL1,ITGA10,0
ASCL1,ITGA3,0
ASCL1,ITGA9,0
ASCL1,ITGAL,0
ASCL1,ITGB1,0
ASCL1,ITGB1BP1,0
ASCL1,ITGB2L,0
ASCL1,ITGB3,0
ASCL1,ITGB5,0
ASCL1,ITGBL1,0
ASCL1,ITM2C,0
ASCL1,ITPK1,0
ASCL1,ITPKB,0
ASCL1,ITPR1,0
ASCL1,ITPR2,0
ASCL1,ITPR3,0
ASCL1,ITSN2,0
ASCL1,IYD,0
ASCL1,IZUMO1,0
ASCL1,IZUMO2,0
ASCL1,JAG1,0
ASCL1,JAG2,0
ASCL1,JAK1,0
ASCL1,JAKMIP1,0
ASCL1,JARID2,0
ASCL1,JHDM1D,0
ASCL1,JKAMP,0
ASCL1,JMJD5,0
ASCL1,JOSD2,0
ASCL1,JPH3,0
ASCL1,JUP,0
ASCL1,KALRN,0
ASCL1,KATNAL1,0
ASCL1,KAZN,0
ASCL1,KBTBD10,0
ASCL1,KBTBD11,0
ASCL1,KBTBD2,0
ASCL1,KBTBD8,0
ASCL1,KCNA10,0
ASCL1,KCNA2,0
ASCL1,KCNA4,0
ASCL1,KCNA5,0
ASCL1,KCNAB2,0
ASCL1,KCNB1,0
ASCL1,KCNB2,0
ASCL1,KCNC1,0
ASCL1,KCNC3,0
ASCL1,KCND3,0
ASCL1,KCNE4,0
ASCL1,KCNF1,0
ASCL1,KCNG1,0
ASCL1,KCNH2,0
ASCL1,KCNH3,0
ASCL1,KCNH5,0
ASCL1,KCNH6,0
ASCL1,KCNH7,0
ASCL1,KCNH8,0
ASCL1,KCNIP1,0
ASCL1,KCNIP2,0
ASCL1,KCNIP3,0
ASCL1,KCNJ11,0
ASCL1,KCNJ15,0
ASCL1,KCNJ4,0
ASCL1,KCNJ5,0
ASCL1,KCNJ6,0
ASCL1,KCNK1,0
ASCL1,KCNK2,0
ASCL1,KCNK9,0
ASCL1,KCNMA1,0
ASCL1,KCNMB1,0
ASCL1,KCNMB2,0
ASCL1,KCNN3,0
ASCL1,KCNQ1,0
ASCL1,KCNQ3,0
ASCL1,KCNQ4,0
ASCL1,KCNRG,0
ASCL1,KCNT1,0
ASCL1,KCTD14,0
ASCL1,KCTD17,0
ASCL1,KCTD21,0
ASCL1,KCTD3,0
ASCL1,KDM4B,0
ASCL1,KDM4C,0
ASCL1,KDM6B,0
ASCL1,KHDRBS3,0
ASCL1,KHK,0
ASCL1,KIF17,0
ASCL1,KIF1B,0
ASCL1,KIF26A,0
ASCL1,KIF2A,0
ASCL1,KIF4-PS,0
ASCL1,KIF5B,0
ASCL1,KIF5C,0
ASCL1,KLC1,0
ASCL1,KLF10,0
ASCL1,KLF13,0
ASCL1,KLF14,0
ASCL1,KLF17,0
ASCL1,KLF3,0
ASCL1,KLF4,0
ASCL1,KLF6,0
ASCL1,KLF7,0
ASCL1,KLHDC7A,0
ASCL1,KLHL25,0
ASCL1,KLHL29,0
ASCL1,KLHL8,0
ASCL1,KLK1,0
ASCL1,KLK15,0
ASCL1,KLK1B7-PS,0
ASCL1,KLRAQ1,0
ASCL1,KLRB1C,0
ASCL1,KRAS,0
ASCL1,KRBA1,0
ASCL1,KRR1,0
ASCL1,KRT18,0
ASCL1,KRT7,0
ASCL1,KRT78,0
ASCL1,KRT8,0
ASCL1,KRT80,0
ASCL1,KRT81,0
ASCL1,KRT84,0
ASCL1,KRT86,0
ASCL1,KRTAP10-10,0
ASCL1,KRTAP10-4,0
ASCL1,KRTAP12-1,0
ASCL1,KRTAP17-1,0
ASCL1,KRTAP5-4,0
ASCL1,KRTAP9-5,0
ASCL1,KRTDAP,0
ASCL1,KSR1,0
ASCL1,KTI12,0
ASCL1,KY,0
ASCL1,L1TD1,0
ASCL1,L3MBTL3,0
ASCL1,LACTB,0
ASCL1,LACTB2,0
ASCL1,LAMA2,0
ASCL1,LAMA5,0
ASCL1,LAMTOR3,0
ASCL1,LAPTM4A,0
ASCL1,LAPTM5,0
ASCL1,LARP1,0
ASCL1,LARP4B,0
ASCL1,LARS2,0
ASCL1,LASP1,0
ASCL1,LASS6,0
ASCL1,LBH,0
ASCL1,LBR,0
ASCL1,LCA5,0
ASCL1,LCAT,0
ASCL1,LCK,0
ASCL1,LCLAT1,0
ASCL1,LDHAL6B,0
ASCL1,LDHD,0
ASCL1,LDLR,0
ASCL1,LDLRAD1,0
ASCL1,LDLRAD3,0
ASCL1,LDLRAP1,0
ASCL1,LDOC1L,0
ASCL1,LEMD2,0
ASCL1,LENG9,0
ASCL1,LEP,0
ASCL1,LEPREL4,0
ASCL1,LFNG,0
ASCL1,LGALS3BP,0
ASCL1,LGALS9,0
ASCL1,LGI2,0
ASCL1,LGMN,0
ASCL1,LGR4,0
ASCL1,LHFPL3,0
ASCL1,LHPP,0
ASCL1,LHX2,0
ASCL1,LHX3,0
ASCL1,LHX4,0
ASCL1,LHX5,0
ASCL1,LHX8,0
ASCL1,LIFR,0
ASCL1,LIMA1,0
ASCL1,LIMCH1,0
ASCL1,LIMK1,0
ASCL1,LIMK2,0
ASCL1,LIN28A,0
ASCL1,LIPC,0
ASCL1,LIPG,0
ASCL1,LITAF,0
ASCL1,LMAN1,0
ASCL1,LMAN1L,0
ASCL1,LMBR1,0
ASCL1,LMBRD1,0
ASCL1,LMCD1,0
ASCL1,LMNA,0
ASCL1,LMNB2,0
ASCL1,LMO1,0
ASCL1,LMO2,0
ASCL1,LMOD3,0
ASCL1,LMTK2,0
ASCL1,LMX1A,0
ASCL1,LMX1B,0
ASCL1,LNP,0
ASCL1,LOH12CR1,0
ASCL1,LONRF1,0
ASCL1,LONRF2,0
ASCL1,LOX,0
ASCL1,LPAR6,0
ASCL1,LPCAT1,0
ASCL1,LPHN2,0
ASCL1,LPIN1,0
ASCL1,LPIN2,0
ASCL1,LPL,0
ASCL1,LPP,0
ASCL1,LRBA,0
ASCL1,LRFN1,0
ASCL1,LRFN2,0
ASCL1,LRGUK,0
ASCL1,LRIG1,0
ASCL1,LRIG3,0
ASCL1,LRP11,0
ASCL1,LRP1B,0
ASCL1,LRP5,0
ASCL1,LRP6,0
ASCL1,LRPAP1,0
ASCL1,LRRC1,0
ASCL1,LRRC16A,0
ASCL1,LRRC28,0
ASCL1,LRRC3,0
ASCL1,LRRC33,0
ASCL1,LRRC3B,0
ASCL1,LRRC4,0
ASCL1,LRRC42,0
ASCL1,LRRC49,0
ASCL1,LRRC8B,0
ASCL1,LRRC8C,0
ASCL1,LRRFIP1,0
ASCL1,LRRIQ3,0
ASCL1,LRRK1,0
ASCL1,LRRK2,0
ASCL1,LRRN3,0
ASCL1,LRRTM2,0
ASCL1,LRRTM4,0
ASCL1,LRSAM1,0
ASCL1,LRTM1,0
ASCL1,LRTM2,0
ASCL1,LSM14B,0
ASCL1,LSM3,0
ASCL1,LSM5,0
ASCL1,LTC4S,0
ASCL1,LUC7L,0
ASCL1,LY6H,0
ASCL1,LY86,0
ASCL1,LYPD1,0
ASCL1,LYPD6,0
ASCL1,LYPD6B,0
ASCL1,LYPLAL1,0
ASCL1,LYSMD2,0
ASCL1,LYSMD4,0
ASCL1,LYZL1,0
ASCL1,LZTS1,0
ASCL1,MAB21L1,0
ASCL1,MACF1,0
ASCL1,MACROD1,0
ASCL1,MAD1L1,0
ASCL1,MAEL,0
ASCL1,MAF,0
ASCL1,MAFA,0
ASCL1,MAFF,0
ASCL1,MAGI1,0
ASCL1,MAGI2,0
ASCL1,MAL2,0
ASCL1,MALT1,0
ASCL1,MAML1,0
ASCL1,MAML3,0
ASCL1,MAMSTR,0
ASCL1,MAN1A,0
ASCL1,MAN1C1,0
ASCL1,MAN2A1,0
ASCL1,MAOA,0
ASCL1,MAOB,0
ASCL1,MAP3K15,0
ASCL1,MAP3K4,0
ASCL1,MAP3K5,0
ASCL1,MAP3K8,0
ASCL1,MAP4K4,0
ASCL1,MAPK10,0
ASCL1,MAPK1IP1,0
ASCL1,MAPKAP1,0
ASCL1,MAPKBP1,0
ASCL1,MAPRE3,0
ASCL1,2016-03-01 00:00:00,0
ASCL1,2016-03-10 00:00:00,0
ASCL1,2016-03-05 00:00:00,0
ASCL1,2016-03-08 00:00:00,0
ASCL1,MAS1,0
ASCL1,MAST2,0
ASCL1,MAST4,0
ASCL1,MASTL,0
ASCL1,MAT1A,0
ASCL1,MATN1,0
ASCL1,MATN4,0
ASCL1,MAX,0
ASCL1,MB,0
ASCL1,MBD2,0
ASCL1,MBD5,0
ASCL1,MBIP,0
ASCL1,MBNL1,0
ASCL1,MBNL3,0
ASCL1,MBOAT2,0
ASCL1,MBP,0
ASCL1,MC2R,0
ASCL1,MCART1,0
ASCL1,MCAT,0
ASCL1,MCF2L,0
ASCL1,MCM2,0
ASCL1,MCPH1,0
ASCL1,MCRS1,0
ASCL1,MCTP2,0
ASCL1,MDGA2,0
ASCL1,MDK,0
ASCL1,MDM4,0
ASCL1,ME2,0
ASCL1,MED13,0
ASCL1,MED13L,0
ASCL1,MED20,0
ASCL1,MED31,0
ASCL1,MED9,0
ASCL1,MEF2A,0
ASCL1,MEF2C,0
ASCL1,MEF2D,0
ASCL1,MEGF10,0
ASCL1,MEGF11,0
ASCL1,MEGF6,0
ASCL1,MEGF9,0
ASCL1,MEIS1,0
ASCL1,MEIS2,0
ASCL1,MEMO1,0
ASCL1,MEN1,0
ASCL1,MEOX1,0
ASCL1,MESDC2,0
ASCL1,METRNL,0
ASCL1,METTL13,0
ASCL1,METTL15,0
ASCL1,METTL8,0
ASCL1,MEX3B,0
ASCL1,MFNG,0
ASCL1,MFRP,0
ASCL1,MFSD11,0
ASCL1,MFSD6L,0
ASCL1,MGAT3,0
ASCL1,MGAT4A,0
ASCL1,MGAT5,0
ASCL1,MGAT5B,0
ASCL1,MGEA5,0
ASCL1,MGL2,0
ASCL1,MGMT,0
ASCL1,MGST2,0
ASCL1,MIB1,0
ASCL1,MICAL1,0
ASCL1,MICAL2,0
ASCL1,MICAL3,0
ASCL1,MICALCL,0
ASCL1,MID1IP1,0
ASCL1,MINOS1,0
ASCL1,MINPP1,0
ASCL1,MIPEP,0
ASCL1,MKL2,0
ASCL1,MKLN1,0
ASCL1,MLEC,0
ASCL1,MLF1IP,0
ASCL1,MLH3,0
ASCL1,MLKL,0
ASCL1,MLL3,0
ASCL1,MLL5,0
ASCL1,MLLT3,0
ASCL1,MLXIP,0
ASCL1,MLYCD,0
ASCL1,MMAA,0
ASCL1,MMAB,0
ASCL1,MMADHC,0
ASCL1,MMP17,0
ASCL1,MMS22L,0
ASCL1,MN1,0
ASCL1,MNAT1,0
ASCL1,MNS1,0
ASCL1,MOB4,0
ASCL1,MOBP,0
ASCL1,MOCS1,0
ASCL1,MON1B,0
ASCL1,MON2,0
ASCL1,MORC2A,0
ASCL1,MORC3,0
ASCL1,MOSPD4,0
ASCL1,MPDZ,0
ASCL1,MPHOSPH9,0
ASCL1,MPP6,0
ASCL1,MPPED1,0
ASCL1,MPPED2,0
ASCL1,MPRIP,0
ASCL1,MPZL1,0
ASCL1,MR1,0
ASCL1,MRC2,0
ASCL1,MRE11A,0
ASCL1,MREG,0
ASCL1,MRFAP1,0
ASCL1,MRGPRF,0
ASCL1,MRGPRG,0
ASCL1,MRO,0
ASCL1,MRP63,0
ASCL1,MRPL23,0
ASCL1,MRPL35,0
ASCL1,MRPL36,0
ASCL1,MRPL37,0
ASCL1,MRPL39,0
ASCL1,MRPS18A,0
ASCL1,MRPS23,0
ASCL1,MRPS27,0
ASCL1,MRPS30,0
ASCL1,MRPS33,0
ASCL1,MRVI1,0
ASCL1,MS4A10,0
ASCL1,MS4A15,0
ASCL1,MSI1,0
ASCL1,MSI2,0
ASCL1,MSLN,0
ASCL1,MSRA,0
ASCL1,MTAP1B,0
ASCL1,MTAP2,0
ASCL1,MTAP6,0
ASCL1,MTAP7,0
ASCL1,MTHFD1L,0
ASCL1,MTMR10,0
ASCL1,MTMR3,0
ASCL1,MTNR1A,0
ASCL1,MTNR1B,0
ASCL1,MTPAP,0
ASCL1,MTPN,0
ASCL1,MTSS1,0
ASCL1,MTSS1L,0
ASCL1,MTUS2,0
ASCL1,MUC1,0
ASCL1,MUC19,0
ASCL1,MUC20,0
ASCL1,MUC4,0
ASCL1,MUL1,0
ASCL1,MURC,0
ASCL1,MUSTN1,0
ASCL1,MVK,0
ASCL1,MX1,0
ASCL1,MXD4,0
ASCL1,MXRA7,0
ASCL1,MYB,0
ASCL1,MYBL1,0
ASCL1,MYC,0
ASCL1,MYCL1,0
ASCL1,MYCN,0
ASCL1,MYH14,0
ASCL1,MYH15,0
ASCL1,MYH2,0
ASCL1,MYH3,0
ASCL1,MYH9,0
ASCL1,MYL10,0
ASCL1,MYLIP,0
ASCL1,MYLK,0
ASCL1,MYLK4,0
ASCL1,MYO10,0
ASCL1,MYO16,0
ASCL1,MYO18B,0
ASCL1,MYO1A,0
ASCL1,MYO1B,0
ASCL1,MYO1D,0
ASCL1,MYO1H,0
ASCL1,MYO3B,0
ASCL1,MYO5B,0
ASCL1,MYO5C,0
ASCL1,MYO6,0
ASCL1,MYO7B,0
ASCL1,MYOCD,0
ASCL1,MYOM1,0
ASCL1,MYOM2,0
ASCL1,MYOM3,0
ASCL1,MYOZ2,0
ASCL1,MYOZ3,0
ASCL1,MYRIP,0
ASCL1,MYST4,0
ASCL1,MYT1,0
ASCL1,MYT1L,0
ASCL1,MYZAP,0
ASCL1,N4BP2L1,0
ASCL1,N6AMT1,0
ASCL1,NAA10,0
ASCL1,NACAD,0
ASCL1,NACC2,0
ASCL1,NAF1,0
ASCL1,NAGPA,0
ASCL1,NAIP1,0
ASCL1,NAIP6,0
ASCL1,NALCN,0
ASCL1,NAMPT,0
ASCL1,NANS,0
ASCL1,NAP1L5,0
ASCL1,NAPG,0
ASCL1,NARFL,0
ASCL1,NARG2,0
ASCL1,NAT1,0
ASCL1,NAV1,0
ASCL1,NAV2,0
ASCL1,NAV3,0
ASCL1,NBL1,0
ASCL1,NCAM1,0
ASCL1,NCAM2,0
ASCL1,NCCRP1,0
ASCL1,NCEH1,0
ASCL1,NCOA1,0
ASCL1,NCOA2,0
ASCL1,NCOA3,0
ASCL1,NCOR2,0
ASCL1,NCS1,0
ASCL1,NDFIP2,0
ASCL1,NDN,0
ASCL1,NDRG2,0
ASCL1,NDST1,0
ASCL1,NDST2,0
ASCL1,NDUFA10,0
ASCL1,NDUFA12,0
ASCL1,NDUFAF3,0
ASCL1,NDUFB7,0
ASCL1,NDUFB9,0
ASCL1,NDUFS4,0
ASCL1,NDUFS5,0
ASCL1,NEBL,0
ASCL1,NECAB1,0
ASCL1,NEDD1,0
ASCL1,NEDD4L,0
ASCL1,NEDD9,0
ASCL1,NEFL,0
ASCL1,NEK10,0
ASCL1,NEK6,0
ASCL1,NELL2,0
ASCL1,NENF,0
ASCL1,NEO1,0
ASCL1,NETO1,0
ASCL1,NEU3,0
ASCL1,NEU4,0
ASCL1,NEURL1A,0
ASCL1,NEURL1B,0
ASCL1,NEURL3,0
ASCL1,NEUROG3,0
ASCL1,NF2,0
ASCL1,NFASC,0
ASCL1,NFATC1,0
ASCL1,NFATC2,0
ASCL1,NFATC3,0
ASCL1,NFE2L2,0
ASCL1,NFIA,0
ASCL1,NFIB,0
ASCL1,NFIC,0
ASCL1,NFKB2,0
ASCL1,NFKBIE,0
ASCL1,NFKBIZ,0
ASCL1,NFRKB,0
ASCL1,NFU1,0
ASCL1,NFYC,0
ASCL1,NGEF,0
ASCL1,NGF,0
ASCL1,NHSL1,0
ASCL1,NID2,0
ASCL1,NINJ1,0
ASCL1,NINL,0
ASCL1,NIPBL,0
ASCL1,NKD1,0
ASCL1,NKD2,0
ASCL1,NKX2-1,0
ASCL1,NKX3-1,0
ASCL1,NKX6-1,0
ASCL1,NKX6-3,0
ASCL1,NLGN1,0
ASCL1,NLRP1B,0
ASCL1,NLRP4C,0
ASCL1,NMB,0
ASCL1,NMNAT3,0
ASCL1,NMU,0
ASCL1,NOC4L,0
ASCL1,NOL11,0
ASCL1,NOL4,0
ASCL1,NOSTRIN,0
ASCL1,NOTCH1,0
ASCL1,NOTCH2,0
ASCL1,NOTCH3,0
ASCL1,NOTCH4,0
ASCL1,NOV,0
ASCL1,NOX3,0
ASCL1,NPC1,0
ASCL1,NPEPL1,0
ASCL1,NPHP3,0
ASCL1,NPHP4,0
ASCL1,NPL,0
ASCL1,NPM3,0
ASCL1,NPPA,0
ASCL1,NPSR1,0
ASCL1,NPTN,0
ASCL1,NPY,0
ASCL1,NPY1R,0
ASCL1,NR1D1,0
ASCL1,NR2E3,0
ASCL1,NR2F6,0
ASCL1,NR3C1,0
ASCL1,NR3C2,0
ASCL1,NR4A1,0
ASCL1,NRBP2,0
ASCL1,NRCAM,0
ASCL1,NRD1,0
ASCL1,NRF1,0
ASCL1,NRP1,0
ASCL1,NRP2,0
ASCL1,NRXN1,0
ASCL1,NRXN3,0
ASCL1,NSF,0
ASCL1,NSG2,0
ASCL1,NSMAF,0
ASCL1,NSMCE2,0
ASCL1,NSUN7,0
ASCL1,NT5C1A,0
ASCL1,NT5DC3,0
ASCL1,NT5E,0
ASCL1,NT5M,0
ASCL1,NTAN1,0
ASCL1,NTF3,0
ASCL1,NTM,0
ASCL1,NTN1,0
ASCL1,NTN4,0
ASCL1,NTNG1,0
ASCL1,NTRK2,0
ASCL1,NTSR2,0
ASCL1,NUAK2,0
ASCL1,NUCB2,0
ASCL1,NUDCD3,0
ASCL1,NUDT1,0
ASCL1,NUDT18,0
ASCL1,NUDT6,0
ASCL1,NUF2,0
ASCL1,NUMB,0
ASCL1,NUP160,0
ASCL1,NUP210,0
ASCL1,NUP214,0
ASCL1,NUP54,0
ASCL1,NUPL1,0
ASCL1,NUPL2,0
ASCL1,NUPR1,0
ASCL1,NVL,0
ASCL1,NXN,0
ASCL1,NXPH1,0
ASCL1,NXT1,0
ASCL1,O3FAR1,0
ASCL1,OAS1H,0
ASCL1,OAZ2-PS,0
ASCL1,OBFC2A,0
ASCL1,OBSCN,0
ASCL1,OBSL1,0
ASCL1,ODC1,0
ASCL1,ODZ1,0
ASCL1,ODZ2,0
ASCL1,ODZ3,0
ASCL1,ODZ4,0
ASCL1,OGFOD1,0
ASCL1,OGFRL1,0
ASCL1,OIT1,0
ASCL1,OLFM1,0
ASCL1,OLFM2,0
ASCL1,OLFML1,0
ASCL1,OLFML2A,0
ASCL1,OLFML2B,0
ASCL1,OLFR1505,0
ASCL1,OLFR225,0
ASCL1,OLFR324,0
ASCL1,OLFR412,0
ASCL1,OLFR945,0
ASCL1,OLFR948,0
ASCL1,OMA1,0
ASCL1,ONECUT1,0
ASCL1,ONECUT2,0
ASCL1,OPA1,0
ASCL1,OPHN1,0
ASCL1,OPRD1,0
ASCL1,OPRM1,0
ASCL1,OPTC,0
ASCL1,OSBP2,0
ASCL1,OSBPL11,0
ASCL1,OSBPL3,0
ASCL1,OSBPL5,0
ASCL1,OTOA,0
ASCL1,OTOS,0
ASCL1,OTUB1,0
ASCL1,OTUD3,0
ASCL1,OTUD4,0
ASCL1,OTUD7A,0
ASCL1,OVOL1,0
ASCL1,OXR1,0
ASCL1,OXTR,0
ASCL1,P4HA2,0
ASCL1,PABPC1,0
ASCL1,PABPC1L,0
ASCL1,PABPC2,0
ASCL1,PABPC6,0
ASCL1,PABPN1L,0
ASCL1,PACRG,0
ASCL1,PACSIN2,0
ASCL1,PADI1,0
ASCL1,PADI2,0
ASCL1,PADI3,0
ASCL1,PADI4,0
ASCL1,PAH,0
ASCL1,PAIP2B,0
ASCL1,PAK1,0
ASCL1,PAK4,0
ASCL1,PALLD,0
ASCL1,PALMD,0
ASCL1,PAM,0
ASCL1,PANK4,0
ASCL1,PANX2,0
ASCL1,PAPD5,0
ASCL1,PAPD7,0
ASCL1,PAPPA,0
ASCL1,PAPSS1,0
ASCL1,PARD3,0
ASCL1,PARD3B,0
ASCL1,PARD6B,0
ASCL1,PARD6G,0
ASCL1,PARK2,0
ASCL1,PARN,0
ASCL1,PARVA,0
ASCL1,PARVB,0
ASCL1,PARVG,0
ASCL1,PATZ1,0
ASCL1,PAWR,0
ASCL1,PAX1,0
ASCL1,PAX7,0
ASCL1,PAX8,0
ASCL1,PBP2,0
ASCL1,PBX1,0
ASCL1,PBX4,0
ASCL1,PCBP1,0
ASCL1,PCBP3,0
ASCL1,PCCA,0
ASCL1,PCDH1,0
ASCL1,PCDH10,0
ASCL1,PCDH18,0
ASCL1,PCDH7,0
ASCL1,PCDH9,0
ASCL1,PCGF5,0
ASCL1,PCIF1,0
ASCL1,PCLO,0
ASCL1,PCM1,0
ASCL1,PCMTD2,0
ASCL1,PCSK1,0
ASCL1,PCSK6,0
ASCL1,PCSK9,0
ASCL1,PDCD1,0
ASCL1,PDCD4,0
ASCL1,PDCL2,0
ASCL1,PDE10A,0
ASCL1,PDE1C,0
ASCL1,PDE2A,0
ASCL1,PDE4D,0
ASCL1,PDE6C,0
ASCL1,PDE6H,0
ASCL1,PDE8B,0
ASCL1,PDE9A,0
ASCL1,PDGFA,0
ASCL1,PDGFB,0
ASCL1,PDHA1,0
ASCL1,PDHA2,0
ASCL1,PDK2,0
ASCL1,PDLIM1,0
ASCL1,PDLIM2,0
ASCL1,PDLIM3,0
ASCL1,PDS5A,0
ASCL1,PDSS1,0
ASCL1,PDZD2,0
ASCL1,PDZRN3,0
ASCL1,PDZRN4,0
ASCL1,PEBP4,0
ASCL1,PECAM1,0
ASCL1,PEF1,0
ASCL1,PELI1,0
ASCL1,PEMT,0
ASCL1,PEPD,0
ASCL1,PET112L,0
ASCL1,PEX14,0
ASCL1,PEX16,0
ASCL1,PEX26,0
ASCL1,PEX3,0
ASCL1,PEX5,0
ASCL1,PEX5L,0
ASCL1,PGA5,0
ASCL1,PGAP3,0
ASCL1,PGBD5,0
ASCL1,PGLYRP3,0
ASCL1,PGM5,0
ASCL1,PGPEP1L,0
ASCL1,PGS1,0
ASCL1,PHACTR1,0
ASCL1,PHACTR2,0
ASCL1,PHB,0
ASCL1,PHF14,0
ASCL1,PHF17,0
ASCL1,PHF2,0
ASCL1,PHF21A,0
ASCL1,PHF21B,0
ASCL1,PHIP,0
ASCL1,PHLDA1,0
ASCL1,PHLDA3,0
ASCL1,PHLPP1,0
ASCL1,PHOX2A,0
ASCL1,PHOX2B,0
ASCL1,PHTF2,0
ASCL1,PHYHIP,0
ASCL1,PI4KB,0
ASCL1,PICALM,0
ASCL1,PICK1,0
ASCL1,PID1,0
ASCL1,PIGH,0
ASCL1,PIGN,0
ASCL1,PIGR,0
ASCL1,PIGT,0
ASCL1,PIK3AP1,0
ASCL1,PIK3CA,0
ASCL1,PIK3CD,0
ASCL1,PIK3CG,0
ASCL1,PIK3IP1,0
ASCL1,PIK3R1,0
ASCL1,PIK3R3,0
ASCL1,PIM1,0
ASCL1,PIM3,0
ASCL1,PIN1,0
ASCL1,PINK1,0
ASCL1,PINX1,0
ASCL1,PION,0
ASCL1,PIP4K2A,0
ASCL1,PIRT,0
ASCL1,PISD,0
ASCL1,PITPNB,0
ASCL1,PITPNC1,0
ASCL1,PITPNM2,0
ASCL1,PITPNM3,0
ASCL1,PITRM1,0
ASCL1,PITX2,0
ASCL1,PIWIL1,0
ASCL1,PJA2,0
ASCL1,PKD1,0
ASCL1,PKDCC,0
ASCL1,PKHD1,0
ASCL1,PKIB,0
ASCL1,PKM2,0
ASCL1,PKNOX2,0
ASCL1,PLA2G1B,0
ASCL1,PLA2G2C,0
ASCL1,PLA2G2E,0
ASCL1,PLA2G3,0
ASCL1,PLA2G4B,0
ASCL1,PLA2G6,0
ASCL1,PLAC8L1,0
ASCL1,PLB1,0
ASCL1,PLCB1,0
ASCL1,PLCB4,0
ASCL1,PLCG2,0
ASCL1,PLCH2,0
ASCL1,PLCL2,0
ASCL1,PLD1,0
ASCL1,PLD4,0
ASCL1,PLEKHA1,0
ASCL1,PLEKHA7,0
ASCL1,PLEKHB2,0
ASCL1,PLEKHF1,0
ASCL1,PLEKHG1,0
ASCL1,PLEKHG3,0
ASCL1,PLEKHH1,0
ASCL1,PLEKHH3,0
ASCL1,PLK2,0
ASCL1,PLK3,0
ASCL1,PLK4,0
ASCL1,PLLP,0
ASCL1,PLOD2,0
ASCL1,PLXNA1,0
ASCL1,PLXNA2,0
ASCL1,PLXNA4,0
ASCL1,PLXNB2,0
ASCL1,PLXNC1,0
ASCL1,PLXND1,0
ASCL1,PMEPA1,0
ASCL1,PMFBP1,0
ASCL1,PNLIP,0
ASCL1,PNMA2,0
ASCL1,PNMAL1,0
ASCL1,PNMAL2,0
ASCL1,PNMT,0
ASCL1,PNPLA2,0
ASCL1,PNRC1,0
ASCL1,POC5,0
ASCL1,PODXL,0
ASCL1,PODXL2,0
ASCL1,POFUT2,0
ASCL1,POLA2,0
ASCL1,POLD3,0
ASCL1,POLR2F,0
ASCL1,POLR2H,0
ASCL1,POLR2M,0
ASCL1,POLR3K,0
ASCL1,POMC,0
ASCL1,POMT1,0
ASCL1,POPDC3,0
ASCL1,POU2F1,0
ASCL1,POU2F2,0
ASCL1,POU3F1,0
ASCL1,PPAP2A,0
ASCL1,PPAP2B,0
ASCL1,PPAPDC1A,0
ASCL1,PPARA,0
ASCL1,PPARD,0
ASCL1,PPARGC1A,0
ASCL1,PPCDC,0
ASCL1,PPIF,0
ASCL1,PPM1H,0
ASCL1,PPP1CB,0
ASCL1,PPP1R12B,0
ASCL1,PPP1R13B,0
ASCL1,PPP1R17,0
ASCL1,PPP1R26,0
ASCL1,PPP1R32,0
ASCL1,PPP1R3B,0
ASCL1,PPP2CA,0
ASCL1,PPP2R5A,0
ASCL1,PPP3CA,0
ASCL1,PPP3CC,0
ASCL1,PPP3R2,0
ASCL1,PPP4R1,0
ASCL1,PPP5C,0
ASCL1,PPP6R1,0
ASCL1,PPP6R3,0
ASCL1,PPT2,0
ASCL1,PPTC7,0
ASCL1,PQLC2,0
ASCL1,PRDM1,0
ASCL1,PRDM10,0
ASCL1,PRDM11,0
ASCL1,PRDM14,0
ASCL1,PRDM16,0
ASCL1,PRDM2,0
ASCL1,PRELP,0
ASCL1,PREP,0
ASCL1,PREX1,0
ASCL1,PRF1,0
ASCL1,PRICKLE2,0
ASCL1,PRIM2,0
ASCL1,PRKAG2,0
ASCL1,PRKAG3,0
ASCL1,PRKAR1B,0
ASCL1,PRKAR2B,0
ASCL1,PRKCA,0
ASCL1,PRKCD,0
ASCL1,PRKCE,0
ASCL1,PRKCH,0
ASCL1,PRKCZ,0
ASCL1,PRKD1,0
ASCL1,PRKG1,0
ASCL1,PRL5A1,0
ASCL1,PRLR,0
ASCL1,PRMT2,0
ASCL1,PRMT3,0
ASCL1,PRMT7,0
ASCL1,PROK2,0
ASCL1,PROM1,0
ASCL1,PROX1,0
ASCL1,PRPS2,0
ASCL1,PRPSAP1,0
ASCL1,PRPSAP2,0
ASCL1,PRR15,0
ASCL1,PRR15L,0
ASCL1,PRR5,0
ASCL1,PRRC1,0
ASCL1,PRRC2B,0
ASCL1,PRSS2,0
ASCL1,PRSS22,0
ASCL1,PRSS23,0
ASCL1,PRSS30,0
ASCL1,PRSS35,0
ASCL1,PRSS38,0
ASCL1,PRSS40,0
ASCL1,PRSS52,0
ASCL1,PRSS8,0
ASCL1,PRX,0
ASCL1,PSAPL1,0
ASCL1,PSD2,0
ASCL1,PSD3,0
ASCL1,PSD4,0
ASCL1,PSEN2,0
ASCL1,PSMA7,0
ASCL1,PSMB2,0
ASCL1,PSMD7,0
ASCL1,PSMF1,0
ASCL1,PSMG1,0
ASCL1,PSMG3,0
ASCL1,PSTPIP1,0
ASCL1,PTBP1,0
ASCL1,PTCD2,0
ASCL1,PTCHD2,0
ASCL1,PTCHD3,0
ASCL1,PTGIS,0
ASCL1,PTH,0
ASCL1,PTH2,0
ASCL1,PTK2,0
ASCL1,PTK2B,0
ASCL1,PTK7,0
ASCL1,PTMS,0
ASCL1,PTN,0
ASCL1,PTP4A2,0
ASCL1,PTP4A3,0
ASCL1,PTPLAD2,0
ASCL1,PTPLB,0
ASCL1,PTPN12,0
ASCL1,PTPN14,0
ASCL1,PTPRJ,0
ASCL1,PTPRK,0
ASCL1,PTPRM,0
ASCL1,PTPRN2,0
ASCL1,PTPRO,0
ASCL1,PTPRS,0
ASCL1,PTPRT,0
ASCL1,PTPRU,0
ASCL1,PVRL1,0
ASCL1,PWP1,0
ASCL1,PWWP2B,0
ASCL1,PYGB,0
ASCL1,PYROXD2,0
ASCL1,QK,0
ASCL1,QPRT,0
ASCL1,QRSL1,0
ASCL1,QSOX2,0
ASCL1,R3HDML,0
ASCL1,RAB11A,0
ASCL1,RAB11FIP4,0
ASCL1,RAB12,0
ASCL1,RAB17,0
ASCL1,RAB22A,0
ASCL1,RAB27B,0
ASCL1,RAB3B,0
ASCL1,RAB3C,0
ASCL1,RAB3GAP2,0
ASCL1,RAB43,0
ASCL1,RAB44,0
ASCL1,RAB6B,0
ASCL1,RAB8B,0
ASCL1,RABGGTA,0
ASCL1,RABIF,0
ASCL1,RAD18,0
ASCL1,RAD21,0
ASCL1,RAD23B,0
ASCL1,RAD51L1,0
ASCL1,RAD9B,0
ASCL1,RAG1,0
ASCL1,RAI1,0
ASCL1,RALBP1,0
ASCL1,RALGDS,0
ASCL1,RALGPS1,0
ASCL1,RALGPS2,0
ASCL1,RANBP3L,0
ASCL1,RANBP9,0
ASCL1,RANGRF,0
ASCL1,RAP1A,0
ASCL1,RAP1GAP,0
ASCL1,RAP1GAP2,0
ASCL1,RAPGEF1,0
ASCL1,RAPGEF4,0
ASCL1,RAPGEF5,0
ASCL1,RAPH1,0
ASCL1,RARS,0
ASCL1,RASA2,0
ASCL1,RASAL1,0
ASCL1,RASD1,0
ASCL1,RASD2,0
ASCL1,RASGEF1A,0
ASCL1,RASGRF1,0
ASCL1,RASGRP1,0
ASCL1,RASGRP3,0
ASCL1,RASL11A,0
ASCL1,RASSF10,0
ASCL1,RASSF5,0
ASCL1,RASSF8,0
ASCL1,RAVER1,0
ASCL1,RAVER2,0
ASCL1,RAX,0
ASCL1,RB1,0
ASCL1,RB1CC1,0
ASCL1,RBBP8,0
ASCL1,RBFOX2,0
ASCL1,RBFOX3,0
ASCL1,RBM19,0
ASCL1,RBM20,0
ASCL1,RBM33,0
ASCL1,RBM34,0
ASCL1,RBM38,0
ASCL1,RBM44,0
ASCL1,RBP1,0
ASCL1,RBPJ,0
ASCL1,RBPMS,0
ASCL1,REEP1,0
ASCL1,RENBP,0
ASCL1,REPIN1,0
ASCL1,RERE,0
ASCL1,RERG,0
ASCL1,RET,0
ASCL1,REV1,0
ASCL1,REV3L,0
ASCL1,RFC5,0
ASCL1,RFWD2,0
ASCL1,RFX7,0
ASCL1,RFXAP,0
ASCL1,RGL1,0
ASCL1,RGMA,0
ASCL1,RGNEF,0
ASCL1,RGS11,0
ASCL1,RGS13,0
ASCL1,RGS17,0
ASCL1,RGS2,0
ASCL1,RGS3,0
ASCL1,RGS6,0
ASCL1,RGS7,0
ASCL1,RGS8,0
ASCL1,RGS9,0
ASCL1,RHBDD3,0
ASCL1,RHBDL2,0
ASCL1,RHBG,0
ASCL1,RHEB,0
ASCL1,RHO,0
ASCL1,RHOB,0
ASCL1,RHOBTB3,0
ASCL1,RIMBP3,0
ASCL1,RIMKLA,0
ASCL1,RIMS3,0
ASCL1,RIN3,0
ASCL1,RIOK1,0
ASCL1,RIOK3,0
ASCL1,RLBP1,0
ASCL1,RNASEH2B,0
ASCL1,RNF112,0
ASCL1,RNF130,0
ASCL1,RNF141,0
ASCL1,RNF144A,0
ASCL1,RNF144B,0
ASCL1,RNF152,0
ASCL1,RNF157,0
ASCL1,RNF208,0
ASCL1,RNF215,0
ASCL1,RNF220,0
ASCL1,RNF32,0
ASCL1,RNF38,0
ASCL1,RNF4,0
ASCL1,RNF7,0
ASCL1,RNF8,0
ASCL1,RNFT1,0
ASCL1,RNGTT,0
ASCL1,RNMTL1,0
ASCL1,RNPS1,0
ASCL1,ROBO1,0
ASCL1,ROCK1,0
ASCL1,ROD1,0
ASCL1,ROPN1,0
ASCL1,ROPN1L,0
ASCL1,RORA,0
ASCL1,RPA1,0
ASCL1,RPAP2,0
ASCL1,RPAP3,0
ASCL1,RPE,0
ASCL1,RPH3AL,0
ASCL1,RPIA,0
ASCL1,RPL10L,0
ASCL1,RPL11,0
ASCL1,RPL27A,0
ASCL1,RPL31,0
ASCL1,RPL32,0
ASCL1,RPL38,0
ASCL1,RPLP1,0
ASCL1,RPN1,0
ASCL1,RPP40,0
ASCL1,RPRD1B,0
ASCL1,RPS14,0
ASCL1,RPS19BP1,0
ASCL1,RPS24,0
ASCL1,RPS27L,0
ASCL1,RPS6KA1,0
ASCL1,RPS6KA2,0
ASCL1,RPS6KA4,0
ASCL1,RPS6KC1,0
ASCL1,RPTOR,0
ASCL1,RRAGC,0
ASCL1,RRAS2,0
ASCL1,RREB1,0
ASCL1,RRM2,0
ASCL1,RRP1B,0
ASCL1,RSL24D1,0
ASCL1,RSPO4,0
ASCL1,RTL1,0
ASCL1,RTN1,0
ASCL1,RTN4RL1,0
ASCL1,RUNX1,0
ASCL1,RUNX1T1,0
ASCL1,RUNX3,0
ASCL1,RYBP,0
ASCL1,RYR2,0
ASCL1,S100A16,0
ASCL1,S100A6,0
ASCL1,S100A7A,0
ASCL1,S100B,0
ASCL1,S100G,0
ASCL1,SALL3,0
ASCL1,SAMD8,0
ASCL1,SAP30L,0
ASCL1,SATB1,0
ASCL1,SBK1,0
ASCL1,SCAF11,0
ASCL1,SCG2,0
ASCL1,SCG3,0
ASCL1,SCGB1A1,0
ASCL1,SCGN,0
ASCL1,SCLT1,0
ASCL1,SCML4,0
ASCL1,SCN3B,0
ASCL1,SCN4B,0
ASCL1,SCN5A,0
ASCL1,SCUBE1,0
ASCL1,SCYL1,0
ASCL1,SDC1,0
ASCL1,SDC3,0
ASCL1,SDC4,0
ASCL1,SDHAF1,0
ASCL1,SDK1,0
ASCL1,SDK2,0
ASCL1,SDPR,0
ASCL1,SDR42E1,0
ASCL1,SEC11A,0
ASCL1,SEC14L1,0
ASCL1,SEC14L5,0
ASCL1,SEC16B,0
ASCL1,SEC22B,0
ASCL1,SEC22C,0
ASCL1,SEC23A,0
ASCL1,SEC23IP,0
ASCL1,SEL1L,0
ASCL1,SELE,0
ASCL1,SEMA3E,0
ASCL1,SEMA3F,0
ASCL1,SEMA4A,0
ASCL1,SEMA4B,0
ASCL1,SEMA4C,0
ASCL1,SEMA6B,0
ASCL1,2016-09-15 00:00:00,0
ASCL1,SEPN1,0
ASCL1,2016-09-07 00:00:00,0
ASCL1,2016-09-09 00:00:00,0
ASCL1,SEPW1,0
ASCL1,SEPX1,0
ASCL1,SERGEF,0
ASCL1,SERINC1,0
ASCL1,SERP2,0
ASCL1,SERPINA1F,0
ASCL1,SERPINA6,0
ASCL1,SERPINH1,0
ASCL1,SERTAD1,0
ASCL1,SERTAD2,0
ASCL1,SETBP1,0
ASCL1,SETD3,0
ASCL1,SETD4,0
ASCL1,SEZ6L,0
ASCL1,SFRP5,0
ASCL1,SFT2D2,0
ASCL1,SFTPC,0
ASCL1,SFXN1,0
ASCL1,SGCD,0
ASCL1,SGCZ,0
ASCL1,SGIP1,0
ASCL1,SGK1,0
ASCL1,SGMS1,0
ASCL1,SGMS2,0
ASCL1,SGSM1,0
ASCL1,SH2D1A,0
ASCL1,SH2D2A,0
ASCL1,SH2D4A,0
ASCL1,SH2D4B,0
ASCL1,SH2D5,0
ASCL1,SH2D7,0
ASCL1,SH3BGRL3,0
ASCL1,SH3GLB1,0
ASCL1,SH3PXD2A,0
ASCL1,SH3RF1,0
ASCL1,SH3RF2,0
ASCL1,SH3TC1,0
ASCL1,SH3YL1,0
ASCL1,SHB,0
ASCL1,SHE,0
ASCL1,SHFM1,0
ASCL1,SHH,0
ASCL1,SHISA2,0
ASCL1,SHISA6,0
ASCL1,SHISA9,0
ASCL1,SHOX2,0
ASCL1,SHQ1,0
ASCL1,SHROOM3,0
ASCL1,SIDT1,0
ASCL1,SIK1,0
ASCL1,SIK3,0
ASCL1,SIL1,0
ASCL1,SIPA1L1,0
ASCL1,SIPA1L2,0
ASCL1,SIPA1L3,0
ASCL1,SIVA1,0
ASCL1,SIX1,0
ASCL1,SIX6,0
ASCL1,SKAP1,0
ASCL1,SKOR2,0
ASCL1,SLC10A4,0
ASCL1,SLC12A2,0
ASCL1,SLC12A3,0
ASCL1,SLC12A4,0
ASCL1,SLC12A7,0
ASCL1,SLC12A8,0
ASCL1,SLC13A1,0
ASCL1,SLC13A2,0
ASCL1,SLC13A3,0
ASCL1,SLC13A5,0
ASCL1,SLC14A2,0
ASCL1,SLC15A1,0
ASCL1,SLC15A4,0
ASCL1,SLC15A5,0
ASCL1,SLC16A12,0
ASCL1,SLC16A6,0
ASCL1,SLC16A8,0
ASCL1,SLC16A9,0
ASCL1,SLC18A3,0
ASCL1,SLC19A1,0
ASCL1,SLC19A3,0
ASCL1,SLC1A2,0
ASCL1,SLC1A3,0
ASCL1,SLC1A4,0
ASCL1,SLC1A5,0
ASCL1,SLC1A7,0
ASCL1,SLC22A1,0
ASCL1,SLC22A12,0
ASCL1,SLC22A15,0
ASCL1,SLC22A20,0
ASCL1,SLC23A2,0
ASCL1,SLC24A2,0
ASCL1,SLC24A3,0
ASCL1,SLC24A6,0
ASCL1,SLC25A1,0
ASCL1,SLC25A13,0
ASCL1,SLC25A26,0
ASCL1,SLC25A33,0
ASCL1,SLC25A36,0
ASCL1,SLC25A37,0
ASCL1,SLC25A39,0
ASCL1,SLC25A42,0
ASCL1,SLC25A47,0
ASCL1,SLC25A48,0
ASCL1,SLC26A7,0
ASCL1,SLC27A2,0
ASCL1,SLC28A3,0
ASCL1,SLC29A3,0
ASCL1,SLC2A10,0
ASCL1,SLC2A9,0
ASCL1,SLC30A3,0
ASCL1,SLC30A6,0
ASCL1,SLC30A8,0
ASCL1,SLC31A2,0
ASCL1,SLC35A3,0
ASCL1,SLC35B1,0
ASCL1,SLC35B2,0
ASCL1,SLC35C2,0
ASCL1,SLC35D3,0
ASCL1,SLC35F3,0
ASCL1,SLC35F5,0
ASCL1,SLC36A1,0
ASCL1,SLC36A4,0
ASCL1,SLC37A1,0
ASCL1,SLC37A3,0
ASCL1,SLC38A1,0
ASCL1,SLC38A11,0
ASCL1,SLC38A9,0
ASCL1,SLC39A11,0
ASCL1,SLC39A14,0
ASCL1,SLC39A2,0
ASCL1,SLC41A2,0
ASCL1,SLC41A3,0
ASCL1,SLC43A1,0
ASCL1,SLC44A1,0
ASCL1,SLC44A2,0
ASCL1,SLC44A3,0
ASCL1,SLC45A1,0
ASCL1,SLC45A4,0
ASCL1,SLC46A2,0
ASCL1,SLC47A1,0
ASCL1,SLC48A1,0
ASCL1,SLC4A1,0
ASCL1,SLC4A10,0
ASCL1,SLC4A3,0
ASCL1,SLC5A10,0
ASCL1,SLC5A6,0
ASCL1,SLC6A5,0
ASCL1,SLC6A6,0
ASCL1,SLC6A7,0
ASCL1,SLC6A9,0
ASCL1,SLC7A1,0
ASCL1,SLC7A10,0
ASCL1,SLC7A11,0
ASCL1,SLC7A14,0
ASCL1,SLC7A15,0
ASCL1,SLC7A5,0
ASCL1,SLC8A1,0
ASCL1,SLC8A3,0
ASCL1,SLC9A9,0
ASCL1,SLCO3A1,0
ASCL1,SLCO4A1,0
ASCL1,SLCO4C1,0
ASCL1,SLCO6B1,0
ASCL1,SLIT1,0
ASCL1,SLITRK1,0
ASCL1,SLK,0
ASCL1,SLURP1,0
ASCL1,SMAD1,0
ASCL1,SMAD2,0
ASCL1,SMAD3,0
ASCL1,SMAD5,0
ASCL1,SMAD7,0
ASCL1,SMAD9,0
ASCL1,SMAP2,0
ASCL1,SMARCA5,0
ASCL1,SMARCB1,0
ASCL1,SMC1A,0
ASCL1,SMEK1,0
ASCL1,SMG1,0
ASCL1,SMNDC1,0
ASCL1,SMOC1,0
ASCL1,SMOC2,0
ASCL1,SMPD2,0
ASCL1,SMPD3,0
ASCL1,SMYD2,0
ASCL1,SNAI1,0
ASCL1,SNAI2,0
ASCL1,SNAP25,0
ASCL1,SNAP91,0
ASCL1,SNCA,0
ASCL1,SND1,0
ASCL1,SNRK,0
ASCL1,SNRPA1,0
ASCL1,SNTA1,0
ASCL1,SNTB1,0
ASCL1,SNTG2,0
ASCL1,SNTN,0
ASCL1,SNX1,0
ASCL1,SNX11,0
ASCL1,SNX14,0
ASCL1,SNX18,0
ASCL1,SNX20,0
ASCL1,SNX22,0
ASCL1,SNX27,0
ASCL1,SNX29,0
ASCL1,SNX30,0
ASCL1,SNX32,0
ASCL1,SNX33,0
ASCL1,SNX4,0
ASCL1,SNX6,0
ASCL1,SNX8,0
ASCL1,SNX9,0
ASCL1,SOAT1,0
ASCL1,SOBP,0
ASCL1,SOCS1,0
ASCL1,SOCS2,0
ASCL1,SOCS3,0
ASCL1,SOCS5,0
ASCL1,SOCS7,0
ASCL1,SOD1,0
ASCL1,SOD3,0
ASCL1,SOHLH1,0
ASCL1,SORBS1,0
ASCL1,SORBS2,0
ASCL1,SORCS1,0
ASCL1,SORCS2,0
ASCL1,SORD,0
ASCL1,SOWAHB,0
ASCL1,SOX1,0
ASCL1,SOX11,0
ASCL1,SOX2,0
ASCL1,SOX21,0
ASCL1,SOX4,0
ASCL1,SOX5,0
ASCL1,SOX6,0
ASCL1,SOX9,0
ASCL1,SP100,0
ASCL1,SP3,0
ASCL1,SP5,0
ASCL1,SPACA4,0
ASCL1,SPACA7,0
ASCL1,SPAG17,0
ASCL1,SPAST,0
ASCL1,SPATA18,0
ASCL1,SPATA19,0
ASCL1,SPATA21,0
ASCL1,SPATA4,0
ASCL1,SPATS1,0
ASCL1,SPATS2,0
ASCL1,SPC24,0
ASCL1,SPCS2,0
ASCL1,SPDEF,0
ASCL1,SPECC1L,0
ASCL1,SPEER2,0
ASCL1,SPEER4B,0
ASCL1,SPEER4D,0
ASCL1,SPEG,0
ASCL1,SPEN,0
ASCL1,SPESP1,0
ASCL1,SPHK1,0
ASCL1,SPINT2,0
ASCL1,SPIRE2,0
ASCL1,SPNB1,0
ASCL1,SPOCK1,0
ASCL1,SPON1,0
ASCL1,SPRED2,0
ASCL1,SPSB1,0
ASCL1,SPTLC3,0
ASCL1,SQLE,0
ASCL1,SQRDL,0
ASCL1,SRCRB4D,0
ASCL1,SRD5A2,0
ASCL1,SREBF1,0
ASCL1,SREBF2,0
ASCL1,SRF,0
ASCL1,SRGAP1,0
ASCL1,SRGAP3,0
ASCL1,SRL,0
ASCL1,SRP9,0
ASCL1,SRPRB,0
ASCL1,SRRM4,0
ASCL1,SRSF12,0
ASCL1,SSBP3,0
ASCL1,SSPN,0
ASCL1,SSTR1,0
ASCL1,SSTR2,0
ASCL1,SSTR5,0
ASCL1,SSX2IP,0
ASCL1,ST14,0
ASCL1,ST18,0
ASCL1,ST3GAL5,0
ASCL1,ST5,0
ASCL1,ST6GALNAC1,0
ASCL1,ST8SIA1,0
ASCL1,ST8SIA2,0
ASCL1,ST8SIA3,0
ASCL1,ST8SIA4,0
ASCL1,STAB2,0
ASCL1,STAC,0
ASCL1,STAM2,0
ASCL1,STAT3,0
ASCL1,STAT4,0
ASCL1,STAT5A,0
ASCL1,STC1,0
ASCL1,STC2,0
ASCL1,STFA3,0
ASCL1,STK11,0
ASCL1,STK11IP,0
ASCL1,STK24,0
ASCL1,STK25,0
ASCL1,STK31,0
ASCL1,STK33,0
ASCL1,STK40,0
ASCL1,STOML3,0
ASCL1,STON1,0
ASCL1,STOX1,0
ASCL1,STRC,0
ASCL1,STRN3,0
ASCL1,STT3B,0
ASCL1,STX6,0
ASCL1,STX8,0
ASCL1,STXBP1,0
ASCL1,STXBP6,0
ASCL1,SUCLG2,0
ASCL1,SUCNR1,0
ASCL1,SUGP1,0
ASCL1,SULF2,0
ASCL1,SULT4A1,0
ASCL1,SUN1,0
ASCL1,SUN2,0
ASCL1,SUN3,0
ASCL1,SUSD1,0
ASCL1,SUSD2,0
ASCL1,SV2B,0
ASCL1,SVIL,0
ASCL1,SYCE1L,0
ASCL1,SYCP3,0
ASCL1,SYF2,0
ASCL1,SYK,0
ASCL1,SYNE1,0
ASCL1,SYNJ2,0
ASCL1,SYNM,0
ASCL1,SYNPO,0
ASCL1,SYNPO2,0
ASCL1,SYPL,0
ASCL1,SYT1,0
ASCL1,SYT13,0
ASCL1,SYT14,0
ASCL1,SYT16,0
ASCL1,SYT17,0
ASCL1,SYT2,0
ASCL1,SYT7,0
ASCL1,SYT9,0
ASCL1,TAB1,0
ASCL1,TAB2,0
ASCL1,TAC2,0
ASCL1,TACR2,0
ASCL1,TAF1B,0
ASCL1,TAF2,0
ASCL1,TAF4A,0
ASCL1,TAF5L,0
ASCL1,TAF7,0
ASCL1,TAF8,0
ASCL1,TALDO1,0
ASCL1,TAPT1,0
ASCL1,TARS,0
ASCL1,TAS1R2,0
ASCL1,TAS2R118,0
ASCL1,TATDN2,0
ASCL1,TBATA,0
ASCL1,TBC1D1,0
ASCL1,TBC1D10A,0
ASCL1,TBC1D16,0
ASCL1,TBC1D22A,0
ASCL1,TBC1D22B,0
ASCL1,TBC1D30,0
ASCL1,TBC1D7,0
ASCL1,TBC1D8,0
ASCL1,TBC1D9B,0
ASCL1,TBX1,0
ASCL1,TBX15,0
ASCL1,TBX18,0
ASCL1,TBX19,0
ASCL1,TBX2,0
ASCL1,TBX20,0
ASCL1,TBX3,0
ASCL1,TCERG1L,0
ASCL1,TCF12,0
ASCL1,TCF25,0
ASCL1,TCF4,0
ASCL1,TCL1,0
ASCL1,TCP10A,0
ASCL1,TCP11,0
ASCL1,TCTEX1D1,0
ASCL1,TCTEX1D4,0
ASCL1,TDH,0
ASCL1,TEAD1,0
ASCL1,TECR,0
ASCL1,TEF,0
ASCL1,TEK,0
ASCL1,TEKT4,0
ASCL1,TEKT5,0
ASCL1,TET2,0
ASCL1,TET3,0
ASCL1,TEX2,0
ASCL1,TFAP2B,0
ASCL1,TFAP2C,0
ASCL1,TFAP2E,0
ASCL1,TFAP4,0
ASCL1,TFCP2L1,0
ASCL1,TFDP1,0
ASCL1,TFDP2,0
ASCL1,TFF3,0
ASCL1,TFRC,0
ASCL1,TGFA,0
ASCL1,TGFB2,0
ASCL1,TGFB3,0
ASCL1,TGFBR1,0
ASCL1,TGFBR3,0
ASCL1,TGIF1,0
ASCL1,TGM2,0
ASCL1,TGM5,0
ASCL1,TGM7,0
ASCL1,TH1L,0
ASCL1,THA1,0
ASCL1,THAP1,0
ASCL1,THBS1,0
ASCL1,THBS2,0
ASCL1,THEMIS,0
ASCL1,THOC3,0
ASCL1,THOC7,0
ASCL1,THPO,0
ASCL1,THRA,0
ASCL1,THRB,0
ASCL1,THSD4,0
ASCL1,THSD7A,0
ASCL1,THTPA,0
ASCL1,THUMPD2,0
ASCL1,TIAM1,0
ASCL1,TIGD4,0
ASCL1,TIMD4,0
ASCL1,TIMM13,0
ASCL1,TIMM8A2,0
ASCL1,TIMP2,0
ASCL1,TIMP3,0
ASCL1,TINAG,0
ASCL1,TJP2,0
ASCL1,TKT,0
ASCL1,TLE1,0
ASCL1,TLE3,0
ASCL1,TLE4,0
ASCL1,TLK1,0
ASCL1,TLN2,0
ASCL1,TLR4,0
ASCL1,TM2D3,0
ASCL1,TM4SF19,0
ASCL1,TM6SF1,0
ASCL1,TM6SF2,0
ASCL1,TM7SF2,0
ASCL1,TM9SF3,0
ASCL1,TM9SF4,0
ASCL1,TMC1,0
ASCL1,TMC6,0
ASCL1,TMCC2,0
ASCL1,TMCC3,0
ASCL1,TMCO1,0
ASCL1,TMCO5,0
ASCL1,TMCO5B,0
ASCL1,TMCO7,0
ASCL1,TMEFF1,0
ASCL1,TMEFF2,0
ASCL1,TMEM106B,0
ASCL1,TMEM110,0
ASCL1,TMEM115,0
ASCL1,TMEM116,0
ASCL1,TMEM117,0
ASCL1,TMEM131,0
ASCL1,TMEM132C,0
ASCL1,TMEM132D,0
ASCL1,TMEM132E,0
ASCL1,TMEM140,0
ASCL1,TMEM143,0
ASCL1,TMEM154,0
ASCL1,TMEM158,0
ASCL1,TMEM161A,0
ASCL1,TMEM163,0
ASCL1,TMEM164,0
ASCL1,TMEM167,0
ASCL1,TMEM17,0
ASCL1,TMEM170B,0
ASCL1,TMEM171,0
ASCL1,TMEM173,0
ASCL1,TMEM174,0
ASCL1,TMEM181A,0
ASCL1,TMEM184A,0
ASCL1,TMEM191C,0
ASCL1,TMEM200A,0
ASCL1,TMEM201,0
ASCL1,TMEM211,0
ASCL1,TMEM212,0
ASCL1,TMEM229A,0
ASCL1,TMEM229B,0
ASCL1,TMEM231,0
ASCL1,TMEM232,0
ASCL1,TMEM44,0
ASCL1,TMEM45B,0
ASCL1,TMEM48,0
ASCL1,TMEM53,0
ASCL1,TMEM57,0
ASCL1,TMEM64,0
ASCL1,TMEM66,0
ASCL1,TMEM80,0
ASCL1,TMPO,0
ASCL1,TMPRSS13,0
ASCL1,TMPRSS15,0
ASCL1,TMPRSS6,0
ASCL1,TMSB4X,0
ASCL1,TMTC2,0
ASCL1,TMTC4,0
ASCL1,TMX1,0
ASCL1,TNFAIP8,0
ASCL1,TNFAIP8L1,0
ASCL1,TNFRSF18,0
ASCL1,TNFRSF19,0
ASCL1,TNFRSF21,0
ASCL1,TNFRSF25,0
ASCL1,TNFSF10,0
ASCL1,TNIK,0
ASCL1,TNK2,0
ASCL1,TNKS,0
ASCL1,TNNI3K,0
ASCL1,TNP1,0
ASCL1,TNR,0
ASCL1,TNRC18,0
ASCL1,TNRC6B,0
ASCL1,TNRC6C,0
ASCL1,TNS1,0
ASCL1,TNS3,0
ASCL1,TOB2,0
ASCL1,TOLLIP,0
ASCL1,TOM1L2,0
ASCL1,TOMM20,0
ASCL1,TOMM34,0
ASCL1,TOMM5,0
ASCL1,TOX,0
ASCL1,TOX2,0
ASCL1,TOX3,0
ASCL1,TPCN1,0
ASCL1,TPCN2,0
ASCL1,TPD52,0
ASCL1,TPM1,0
ASCL1,TPO,0
ASCL1,TPRA1,0
ASCL1,TPRG,0
ASCL1,TRABD,0
ASCL1,TRAF3IP2,0
ASCL1,TRAF3IP3,0
ASCL1,TRAF4,0
ASCL1,TRAF6,0
ASCL1,TRAF7,0
ASCL1,TRAK1,0
ASCL1,TRAM1,0
ASCL1,TRAM2,0
ASCL1,TRAPPC8,0
ASCL1,TRH,0
ASCL1,TRIB1,0
ASCL1,TRIB2,0
ASCL1,TRIL,0
ASCL1,TRIM11,0
ASCL1,TRIM14,0
ASCL1,TRIM2,0
ASCL1,TRIM28,0
ASCL1,TRIM29,0
ASCL1,TRIM3,0
ASCL1,TRIM32,0
ASCL1,TRIM42,0
ASCL1,TRIM46,0
ASCL1,TRIM55,0
ASCL1,TRIM61,0
ASCL1,TRIM67,0
ASCL1,TRIM71,0
ASCL1,TRIM8,0
ASCL1,TRIML1,0
ASCL1,TRIO,0
ASCL1,TRIT1,0
ASCL1,TRMT5,0
ASCL1,TRMT61A,0
ASCL1,TRMU,0
ASCL1,TROVE2,0
ASCL1,TRP53BP1,0
ASCL1,TRP53BP2,0
ASCL1,TRP53I11,0
ASCL1,TRP53I13,0
ASCL1,TRP63,0
ASCL1,TRP73,0
ASCL1,TRPA1,0
ASCL1,TRPC7,0
ASCL1,TRPM1,0
ASCL1,TRPS1,0
ASCL1,TRPV6,0
ASCL1,TSC2,0
ASCL1,TSEN15,0
ASCL1,TSGA14,0
ASCL1,TSHZ1,0
ASCL1,TSHZ2,0
ASCL1,TSHZ3,0
ASCL1,TSNAX,0
ASCL1,TSPAN14,0
ASCL1,TSPAN15,0
ASCL1,TSPAN17,0
ASCL1,TSPAN18,0
ASCL1,TSPAN2,0
ASCL1,TSPAN3,0
ASCL1,TSPAN5,0
ASCL1,TSR2,0
ASCL1,TSSC1,0
ASCL1,TSX,0
ASCL1,TTC14,0
ASCL1,TTC21A,0
ASCL1,TTC28,0
ASCL1,TTC29,0
ASCL1,TTC34,0
ASCL1,TTC39A,0
ASCL1,TTC7,0
ASCL1,TTC7B,0
ASCL1,TTC8,0
ASCL1,TTLL10,0
ASCL1,TTLL5,0
ASCL1,TTLL7,0
ASCL1,TTPA,0
ASCL1,TTYH3,0
ASCL1,TUBA3A,0
ASCL1,TUBA3B,0
ASCL1,TUBB6,0
ASCL1,TUBE1,0
ASCL1,TUBG1,0
ASCL1,TUBGCP3,0
ASCL1,TUBGCP4,0
ASCL1,TULP1,0
ASCL1,TULP4,0
ASCL1,TWIST1,0
ASCL1,TWSG1,0
ASCL1,TXN2,0
ASCL1,TXNIP,0
ASCL1,TYK2,0
ASCL1,TYW3,0
ASCL1,UACA,0
ASCL1,UAP1L1,0
ASCL1,UBA5,0
ASCL1,UBAC1,0
ASCL1,UBE2D1,0
ASCL1,UBE2D2,0
ASCL1,UBE2E3,0
ASCL1,UBE2G2,0
ASCL1,UBE2K,0
ASCL1,UBE2V1,0
ASCL1,UBE2V2,0
ASCL1,UBE3B,0
ASCL1,UBE4B,0
ASCL1,UBIAD1,0
ASCL1,UBL7,0
ASCL1,UBN2,0
ASCL1,UBR3,0
ASCL1,UBR4,0
ASCL1,UBXN10,0
ASCL1,UBXN11,0
ASCL1,UBXN2B,0
ASCL1,UBXN7,0
ASCL1,UCHL4,0
ASCL1,UCHL5,0
ASCL1,UCK2,0
ASCL1,UCKL1,0
ASCL1,UCP3,0
ASCL1,UFM1,0
ASCL1,UGGT1,0
ASCL1,UIMC1,0
ASCL1,UMPS,0
ASCL1,UNC13C,0
ASCL1,UNC5A,0
ASCL1,UNC5B,0
ASCL1,UNC5C,0
ASCL1,UNC5CL,0
ASCL1,UNC93B1,0
ASCL1,UPB1,0
ASCL1,UPK3A,0
ASCL1,UPP1,0
ASCL1,UPP2,0
ASCL1,UQCR10,0
ASCL1,URB2,0
ASCL1,UROD,0
ASCL1,USP15,0
ASCL1,USP2,0
ASCL1,USP24,0
ASCL1,USP3,0
ASCL1,USP31,0
ASCL1,USP32,0
ASCL1,USP44,0
ASCL1,USP46,0
ASCL1,USP48,0
ASCL1,USP49,0
ASCL1,USP6NL,0
ASCL1,UST,0
ASCL1,UTP14B,0
ASCL1,UTP18,0
ASCL1,UTP20,0
ASCL1,UTP23,0
ASCL1,UTP6,0
ASCL1,UTRN,0
ASCL1,VAC14,0
ASCL1,VAMP3,0
ASCL1,VANGL1,0
ASCL1,VAT1L,0
ASCL1,VAV3,0
ASCL1,VCAM1,0
ASCL1,VCAN,0
ASCL1,VDAC2,0
ASCL1,VEGFA,0
ASCL1,VEPH1,0
ASCL1,VGLL3,0
ASCL1,VGLL4,0
ASCL1,VIL1,0
ASCL1,VIPR1,0
ASCL1,VMN1R229,0
ASCL1,VMN1R230,0
ASCL1,VPS13A,0
ASCL1,VPS13B,0
ASCL1,VPS13D,0
ASCL1,VPS18,0
ASCL1,VPS53,0
ASCL1,VPS8,0
ASCL1,VWA5B1,0
ASCL1,VWCE,0
ASCL1,VWF,0
ASCL1,WARS,0
ASCL1,WARS2,0
ASCL1,WASF2,0
ASCL1,WBP1,0
ASCL1,WBSCR16,0
ASCL1,WDFY2,0
ASCL1,WDFY3,0
ASCL1,WDR11,0
ASCL1,WDR17,0
ASCL1,WDR24,0
ASCL1,WDR37,0
ASCL1,WDR38,0
ASCL1,WDR4,0
ASCL1,WDR41,0
ASCL1,WDR72,0
ASCL1,WDR76,0
ASCL1,WDSUB1,0
ASCL1,WDYHV1,0
ASCL1,WFDC10,0
ASCL1,WFDC11,0
ASCL1,WFDC2,0
ASCL1,WFIKKN1,0
ASCL1,WHRN,0
ASCL1,WIPI1,0
ASCL1,WISP3,0
ASCL1,WLS,0
ASCL1,WNK2,0
ASCL1,WNT16,0
ASCL1,WNT3,0
ASCL1,WNT4,0
ASCL1,WNT5A,0
ASCL1,WNT6,0
ASCL1,WNT7A,0
ASCL1,WNT7B,0
ASCL1,WNT9A,0
ASCL1,WSB2,0
ASCL1,WSCD1,0
ASCL1,WSCD2,0
ASCL1,WWC1,0
ASCL1,XBP1,0
ASCL1,XKR6,0
ASCL1,XKR9,0
ASCL1,XPNPEP1,0
ASCL1,XPNPEP2,0
ASCL1,XRCC3,0
ASCL1,XRCC4,0
ASCL1,XRCC6BP1,0
ASCL1,XYLT1,0
ASCL1,YAP1,0
ASCL1,YES1,0
ASCL1,YIPF5,0
ASCL1,YME1L1,0
ASCL1,YPEL2,0
ASCL1,YPEL5,0
ASCL1,YTHDF1,0
ASCL1,YWHAG,0
ASCL1,YWHAZ,0
ASCL1,ZADH2,0
ASCL1,ZAP70,0
ASCL1,ZAR1L,0
ASCL1,ZBED3,0
ASCL1,ZBP1,0
ASCL1,ZBTB10,0
ASCL1,ZBTB17,0
ASCL1,ZBTB38,0
ASCL1,ZBTB40,0
ASCL1,ZBTB43,0
ASCL1,ZBTB44,0
ASCL1,ZBTB7C,0
ASCL1,ZC3H12C,0
ASCL1,ZC3H3,0
ASCL1,ZC3HAV1,0
ASCL1,ZC3HAV1L,0
ASCL1,ZCCHC13,0
ASCL1,ZCCHC24,0
ASCL1,ZCCHC8,0
ASCL1,ZDHHC14,0
ASCL1,ZDHHC19,0
ASCL1,ZDHHC20,0
ASCL1,ZDHHC21,0
ASCL1,ZDHHC22,0
ASCL1,ZDHHC23,0
ASCL1,ZDHHC25,0
ASCL1,ZFAND2A,0
ASCL1,ZFAND3,0
ASCL1,ZFAND5,0
ASCL1,ZFHX2,0
ASCL1,ZFHX3,0
ASCL1,ZFML,0
ASCL1,ZFP11,0
ASCL1,ZFP14,0
ASCL1,ZFP148,0
ASCL1,ZFP169,0
ASCL1,ZFP217,0
ASCL1,ZFP236,0
ASCL1,ZFP238,0
ASCL1,ZFP280B,0
ASCL1,ZFP341,0
ASCL1,ZFP354B,0
ASCL1,ZFP354C,0
ASCL1,ZFP366,0
ASCL1,ZFP367,0
ASCL1,ZFP36L1,0
ASCL1,ZFP37,0
ASCL1,ZFP407,0
ASCL1,ZFP42,0
ASCL1,ZFP423,0
ASCL1,ZFP445,0
ASCL1,ZFP462,0
ASCL1,ZFP474,0
ASCL1,ZFP507,0
ASCL1,ZFP516,0
ASCL1,ZFP518A,0
ASCL1,ZFP532,0
ASCL1,ZFP536,0
ASCL1,ZFP568,0
ASCL1,ZFP574,0
ASCL1,ZFP608,0
ASCL1,ZFP609,0
ASCL1,ZFP618,0
ASCL1,ZFP637,0
ASCL1,ZFP64,0
ASCL1,ZFP651,0
ASCL1,ZFP652,0
ASCL1,ZFP664,0
ASCL1,ZFP687,0
ASCL1,ZFP69,0
ASCL1,ZFP692,0
ASCL1,ZFP703,0
ASCL1,ZFP706,0
ASCL1,ZFP710,0
ASCL1,ZFP746,0
ASCL1,ZFP768,0
ASCL1,ZFP787,0
ASCL1,ZFP827,0
ASCL1,ZFP90,0
ASCL1,ZFP930,0
ASCL1,ZFP957,0
ASCL1,ZFPM1,0
ASCL1,ZFYVE21,0
ASCL1,ZFYVE27,0
ASCL1,ZFYVE28,0
ASCL1,ZG16,0
ASCL1,ZHX2,0
ASCL1,ZIC3,0
ASCL1,ZIC5,0
ASCL1,ZKSCAN2,0
ASCL1,ZKSCAN6,0
ASCL1,ZMAT3,0
ASCL1,ZMAT4,0
ASCL1,ZMIZ1,0
ASCL1,ZMYND11,0
ASCL1,ZMYND8,0
ASCL1,ZNFX1,0
ASCL1,ZNHIT6,0
ASCL1,ZNRF1,0
ASCL1,ZNRF2,0
ASCL1,ZNRF3,0
ASCL1,ZPLD1,0
ASCL1,ZSCAN2,0
ASCL1,ZSWIM6,0
ASCL1,ZWINT,0
ASCL1,ZZEF1,0
ASCL1,A,0
