Generalist_NE,Generalist_nonNE,Arc_3,Arc_6,Arc_1,Arc_5,None,Start,Walk
200,0,223,0,0,0,1577,31138512896,1
240,0,0,0,0,0,1760,31138512896,2
310,0,205,111,0,0,1374,31138512896,3
330,78,207,12,0,0,1373,31138512896,4
60,119,371,0,0,0,1450,31138512896,5
440,0,21,0,0,0,1539,31138512896,6
207,0,74,0,0,0,1719,31138512896,7
207,0,229,165,0,0,1399,31138512896,8
167,1,158,0,0,0,1674,31138512896,9
34,0,0,0,0,0,1966,31138512896,10
153,0,203,159,0,0,1485,31138512896,11
183,0,70,0,0,0,1747,31138512896,12
159,0,272,0,0,0,1569,31138512896,13
37,0,209,0,0,0,1754,31138512896,14
309,0,123,112,0,0,1456,31138512896,15
200,49,304,18,0,0,1429,31138512896,16
109,0,28,505,0,0,1358,31138512896,17
78,0,79,7,0,0,1836,31138512896,18
89,0,531,12,0,0,1368,31138512896,19
185,0,668,0,0,0,1147,31138512896,20
22,0,304,0,0,0,1674,31138512896,21
401,0,0,0,0,0,1599,31138512896,22
203,382,68,0,0,0,1347,31138512896,23
210,0,538,61,0,0,1191,31138512896,24
97,293,578,283,0,0,749,31138512896,25
379,1,117,0,0,0,1503,31138512896,26
110,0,122,69,0,0,1699,31138512896,27
174,251,0,0,0,0,1575,31138512896,28
170,0,283,11,0,0,1536,31138512896,29
148,1,207,14,0,0,1630,31138512896,30
160,0,838,33,0,0,969,31138512896,31
369,0,423,0,0,0,1208,31138512896,32
148,0,561,0,0,0,1291,31138512896,33
129,0,0,0,0,0,1871,31138512896,34
34,0,0,0,0,0,1966,31138512896,35
195,0,102,0,0,0,1703,31138512896,36
152,0,390,47,0,0,1411,31138512896,37
104,515,866,87,0,0,428,31138512896,38
102,0,580,76,0,0,1242,31138512896,39
369,0,858,132,0,0,641,31138512896,40
55,95,290,38,0,0,1522,31138512896,41
336,0,46,0,0,0,1618,31138512896,42
199,0,334,0,0,0,1467,31138512896,43
133,234,147,68,0,0,1418,31138512896,44
110,0,54,0,0,0,1836,31138512896,45
128,0,270,0,0,0,1602,31138512896,46
81,104,141,49,0,0,1625,31138512896,47
259,0,176,553,0,0,1012,31138512896,48
290,0,169,0,0,0,1541,31138512896,49
103,0,272,3,0,0,1622,31138512896,50
290,194,0,0,0,0,1516,31138512896,51
95,0,0,0,0,0,1905,31138512896,52
193,158,768,0,0,0,881,31138512896,53
53,0,0,118,0,0,1829,31138512896,54
331,489,0,0,0,0,1180,31138512896,55
104,0,546,198,0,0,1152,31138512896,56
44,510,0,0,0,0,1446,31138512896,57
335,0,632,16,0,0,1017,31138512896,58
43,102,348,460,0,0,1047,31138512896,59
82,1,870,0,0,0,1047,31138512896,60
364,0,405,752,0,0,479,31138512896,61
410,0,801,0,0,0,789,31138512896,62
187,0,31,35,0,0,1747,31138512896,63
42,135,0,384,0,0,1439,31138512896,64
179,0,400,0,0,0,1421,31138512896,65
338,0,514,0,0,0,1148,31138512896,66
154,0,412,63,0,0,1371,31138512896,67
119,0,247,0,0,0,1634,31138512896,68
154,0,0,0,0,0,1846,31138512896,69
72,0,0,374,0,0,1554,31138512896,70
416,0,821,0,0,0,763,31138512896,71
498,0,226,0,0,0,1276,31138512896,72
125,341,0,0,0,0,1534,31138512896,73
95,68,502,61,0,0,1274,31138512896,74
135,36,554,85,0,0,1190,31138512896,75
98,0,235,0,0,0,1667,31138512896,76
120,0,150,0,0,0,1730,31138512896,77
436,0,478,0,0,0,1086,31138512896,78
53,28,0,0,0,0,1919,31138512896,79
110,551,199,0,0,0,1140,31138512896,80
239,160,245,0,0,0,1356,31138512896,81
256,70,811,85,0,0,778,31138512896,82
331,0,20,0,0,0,1649,31138512896,83
150,0,0,78,0,0,1772,31138512896,84
189,0,201,0,0,0,1610,31138512896,85
65,68,254,44,0,0,1569,31138512896,86
42,338,0,0,0,0,1620,31138512896,87
59,94,44,0,0,0,1803,31138512896,88
227,35,77,0,0,0,1661,31138512896,89
475,0,500,64,0,0,961,31138512896,90
145,0,134,62,0,0,1659,31138512896,91
182,0,231,0,0,0,1587,31138512896,92
53,0,62,173,0,0,1712,31138512896,93
134,0,217,4,0,0,1645,31138512896,94
249,0,76,0,0,0,1675,31138512896,95
135,0,161,289,0,0,1415,31138512896,96
46,0,758,39,0,0,1157,31138512896,97
184,0,0,0,0,0,1816,31138512896,98
121,249,17,195,0,0,1418,31138512896,99
345,0,250,0,0,0,1405,31138512896,100
84,0,210,323,0,0,1383,35215510601729,1
168,0,13,103,0,0,1716,35215510601729,2
22,166,0,0,0,0,1812,35215510601729,3
188,0,119,1,0,0,1692,35215510601729,4
83,0,15,0,0,0,1902,35215510601729,5
172,0,0,168,0,0,1660,35215510601729,6
216,0,197,0,0,0,1587,35215510601729,7
275,0,129,0,0,0,1596,35215510601729,8
248,50,92,0,0,0,1610,35215510601729,9
26,11,113,0,0,0,1850,35215510601729,10
174,0,655,194,0,0,977,35215510601729,11
89,223,101,0,0,0,1587,35215510601729,12
190,0,2,0,0,0,1808,35215510601729,13
121,0,56,0,0,0,1823,35215510601729,14
99,0,0,0,0,0,1901,35215510601729,15
74,0,474,0,0,0,1452,35215510601729,16
243,0,62,33,0,0,1662,35215510601729,17
123,0,94,714,0,0,1069,35215510601729,18
225,0,126,0,0,0,1649,35215510601729,19
221,0,407,0,0,0,1372,35215510601729,20
168,0,0,98,0,0,1734,35215510601729,21
17,0,0,377,0,0,1606,35215510601729,22
226,0,0,0,0,0,1774,35215510601729,23
235,0,62,192,0,0,1511,35215510601729,24
127,0,0,0,0,0,1873,35215510601729,25
51,40,0,0,0,0,1909,35215510601729,26
204,0,177,0,0,0,1619,35215510601729,27
123,0,0,9,0,0,1868,35215510601729,28
439,0,370,0,0,0,1191,35215510601729,29
67,0,91,0,0,0,1842,35215510601729,30
189,0,56,0,0,0,1755,35215510601729,31
102,0,59,0,0,0,1839,35215510601729,32
70,0,323,893,0,0,714,35215510601729,33
15,30,109,0,0,0,1846,35215510601729,34
71,0,2,153,0,0,1774,35215510601729,35
603,0,14,0,0,0,1383,35215510601729,36
82,266,83,0,0,0,1569,35215510601729,37
200,0,251,0,0,0,1549,35215510601729,38
158,596,176,0,0,0,1070,35215510601729,39
339,0,411,136,0,0,1114,35215510601729,40
196,0,86,0,0,0,1718,35215510601729,41
207,0,445,59,0,0,1289,35215510601729,42
313,0,0,0,0,0,1687,35215510601729,43
177,0,411,0,0,0,1412,35215510601729,44
202,7,0,0,0,0,1791,35215510601729,45
300,0,580,28,0,0,1092,35215510601729,46
27,0,280,376,0,0,1317,35215510601729,47
85,0,430,0,0,0,1485,35215510601729,48
143,0,349,0,0,0,1508,35215510601729,49
160,0,474,39,0,0,1327,35215510601729,50
139,63,0,0,0,0,1798,35215510601729,51
67,0,0,0,0,0,1933,35215510601729,52
158,0,0,0,0,0,1842,35215510601729,53
92,0,290,0,0,0,1618,35215510601729,54
39,0,0,390,0,0,1571,35215510601729,55
89,0,391,582,0,0,938,35215510601729,56
89,0,896,0,0,0,1015,35215510601729,57
128,0,66,28,0,0,1778,35215510601729,58
98,0,189,0,0,0,1713,35215510601729,59
242,0,362,0,0,0,1396,35215510601729,60
151,0,117,0,0,0,1732,35215510601729,61
91,275,0,0,0,0,1634,35215510601729,62
254,11,198,0,0,0,1537,35215510601729,63
125,0,0,98,0,0,1777,35215510601729,64
182,0,571,0,0,0,1247,35215510601729,65
94,0,10,198,0,0,1698,35215510601729,66
38,431,0,0,0,0,1531,35215510601729,67
112,20,1131,29,0,0,708,35215510601729,68
3,0,75,0,0,0,1922,35215510601729,69
76,0,80,253,0,0,1591,35215510601729,70
290,0,78,9,0,0,1623,35215510601729,71
382,0,517,0,0,0,1101,35215510601729,72
90,0,109,93,0,0,1708,35215510601729,73
127,0,112,157,0,0,1604,35215510601729,74
340,0,533,0,0,0,1127,35215510601729,75
100,10,520,0,0,0,1370,35215510601729,76
264,26,197,29,0,0,1484,35215510601729,77
148,37,7,0,0,0,1808,35215510601729,78
197,153,81,0,0,0,1569,35215510601729,79
116,0,92,18,0,0,1774,35215510601729,80
245,0,232,0,0,0,1523,35215510601729,81
212,0,66,0,0,0,1722,35215510601729,82
88,251,169,36,0,0,1456,35215510601729,83
194,0,47,25,0,0,1734,35215510601729,84
15,151,403,0,0,0,1431,35215510601729,85
212,0,156,190,0,0,1442,35215510601729,86
175,0,121,0,0,0,1704,35215510601729,87
195,0,918,0,0,0,887,35215510601729,88
28,0,548,188,0,0,1236,35215510601729,89
225,0,97,0,0,0,1678,35215510601729,90
112,0,69,0,0,0,1819,35215510601729,91
50,0,256,39,0,0,1655,35215510601729,92
256,29,490,8,0,0,1217,35215510601729,93
413,0,995,30,0,0,562,35215510601729,94
98,0,328,0,0,0,1574,35215510601729,95
179,0,0,117,0,0,1704,35215510601729,96
208,215,73,0,0,0,1504,35215510601729,97
421,0,170,278,0,0,1131,35215510601729,98
24,249,697,29,0,0,1001,35215510601729,99
300,25,303,33,0,0,1339,35215510601729,100
124,0,0,0,0,0,1876,14450400144316383,1
269,0,0,0,0,0,1731,14450400144316383,2
42,0,0,0,0,0,1958,14450400144316383,3
46,0,0,0,0,0,1954,14450400144316383,4
63,0,0,0,0,0,1937,14450400144316383,5
132,0,0,0,0,0,1868,14450400144316383,6
220,0,0,0,0,81,1699,14450400144316383,7
104,0,0,0,0,0,1896,14450400144316383,8
177,0,0,0,0,0,1823,14450400144316383,9
261,0,0,0,0,0,1739,14450400144316383,10
120,0,0,0,0,0,1880,14450400144316383,11
219,0,0,0,0,0,1781,14450400144316383,12
144,0,0,0,0,0,1856,14450400144316383,13
124,0,0,0,0,0,1876,14450400144316383,14
79,0,0,0,0,0,1921,14450400144316383,15
127,0,0,0,0,0,1873,14450400144316383,16
88,0,0,0,0,0,1912,14450400144316383,17
141,0,0,0,0,0,1859,14450400144316383,18
79,0,0,0,0,0,1921,14450400144316383,19
90,0,0,0,0,0,1910,14450400144316383,20
220,0,0,0,0,0,1780,14450400144316383,21
9,0,0,0,0,0,1991,14450400144316383,22
51,0,0,0,0,0,1949,14450400144316383,23
227,0,0,0,0,0,1773,14450400144316383,24
262,0,0,0,0,28,1710,14450400144316383,25
119,0,0,0,0,0,1881,14450400144316383,26
203,0,0,0,0,0,1797,14450400144316383,27
131,0,0,0,0,0,1869,14450400144316383,28
187,0,0,0,0,0,1813,14450400144316383,29
94,0,0,0,0,0,1906,14450400144316383,30
148,0,0,0,0,0,1852,14450400144316383,31
164,0,0,0,0,0,1836,14450400144316383,32
161,0,0,0,0,0,1839,14450400144316383,33
83,0,0,0,0,0,1917,14450400144316383,34
50,0,0,0,0,0,1950,14450400144316383,35
172,0,0,0,0,0,1828,14450400144316383,36
75,0,0,0,0,0,1925,14450400144316383,37
141,0,0,0,0,0,1859,14450400144316383,38
147,0,0,0,0,0,1853,14450400144316383,39
25,0,0,0,0,0,1975,14450400144316383,40
77,0,0,0,0,0,1923,14450400144316383,41
152,0,0,0,0,9,1839,14450400144316383,42
86,0,0,0,0,0,1914,14450400144316383,43
179,0,0,0,0,0,1821,14450400144316383,44
59,0,0,0,0,0,1941,14450400144316383,45
207,0,0,0,0,0,1793,14450400144316383,46
71,0,0,0,0,0,1929,14450400144316383,47
141,0,0,0,0,0,1859,14450400144316383,48
255,0,0,0,0,0,1745,14450400144316383,49
85,0,0,0,0,0,1915,14450400144316383,50
71,0,0,0,0,0,1929,14450400144316383,51
77,0,0,0,0,0,1923,14450400144316383,52
67,0,0,0,0,0,1933,14450400144316383,53
258,0,0,0,0,0,1742,14450400144316383,54
100,0,0,0,0,0,1900,14450400144316383,55
38,0,0,0,0,0,1962,14450400144316383,56
42,0,0,0,0,0,1958,14450400144316383,57
50,0,0,0,0,0,1950,14450400144316383,58
158,0,0,0,0,0,1842,14450400144316383,59
214,0,0,0,0,0,1786,14450400144316383,60
105,0,0,0,0,0,1895,14450400144316383,61
51,0,0,0,0,0,1949,14450400144316383,62
48,0,0,0,0,0,1952,14450400144316383,63
43,0,0,0,0,0,1957,14450400144316383,64
163,0,0,0,0,0,1837,14450400144316383,65
123,0,0,0,0,0,1877,14450400144316383,66
42,0,0,0,0,0,1958,14450400144316383,67
81,0,0,0,0,0,1919,14450400144316383,68
44,0,0,0,0,0,1956,14450400144316383,69
179,0,0,0,0,0,1821,14450400144316383,70
157,0,0,0,0,0,1843,14450400144316383,71
54,0,0,0,0,0,1946,14450400144316383,72
155,0,0,0,0,0,1845,14450400144316383,73
114,0,0,0,0,0,1886,14450400144316383,74
56,0,0,0,0,0,1944,14450400144316383,75
73,0,0,0,0,0,1927,14450400144316383,76
95,0,0,0,0,0,1905,14450400144316383,77
75,0,0,0,0,0,1925,14450400144316383,78
93,0,0,0,0,0,1907,14450400144316383,79
176,0,0,0,0,0,1824,14450400144316383,80
195,0,0,0,0,0,1805,14450400144316383,81
62,0,0,0,0,0,1938,14450400144316383,82
161,0,0,0,0,0,1839,14450400144316383,83
53,0,0,0,0,0,1947,14450400144316383,84
201,0,0,0,0,0,1799,14450400144316383,85
72,0,0,0,0,0,1928,14450400144316383,86
76,0,0,0,0,1,1923,14450400144316383,87
147,0,0,0,0,0,1853,14450400144316383,88
146,0,0,0,0,0,1854,14450400144316383,89
91,0,0,0,0,0,1909,14450400144316383,90
167,0,0,0,0,0,1833,14450400144316383,91
142,0,0,0,72,281,1505,14450400144316383,92
47,0,0,0,0,100,1853,14450400144316383,93
112,0,0,306,0,0,1582,14450400144316383,94
70,0,0,0,0,0,1930,14450400144316383,95
70,0,0,0,0,0,1930,14450400144316383,96
50,0,0,0,0,0,1950,14450400144316383,97
255,0,0,0,0,0,1745,14450400144316383,98
270,0,0,0,0,0,1730,14450400144316383,99
164,0,0,0,0,0,1836,14450400144316383,100
524,0,0,0,0,0,1476,14450400144318431,1
266,0,0,0,0,0,1734,14450400144318431,2
27,0,0,0,0,0,1973,14450400144318431,3
130,0,0,0,0,0,1870,14450400144318431,4
122,0,0,0,0,0,1878,14450400144318431,5
77,0,0,0,0,0,1923,14450400144318431,6
133,0,0,0,0,0,1867,14450400144318431,7
171,0,0,0,0,0,1829,14450400144318431,8
400,0,0,0,0,0,1600,14450400144318431,9
134,0,0,0,0,0,1866,14450400144318431,10
93,0,0,0,0,0,1907,14450400144318431,11
100,0,0,0,0,0,1900,14450400144318431,12
112,0,0,0,0,0,1888,14450400144318431,13
23,0,0,0,0,0,1977,14450400144318431,14
161,0,0,0,0,0,1839,14450400144318431,15
21,0,0,0,0,0,1979,14450400144318431,16
203,0,0,0,0,0,1797,14450400144318431,17
277,0,0,0,0,0,1723,14450400144318431,18
55,0,0,0,0,0,1945,14450400144318431,19
73,0,0,0,0,0,1927,14450400144318431,20
365,0,0,0,0,0,1635,14450400144318431,21
249,0,0,0,0,0,1751,14450400144318431,22
124,0,0,0,0,0,1876,14450400144318431,23
214,0,0,0,0,0,1786,14450400144318431,24
228,0,0,0,0,0,1772,14450400144318431,25
152,0,0,0,0,0,1848,14450400144318431,26
536,0,0,0,0,0,1464,14450400144318431,27
64,0,0,0,0,0,1936,14450400144318431,28
295,0,0,0,0,0,1705,14450400144318431,29
24,0,0,0,0,0,1976,14450400144318431,30
63,0,0,0,0,0,1937,14450400144318431,31
150,0,0,0,0,0,1850,14450400144318431,32
411,0,0,0,0,0,1589,14450400144318431,33
54,0,0,0,0,0,1946,14450400144318431,34
71,0,0,0,0,0,1929,14450400144318431,35
79,0,0,0,0,0,1921,14450400144318431,36
48,0,0,0,0,0,1952,14450400144318431,37
223,0,0,0,0,0,1777,14450400144318431,38
189,0,0,0,0,0,1811,14450400144318431,39
141,0,0,0,0,15,1844,14450400144318431,40
187,0,0,0,0,0,1813,14450400144318431,41
79,42,0,0,0,0,1879,14450400144318431,42
90,0,0,0,0,0,1910,14450400144318431,43
136,0,0,0,0,0,1864,14450400144318431,44
94,0,0,0,0,0,1906,14450400144318431,45
309,0,0,0,0,0,1691,14450400144318431,46
94,0,0,0,0,0,1906,14450400144318431,47
109,0,0,0,0,0,1891,14450400144318431,48
247,0,0,0,0,0,1753,14450400144318431,49
115,0,0,0,0,0,1885,14450400144318431,50
361,0,0,0,0,0,1639,14450400144318431,51
198,0,0,0,0,0,1802,14450400144318431,52
72,0,0,0,0,0,1928,14450400144318431,53
75,0,0,0,0,0,1925,14450400144318431,54
423,0,0,0,0,249,1328,14450400144318431,55
205,0,0,0,0,0,1795,14450400144318431,56
25,0,0,0,0,0,1975,14450400144318431,57
53,0,0,0,0,0,1947,14450400144318431,58
180,0,0,0,0,0,1820,14450400144318431,59
101,0,0,0,0,0,1899,14450400144318431,60
155,0,0,0,0,0,1845,14450400144318431,61
151,0,0,0,0,0,1849,14450400144318431,62
111,0,0,0,0,0,1889,14450400144318431,63
152,0,0,0,0,0,1848,14450400144318431,64
54,0,0,0,0,0,1946,14450400144318431,65
129,0,0,0,0,0,1871,14450400144318431,66
213,0,0,0,0,0,1787,14450400144318431,67
27,0,0,0,0,0,1973,14450400144318431,68
177,0,0,0,0,0,1823,14450400144318431,69
74,0,0,0,0,0,1926,14450400144318431,70
257,0,0,0,0,0,1743,14450400144318431,71
47,0,0,0,0,0,1953,14450400144318431,72
112,0,0,0,0,0,1888,14450400144318431,73
66,0,0,0,0,0,1934,14450400144318431,74
33,0,0,0,0,0,1967,14450400144318431,75
99,0,0,0,0,0,1901,14450400144318431,76
104,0,0,0,0,0,1896,14450400144318431,77
147,0,0,0,0,0,1853,14450400144318431,78
57,0,0,0,0,0,1943,14450400144318431,79
102,0,0,0,0,0,1898,14450400144318431,80
76,0,0,0,0,0,1924,14450400144318431,81
462,0,0,0,0,0,1538,14450400144318431,82
150,0,0,0,0,0,1850,14450400144318431,83
237,0,0,0,0,0,1763,14450400144318431,84
81,0,0,0,0,0,1919,14450400144318431,85
119,0,0,0,0,0,1881,14450400144318431,86
419,0,0,0,0,0,1581,14450400144318431,87
379,0,0,0,0,0,1621,14450400144318431,88
143,0,0,0,0,0,1857,14450400144318431,89
188,0,0,0,0,0,1812,14450400144318431,90
91,0,0,0,0,0,1909,14450400144318431,91
262,0,0,0,0,0,1738,14450400144318431,92
54,0,0,0,0,0,1946,14450400144318431,93
74,0,0,0,0,0,1926,14450400144318431,94
46,0,0,0,0,0,1954,14450400144318431,95
118,0,0,0,0,0,1882,14450400144318431,96
103,0,0,0,0,0,1897,14450400144318431,97
85,0,0,0,0,0,1915,14450400144318431,98
124,0,0,0,0,0,1876,14450400144318431,99
149,0,0,0,0,0,1851,14450400144318431,100
164,0,0,0,0,0,1836,14485584516405214,1
219,0,0,0,0,0,1781,14485584516405214,2
187,0,0,0,0,0,1813,14485584516405214,3
148,0,0,0,0,0,1852,14485584516405214,4
122,0,0,0,0,0,1878,14485584516405214,5
142,0,0,0,0,0,1858,14485584516405214,6
332,0,0,0,0,0,1668,14485584516405214,7
147,0,0,0,0,0,1853,14485584516405214,8
192,0,0,0,0,0,1808,14485584516405214,9
215,0,0,0,0,0,1785,14485584516405214,10
118,0,0,0,0,0,1882,14485584516405214,11
280,0,0,0,0,0,1720,14485584516405214,12
232,0,0,0,0,0,1768,14485584516405214,13
49,0,0,0,0,0,1951,14485584516405214,14
95,0,0,0,0,0,1905,14485584516405214,15
87,0,0,0,0,0,1913,14485584516405214,16
88,0,0,0,0,0,1912,14485584516405214,17
65,0,0,0,0,0,1935,14485584516405214,18
84,0,0,0,0,0,1916,14485584516405214,19
107,0,0,0,0,0,1893,14485584516405214,20
91,0,0,0,0,0,1909,14485584516405214,21
71,0,0,0,0,0,1929,14485584516405214,22
137,0,0,0,0,0,1863,14485584516405214,23
46,0,0,0,0,0,1954,14485584516405214,24
115,0,0,0,0,0,1885,14485584516405214,25
68,0,0,0,0,0,1932,14485584516405214,26
177,0,0,0,0,0,1823,14485584516405214,27
277,0,0,0,0,0,1723,14485584516405214,28
209,0,0,0,0,0,1791,14485584516405214,29
172,0,0,0,0,0,1828,14485584516405214,30
33,0,0,0,0,0,1967,14485584516405214,31
252,0,0,0,0,0,1748,14485584516405214,32
113,0,0,0,0,0,1887,14485584516405214,33
80,0,0,0,0,0,1920,14485584516405214,34
109,0,0,0,0,0,1891,14485584516405214,35
56,0,0,0,0,0,1944,14485584516405214,36
180,0,0,0,0,0,1820,14485584516405214,37
33,0,0,0,0,0,1967,14485584516405214,38
36,0,0,23,0,0,1941,14485584516405214,39
36,0,0,0,0,0,1964,14485584516405214,40
259,0,0,0,0,0,1741,14485584516405214,41
178,0,0,0,0,0,1822,14485584516405214,42
81,0,43,0,0,0,1876,14485584516405214,43
142,0,0,0,0,0,1858,14485584516405214,44
76,6,0,0,0,0,1918,14485584516405214,45
147,0,0,0,0,0,1853,14485584516405214,46
57,0,0,0,0,0,1943,14485584516405214,47
105,0,0,0,0,0,1895,14485584516405214,48
143,0,0,0,0,0,1857,14485584516405214,49
274,0,0,0,0,0,1726,14485584516405214,50
118,0,0,0,0,0,1882,14485584516405214,51
118,0,0,0,0,0,1882,14485584516405214,52
69,0,0,0,0,0,1931,14485584516405214,53
214,0,0,0,0,2,1784,14485584516405214,54
160,0,0,0,0,0,1840,14485584516405214,55
194,0,0,0,0,0,1806,14485584516405214,56
496,0,0,0,0,0,1504,14485584516405214,57
135,0,0,0,0,0,1865,14485584516405214,58
67,0,0,0,0,0,1933,14485584516405214,59
48,0,0,0,0,0,1952,14485584516405214,60
52,0,0,0,0,0,1948,14485584516405214,61
73,0,0,0,0,0,1927,14485584516405214,62
69,0,0,0,0,0,1931,14485584516405214,63
63,0,0,0,0,99,1838,14485584516405214,64
286,0,0,0,0,0,1714,14485584516405214,65
141,0,0,0,0,0,1859,14485584516405214,66
156,0,0,0,0,0,1844,14485584516405214,67
275,0,0,0,0,0,1725,14485584516405214,68
185,0,0,0,0,0,1815,14485584516405214,69
18,0,0,0,0,0,1982,14485584516405214,70
202,0,0,0,0,0,1798,14485584516405214,71
173,0,0,0,0,0,1827,14485584516405214,72
125,0,0,0,0,0,1875,14485584516405214,73
130,0,0,0,0,0,1870,14485584516405214,74
106,0,0,0,0,0,1894,14485584516405214,75
140,0,0,0,0,0,1860,14485584516405214,76
243,0,0,0,20,0,1737,14485584516405214,77
113,0,0,0,0,0,1887,14485584516405214,78
144,0,0,0,0,0,1856,14485584516405214,79
106,398,0,0,0,0,1496,14485584516405214,80
47,0,0,0,0,0,1953,14485584516405214,81
237,0,0,0,0,17,1746,14485584516405214,82
32,0,0,0,0,0,1968,14485584516405214,83
101,0,0,0,0,0,1899,14485584516405214,84
158,0,0,0,0,0,1842,14485584516405214,85
139,0,0,0,0,0,1861,14485584516405214,86
127,0,0,0,0,0,1873,14485584516405214,87
28,0,0,0,0,0,1972,14485584516405214,88
173,0,0,0,0,0,1827,14485584516405214,89
162,0,0,0,0,0,1838,14485584516405214,90
68,0,0,0,0,0,1932,14485584516405214,91
30,0,0,0,0,0,1970,14485584516405214,92
80,0,0,0,0,0,1920,14485584516405214,93
282,0,0,0,0,0,1718,14485584516405214,94
115,0,0,0,0,32,1853,14485584516405214,95
61,0,0,0,0,0,1939,14485584516405214,96
56,0,0,0,0,0,1944,14485584516405214,97
304,0,0,0,0,0,1696,14485584516405214,98
71,0,0,0,0,0,1929,14485584516405214,99
40,0,0,0,0,0,1960,14485584516405214,100
58,0,0,0,0,0,1942,14485584516405215,1
109,0,0,0,0,0,1891,14485584516405215,2
227,0,0,0,0,0,1773,14485584516405215,3
70,0,0,0,0,0,1930,14485584516405215,4
86,0,0,0,0,0,1914,14485584516405215,5
46,0,0,0,0,0,1954,14485584516405215,6
140,0,0,0,0,0,1860,14485584516405215,7
172,0,0,0,0,0,1828,14485584516405215,8
293,0,0,0,0,0,1707,14485584516405215,9
93,0,0,0,0,0,1907,14485584516405215,10
76,0,0,0,0,0,1924,14485584516405215,11
81,0,0,0,0,0,1919,14485584516405215,12
269,0,0,0,0,0,1731,14485584516405215,13
111,0,0,0,0,0,1889,14485584516405215,14
247,0,0,0,0,0,1753,14485584516405215,15
247,0,0,0,0,0,1753,14485584516405215,16
50,0,0,0,0,0,1950,14485584516405215,17
101,0,0,0,0,0,1899,14485584516405215,18
220,0,0,0,0,0,1780,14485584516405215,19
160,0,0,0,0,0,1840,14485584516405215,20
65,0,0,0,0,0,1935,14485584516405215,21
163,0,0,0,0,0,1837,14485584516405215,22
236,0,0,0,0,0,1764,14485584516405215,23
91,0,0,0,0,0,1909,14485584516405215,24
32,0,0,0,0,0,1968,14485584516405215,25
108,0,0,0,0,0,1892,14485584516405215,26
99,0,0,0,0,0,1901,14485584516405215,27
60,0,0,0,0,0,1940,14485584516405215,28
99,0,0,0,0,0,1901,14485584516405215,29
250,0,0,0,0,0,1750,14485584516405215,30
110,0,0,0,0,0,1890,14485584516405215,31
64,0,0,33,0,0,1903,14485584516405215,32
139,0,0,0,0,0,1861,14485584516405215,33
89,0,0,0,0,0,1911,14485584516405215,34
163,0,0,0,0,0,1837,14485584516405215,35
143,0,0,0,0,0,1857,14485584516405215,36
43,0,0,0,0,0,1957,14485584516405215,37
227,0,0,0,0,42,1731,14485584516405215,38
203,0,0,0,0,0,1797,14485584516405215,39
121,0,0,0,0,0,1879,14485584516405215,40
385,0,0,0,0,0,1615,14485584516405215,41
53,0,0,0,0,0,1947,14485584516405215,42
303,0,0,0,0,0,1697,14485584516405215,43
168,0,0,0,0,0,1832,14485584516405215,44
148,0,0,0,0,0,1852,14485584516405215,45
40,0,0,0,0,0,1960,14485584516405215,46
263,0,0,0,0,0,1737,14485584516405215,47
83,0,0,0,0,0,1917,14485584516405215,48
143,0,0,0,0,0,1857,14485584516405215,49
185,0,0,0,0,0,1815,14485584516405215,50
229,0,0,0,0,0,1771,14485584516405215,51
37,0,0,0,0,0,1963,14485584516405215,52
283,0,0,0,0,0,1717,14485584516405215,53
184,0,0,0,0,0,1816,14485584516405215,54
172,0,0,0,0,0,1828,14485584516405215,55
261,0,0,0,0,0,1739,14485584516405215,56
53,0,0,0,0,0,1947,14485584516405215,57
87,0,0,0,0,0,1913,14485584516405215,58
235,0,0,0,0,0,1765,14485584516405215,59
140,0,0,0,0,0,1860,14485584516405215,60
57,0,0,0,0,0,1943,14485584516405215,61
233,0,0,0,0,0,1767,14485584516405215,62
401,0,0,0,0,0,1599,14485584516405215,63
298,0,0,0,0,0,1702,14485584516405215,64
76,0,0,0,0,0,1924,14485584516405215,65
365,0,0,0,0,0,1635,14485584516405215,66
69,0,0,0,0,0,1931,14485584516405215,67
238,0,0,0,0,0,1762,14485584516405215,68
104,0,0,0,0,0,1896,14485584516405215,69
61,0,0,0,0,0,1939,14485584516405215,70
99,0,0,0,0,0,1901,14485584516405215,71
301,0,0,0,0,98,1601,14485584516405215,72
207,0,0,0,0,0,1793,14485584516405215,73
90,0,0,0,0,0,1910,14485584516405215,74
145,0,0,0,0,0,1855,14485584516405215,75
33,0,0,0,0,0,1967,14485584516405215,76
95,0,0,0,0,0,1905,14485584516405215,77
182,0,0,0,0,0,1818,14485584516405215,78
77,0,0,0,0,0,1923,14485584516405215,79
113,0,0,0,0,0,1887,14485584516405215,80
157,0,0,0,0,0,1843,14485584516405215,81
158,0,0,0,0,0,1842,14485584516405215,82
69,0,0,0,0,0,1931,14485584516405215,83
158,0,0,0,0,0,1842,14485584516405215,84
154,0,0,0,0,0,1846,14485584516405215,85
76,0,0,0,0,0,1924,14485584516405215,86
188,0,0,0,0,0,1812,14485584516405215,87
41,0,0,0,0,0,1959,14485584516405215,88
120,0,0,0,0,0,1880,14485584516405215,89
186,0,0,0,0,0,1814,14485584516405215,90
39,0,0,0,0,0,1961,14485584516405215,91
244,0,0,0,0,0,1756,14485584516405215,92
89,0,0,0,0,0,1911,14485584516405215,93
273,0,0,0,0,0,1727,14485584516405215,94
239,0,0,0,0,0,1761,14485584516405215,95
48,0,0,0,0,0,1952,14485584516405215,96
242,0,0,0,0,0,1758,14485584516405215,97
68,0,0,0,0,0,1932,14485584516405215,98
91,0,0,0,0,0,1909,14485584516405215,99
203,0,0,0,0,0,1797,14485584516405215,100
206,0,0,0,0,3,1791,15576300017604575,1
81,0,0,0,0,0,1919,15576300017604575,2
127,0,0,0,0,0,1873,15576300017604575,3
320,0,0,0,0,0,1680,15576300017604575,4
67,0,0,0,0,0,1933,15576300017604575,5
70,0,0,0,0,0,1930,15576300017604575,6
80,0,0,0,0,0,1920,15576300017604575,7
285,0,0,0,0,0,1715,15576300017604575,8
257,0,0,0,0,0,1743,15576300017604575,9
127,0,0,0,0,0,1873,15576300017604575,10
22,0,0,0,0,0,1978,15576300017604575,11
232,0,0,0,0,0,1768,15576300017604575,12
141,0,0,0,0,0,1859,15576300017604575,13
145,0,0,0,0,0,1855,15576300017604575,14
32,0,0,0,0,0,1968,15576300017604575,15
170,0,0,0,0,0,1830,15576300017604575,16
19,0,0,0,0,0,1981,15576300017604575,17
87,0,0,0,0,108,1805,15576300017604575,18
108,0,0,0,0,0,1892,15576300017604575,19
68,0,0,0,0,0,1932,15576300017604575,20
101,0,0,0,0,0,1899,15576300017604575,21
52,0,0,0,0,0,1948,15576300017604575,22
166,0,0,0,0,0,1834,15576300017604575,23
298,0,0,0,0,0,1702,15576300017604575,24
155,0,0,0,0,0,1845,15576300017604575,25
318,0,0,0,0,0,1682,15576300017604575,26
92,0,0,0,0,148,1760,15576300017604575,27
69,0,0,0,0,0,1931,15576300017604575,28
102,0,0,0,0,0,1898,15576300017604575,29
128,0,0,0,0,33,1839,15576300017604575,30
182,0,0,0,0,0,1818,15576300017604575,31
94,0,0,0,0,0,1906,15576300017604575,32
206,0,0,0,0,0,1794,15576300017604575,33
34,0,0,0,0,0,1966,15576300017604575,34
131,0,0,0,0,0,1869,15576300017604575,35
183,0,0,0,0,0,1817,15576300017604575,36
92,0,0,0,0,0,1908,15576300017604575,37
156,0,0,0,0,0,1844,15576300017604575,38
180,0,0,0,0,0,1820,15576300017604575,39
597,0,0,0,0,0,1403,15576300017604575,40
154,0,0,0,0,0,1846,15576300017604575,41
201,0,0,0,0,0,1799,15576300017604575,42
168,0,0,0,0,0,1832,15576300017604575,43
81,0,0,0,0,0,1919,15576300017604575,44
114,0,0,0,0,0,1886,15576300017604575,45
55,0,0,0,0,0,1945,15576300017604575,46
204,0,0,0,0,0,1796,15576300017604575,47
202,0,0,0,0,0,1798,15576300017604575,48
70,0,0,0,0,0,1930,15576300017604575,49
156,0,0,0,0,0,1844,15576300017604575,50
54,0,0,0,0,53,1893,15576300017604575,51
41,0,0,0,0,0,1959,15576300017604575,52
63,0,0,0,0,0,1937,15576300017604575,53
127,0,0,0,0,0,1873,15576300017604575,54
37,0,0,0,0,0,1963,15576300017604575,55
63,0,0,0,0,0,1937,15576300017604575,56
110,0,0,0,0,0,1890,15576300017604575,57
71,0,0,0,0,0,1929,15576300017604575,58
239,0,0,0,0,0,1761,15576300017604575,59
119,0,0,0,0,0,1881,15576300017604575,60
50,0,0,0,0,0,1950,15576300017604575,61
65,0,0,0,0,0,1935,15576300017604575,62
161,0,0,0,0,0,1839,15576300017604575,63
158,0,0,0,0,0,1842,15576300017604575,64
172,0,0,0,0,0,1828,15576300017604575,65
43,0,0,0,0,0,1957,15576300017604575,66
75,0,0,0,0,0,1925,15576300017604575,67
306,0,0,0,0,0,1694,15576300017604575,68
149,0,0,0,0,0,1851,15576300017604575,69
90,0,0,0,0,0,1910,15576300017604575,70
64,0,0,0,0,0,1936,15576300017604575,71
268,0,0,0,0,0,1732,15576300017604575,72
59,0,0,0,0,0,1941,15576300017604575,73
145,0,0,0,0,0,1855,15576300017604575,74
120,0,0,0,0,0,1880,15576300017604575,75
363,0,0,0,0,0,1637,15576300017604575,76
30,0,0,0,0,16,1954,15576300017604575,77
158,0,0,0,0,0,1842,15576300017604575,78
128,0,0,0,0,0,1872,15576300017604575,79
165,0,0,0,0,0,1835,15576300017604575,80
35,0,0,0,0,0,1965,15576300017604575,81
95,0,0,0,0,0,1905,15576300017604575,82
74,0,0,0,0,0,1926,15576300017604575,83
85,0,0,0,0,0,1915,15576300017604575,84
102,0,0,0,0,0,1898,15576300017604575,85
198,0,0,0,0,0,1802,15576300017604575,86
85,0,0,0,0,0,1915,15576300017604575,87
30,0,0,0,0,0,1970,15576300017604575,88
364,0,0,0,0,0,1636,15576300017604575,89
278,0,0,0,0,0,1722,15576300017604575,90
51,0,0,0,0,0,1949,15576300017604575,91
134,0,0,0,0,0,1866,15576300017604575,92
239,0,0,0,0,0,1761,15576300017604575,93
69,0,0,0,0,0,1931,15576300017604575,94
633,0,0,0,0,0,1367,15576300017604575,95
161,0,0,0,0,0,1839,15576300017604575,96
164,0,0,0,0,0,1836,15576300017604575,97
37,0,0,0,0,0,1963,15576300017604575,98
81,0,0,0,0,0,1919,15576300017604575,99
117,0,0,0,0,0,1883,15576300017604575,100
31,0,0,0,0,0,1969,15576300017606623,1
36,0,0,0,0,0,1964,15576300017606623,2
162,0,0,0,0,78,1760,15576300017606623,3
380,0,0,0,0,0,1620,15576300017606623,4
84,0,0,0,0,0,1916,15576300017606623,5
59,0,0,0,0,0,1941,15576300017606623,6
83,0,0,0,0,8,1909,15576300017606623,7
266,0,0,0,0,0,1734,15576300017606623,8
110,0,0,0,0,0,1890,15576300017606623,9
155,0,0,0,0,0,1845,15576300017606623,10
57,0,0,0,0,0,1943,15576300017606623,11
220,0,0,0,0,0,1780,15576300017606623,12
80,0,0,0,0,0,1920,15576300017606623,13
117,0,0,0,0,0,1883,15576300017606623,14
44,0,0,0,0,0,1956,15576300017606623,15
159,0,0,0,0,0,1841,15576300017606623,16
84,0,0,0,0,0,1916,15576300017606623,17
95,0,0,0,0,0,1905,15576300017606623,18
36,0,0,0,0,0,1964,15576300017606623,19
317,0,0,0,0,0,1683,15576300017606623,20
141,0,0,0,0,0,1859,15576300017606623,21
166,0,0,0,0,0,1834,15576300017606623,22
157,0,0,0,0,0,1843,15576300017606623,23
192,0,0,0,0,0,1808,15576300017606623,24
182,0,0,0,0,0,1818,15576300017606623,25
176,0,0,0,0,0,1824,15576300017606623,26
48,0,0,0,0,0,1952,15576300017606623,27
194,0,0,0,0,0,1806,15576300017606623,28
202,0,0,0,0,0,1798,15576300017606623,29
77,0,0,0,0,0,1923,15576300017606623,30
295,0,0,0,0,0,1705,15576300017606623,31
99,0,0,0,0,0,1901,15576300017606623,32
88,0,0,0,0,0,1912,15576300017606623,33
190,0,0,0,0,0,1810,15576300017606623,34
47,0,0,0,0,0,1953,15576300017606623,35
222,0,0,0,0,0,1778,15576300017606623,36
19,0,0,0,0,0,1981,15576300017606623,37
99,0,0,0,0,0,1901,15576300017606623,38
403,0,0,0,0,0,1597,15576300017606623,39
56,0,0,0,0,0,1944,15576300017606623,40
95,0,0,0,0,0,1905,15576300017606623,41
583,0,0,0,0,0,1417,15576300017606623,42
45,0,0,0,0,0,1955,15576300017606623,43
93,0,0,0,0,0,1907,15576300017606623,44
348,0,0,0,0,0,1652,15576300017606623,45
238,0,0,0,0,0,1762,15576300017606623,46
539,0,0,0,0,0,1461,15576300017606623,47
397,0,0,0,0,0,1603,15576300017606623,48
87,0,0,0,0,0,1913,15576300017606623,49
170,0,0,0,0,0,1830,15576300017606623,50
123,0,0,0,0,0,1877,15576300017606623,51
156,0,0,0,0,0,1844,15576300017606623,52
275,0,0,0,0,1,1724,15576300017606623,53
86,0,0,0,0,0,1914,15576300017606623,54
226,0,0,0,0,0,1774,15576300017606623,55
269,0,0,0,0,0,1731,15576300017606623,56
58,0,0,0,0,0,1942,15576300017606623,57
351,0,0,0,0,0,1649,15576300017606623,58
209,0,0,0,0,0,1791,15576300017606623,59
66,0,0,0,0,0,1934,15576300017606623,60
196,0,0,0,0,0,1804,15576300017606623,61
161,0,0,0,0,0,1839,15576300017606623,62
166,0,0,0,0,0,1834,15576300017606623,63
30,0,0,0,0,0,1970,15576300017606623,64
79,0,0,0,0,0,1921,15576300017606623,65
120,0,0,2,0,0,1878,15576300017606623,66
154,0,0,0,0,0,1846,15576300017606623,67
408,0,0,0,0,0,1592,15576300017606623,68
170,0,0,0,0,98,1732,15576300017606623,69
99,0,0,0,0,0,1901,15576300017606623,70
311,0,0,0,0,96,1593,15576300017606623,71
103,0,0,0,0,0,1897,15576300017606623,72
253,0,0,0,0,0,1747,15576300017606623,73
63,0,0,0,0,0,1937,15576300017606623,74
446,0,0,0,0,0,1554,15576300017606623,75
224,0,0,0,0,0,1776,15576300017606623,76
134,0,0,0,0,0,1866,15576300017606623,77
50,0,0,0,0,0,1950,15576300017606623,78
189,0,0,0,0,0,1811,15576300017606623,79
163,0,0,0,0,0,1837,15576300017606623,80
82,0,0,0,0,0,1918,15576300017606623,81
107,0,0,0,0,0,1893,15576300017606623,82
99,0,0,0,0,0,1901,15576300017606623,83
258,0,0,0,0,0,1742,15576300017606623,84
47,0,0,0,0,0,1953,15576300017606623,85
201,0,0,0,0,0,1799,15576300017606623,86
146,0,0,0,0,0,1854,15576300017606623,87
169,0,0,0,0,0,1831,15576300017606623,88
95,0,0,0,0,0,1905,15576300017606623,89
99,0,0,0,0,0,1901,15576300017606623,90
124,0,0,0,0,0,1876,15576300017606623,91
463,0,0,0,0,0,1537,15576300017606623,92
94,0,0,0,0,0,1906,15576300017606623,93
123,0,0,0,0,0,1877,15576300017606623,94
145,0,0,0,0,0,1855,15576300017606623,95
67,0,0,0,0,0,1933,15576300017606623,96
35,0,0,0,0,0,1965,15576300017606623,97
102,0,0,0,0,0,1898,15576300017606623,98
152,0,0,0,0,0,1848,15576300017606623,99
174,0,0,0,0,0,1826,15576300017606623,100
381,0,0,0,0,0,1619,15576300034381791,1
178,0,0,0,0,0,1822,15576300034381791,2
26,0,0,0,0,0,1974,15576300034381791,3
39,0,0,0,0,0,1961,15576300034381791,4
112,0,0,0,0,0,1888,15576300034381791,5
91,0,0,0,0,0,1909,15576300034381791,6
284,0,0,0,0,0,1716,15576300034381791,7
385,0,0,0,0,0,1615,15576300034381791,8
59,0,0,0,0,0,1941,15576300034381791,9
268,0,0,0,0,0,1732,15576300034381791,10
137,0,0,0,0,0,1863,15576300034381791,11
302,0,0,0,0,0,1698,15576300034381791,12
193,0,0,0,0,0,1807,15576300034381791,13
144,0,0,0,0,0,1856,15576300034381791,14
33,0,0,0,0,0,1967,15576300034381791,15
88,0,0,0,0,31,1881,15576300034381791,16
162,0,0,0,0,0,1838,15576300034381791,17
123,0,0,0,0,22,1855,15576300034381791,18
133,0,0,0,0,0,1867,15576300034381791,19
437,0,0,0,0,0,1563,15576300034381791,20
400,0,0,0,0,4,1596,15576300034381791,21
103,0,0,0,0,0,1897,15576300034381791,22
295,0,0,0,0,0,1705,15576300034381791,23
48,0,0,0,0,5,1947,15576300034381791,24
262,0,0,0,0,0,1738,15576300034381791,25
89,0,0,0,0,0,1911,15576300034381791,26
74,0,0,0,0,0,1926,15576300034381791,27
149,0,0,0,0,0,1851,15576300034381791,28
103,0,0,0,0,8,1889,15576300034381791,29
224,0,0,0,0,0,1776,15576300034381791,30
190,0,0,0,0,0,1810,15576300034381791,31
46,0,0,0,0,0,1954,15576300034381791,32
60,0,0,0,0,21,1919,15576300034381791,33
52,0,0,0,0,0,1948,15576300034381791,34
121,0,0,0,0,0,1879,15576300034381791,35
73,0,0,0,0,0,1927,15576300034381791,36
55,0,0,0,0,0,1945,15576300034381791,37
104,0,0,0,0,0,1896,15576300034381791,38
116,0,0,0,0,0,1884,15576300034381791,39
65,0,0,0,0,0,1935,15576300034381791,40
184,0,0,0,0,9,1807,15576300034381791,41
75,0,0,0,0,0,1925,15576300034381791,42
216,0,0,0,0,0,1784,15576300034381791,43
41,0,0,0,0,0,1959,15576300034381791,44
351,0,0,0,0,0,1649,15576300034381791,45
260,0,0,0,0,0,1740,15576300034381791,46
58,0,0,0,0,0,1942,15576300034381791,47
230,0,0,0,0,0,1770,15576300034381791,48
40,0,0,0,0,0,1960,15576300034381791,49
266,0,0,0,0,0,1734,15576300034381791,50
119,0,0,0,0,0,1881,15576300034381791,51
223,0,0,0,0,0,1777,15576300034381791,52
62,0,0,0,0,0,1938,15576300034381791,53
84,0,0,0,0,0,1916,15576300034381791,54
55,0,0,0,0,0,1945,15576300034381791,55
113,0,0,0,0,0,1887,15576300034381791,56
78,0,0,0,0,17,1905,15576300034381791,57
185,0,0,0,0,0,1815,15576300034381791,58
239,0,0,0,0,0,1761,15576300034381791,59
79,0,0,0,0,0,1921,15576300034381791,60
60,0,0,0,0,30,1910,15576300034381791,61
288,0,0,0,0,0,1712,15576300034381791,62
220,0,0,0,0,0,1780,15576300034381791,63
26,0,0,0,0,0,1974,15576300034381791,64
11,0,0,0,0,215,1774,15576300034381791,65
289,0,0,0,0,0,1711,15576300034381791,66
170,0,0,0,0,0,1830,15576300034381791,67
65,0,0,0,0,0,1935,15576300034381791,68
739,0,0,0,0,0,1261,15576300034381791,69
121,0,0,0,0,0,1879,15576300034381791,70
27,0,0,0,0,0,1973,15576300034381791,71
174,0,0,0,0,0,1826,15576300034381791,72
132,0,0,0,0,0,1868,15576300034381791,73
154,0,0,0,0,0,1846,15576300034381791,74
261,0,0,0,0,0,1739,15576300034381791,75
89,0,0,0,0,0,1911,15576300034381791,76
208,0,0,0,0,0,1792,15576300034381791,77
182,0,0,0,0,0,1818,15576300034381791,78
117,0,0,0,0,76,1807,15576300034381791,79
152,0,0,0,0,0,1848,15576300034381791,80
51,0,0,0,0,0,1949,15576300034381791,81
96,0,0,0,0,0,1904,15576300034381791,82
78,0,0,0,0,0,1922,15576300034381791,83
266,0,0,0,0,0,1734,15576300034381791,84
106,0,0,0,0,0,1894,15576300034381791,85
63,0,0,0,0,0,1937,15576300034381791,86
135,0,0,0,0,0,1865,15576300034381791,87
121,0,0,0,0,0,1879,15576300034381791,88
183,0,0,0,0,0,1817,15576300034381791,89
92,0,0,0,0,0,1908,15576300034381791,90
224,0,0,0,0,0,1776,15576300034381791,91
119,0,0,0,0,0,1881,15576300034381791,92
285,0,0,0,0,0,1715,15576300034381791,93
76,0,0,0,0,0,1924,15576300034381791,94
153,0,0,0,0,0,1847,15576300034381791,95
73,0,0,0,0,79,1848,15576300034381791,96
50,0,0,0,0,7,1943,15576300034381791,97
67,0,0,0,0,0,1933,15576300034381791,98
92,0,0,0,0,0,1908,15576300034381791,99
219,0,0,0,0,0,1781,15576300034381791,100
184,0,0,0,0,0,1816,15576300034383839,1
44,0,0,0,0,0,1956,15576300034383839,2
151,0,0,0,0,0,1849,15576300034383839,3
144,0,0,0,0,0,1856,15576300034383839,4
98,0,0,0,0,0,1902,15576300034383839,5
155,0,0,0,0,0,1845,15576300034383839,6
189,0,0,0,0,0,1811,15576300034383839,7
161,0,0,0,0,0,1839,15576300034383839,8
17,0,0,0,0,0,1983,15576300034383839,9
83,0,0,0,0,0,1917,15576300034383839,10
101,0,0,0,0,0,1899,15576300034383839,11
138,0,0,0,0,0,1862,15576300034383839,12
118,0,0,0,0,0,1882,15576300034383839,13
89,0,0,0,0,0,1911,15576300034383839,14
166,0,0,0,0,0,1834,15576300034383839,15
140,0,0,0,0,0,1860,15576300034383839,16
171,0,0,0,0,98,1731,15576300034383839,17
133,0,0,0,0,0,1867,15576300034383839,18
117,0,0,0,0,0,1883,15576300034383839,19
135,0,0,0,0,0,1865,15576300034383839,20
125,0,0,0,0,0,1875,15576300034383839,21
262,0,0,0,0,0,1738,15576300034383839,22
114,0,0,0,0,0,1886,15576300034383839,23
132,0,0,0,0,0,1868,15576300034383839,24
222,0,0,0,0,0,1778,15576300034383839,25
244,0,0,0,0,0,1756,15576300034383839,26
188,0,0,0,0,0,1812,15576300034383839,27
85,0,0,0,0,0,1915,15576300034383839,28
198,0,0,0,0,0,1802,15576300034383839,29
136,0,0,0,0,0,1864,15576300034383839,30
194,0,0,0,0,0,1806,15576300034383839,31
216,0,0,0,0,239,1545,15576300034383839,32
99,0,0,0,0,0,1901,15576300034383839,33
67,0,0,0,0,0,1933,15576300034383839,34
118,12,0,0,0,0,1870,15576300034383839,35
94,0,0,0,0,0,1906,15576300034383839,36
123,0,0,0,0,0,1877,15576300034383839,37
213,75,0,0,0,0,1712,15576300034383839,38
190,0,0,0,0,0,1810,15576300034383839,39
103,0,0,0,0,0,1897,15576300034383839,40
38,0,0,0,0,0,1962,15576300034383839,41
438,0,0,0,0,0,1562,15576300034383839,42
115,0,0,0,0,0,1885,15576300034383839,43
372,0,0,0,0,0,1628,15576300034383839,44
150,0,0,0,0,0,1850,15576300034383839,45
165,0,0,0,0,0,1835,15576300034383839,46
157,0,0,0,0,0,1843,15576300034383839,47
122,0,0,0,0,0,1878,15576300034383839,48
89,0,0,0,0,0,1911,15576300034383839,49
95,0,0,0,0,0,1905,15576300034383839,50
241,0,0,0,0,0,1759,15576300034383839,51
145,0,0,0,0,0,1855,15576300034383839,52
104,0,0,0,0,0,1896,15576300034383839,53
325,0,94,113,0,0,1468,15576300034383839,54
146,0,0,0,0,0,1854,15576300034383839,55
111,0,0,0,0,0,1889,15576300034383839,56
219,0,0,0,0,0,1781,15576300034383839,57
203,0,0,0,0,0,1797,15576300034383839,58
130,0,0,0,0,0,1870,15576300034383839,59
202,0,0,0,0,0,1798,15576300034383839,60
189,0,0,0,0,0,1811,15576300034383839,61
279,0,0,0,0,0,1721,15576300034383839,62
144,0,0,0,0,0,1856,15576300034383839,63
170,0,0,0,0,0,1830,15576300034383839,64
74,0,0,0,0,0,1926,15576300034383839,65
119,0,0,0,0,0,1881,15576300034383839,66
231,0,0,0,0,0,1769,15576300034383839,67
101,0,0,0,0,0,1899,15576300034383839,68
205,0,0,0,0,0,1795,15576300034383839,69
179,0,0,0,0,0,1821,15576300034383839,70
66,0,0,0,0,0,1934,15576300034383839,71
220,0,0,0,0,0,1780,15576300034383839,72
117,0,0,0,0,0,1883,15576300034383839,73
76,0,0,0,0,0,1924,15576300034383839,74
236,0,0,0,0,0,1764,15576300034383839,75
33,0,0,0,0,0,1967,15576300034383839,76
184,0,0,0,0,0,1816,15576300034383839,77
273,0,0,0,0,0,1727,15576300034383839,78
175,0,0,0,0,0,1825,15576300034383839,79
93,0,0,0,0,0,1907,15576300034383839,80
53,0,0,0,0,0,1947,15576300034383839,81
159,0,0,0,0,0,1841,15576300034383839,82
429,0,0,0,0,0,1571,15576300034383839,83
82,0,0,0,0,0,1918,15576300034383839,84
65,0,0,0,0,1,1934,15576300034383839,85
95,0,0,0,0,0,1905,15576300034383839,86
161,0,0,0,0,0,1839,15576300034383839,87
104,0,0,0,0,0,1896,15576300034383839,88
92,0,0,0,0,0,1908,15576300034383839,89
100,0,0,0,0,0,1900,15576300034383839,90
45,0,0,0,0,0,1955,15576300034383839,91
167,0,0,0,0,0,1833,15576300034383839,92
196,0,0,0,0,0,1804,15576300034383839,93
272,0,0,0,0,0,1728,15576300034383839,94
105,0,0,0,0,0,1895,15576300034383839,95
220,0,0,0,0,0,1780,15576300034383839,96
161,0,0,0,0,0,1839,15576300034383839,97
213,0,0,0,0,0,1787,15576300034383839,98
204,0,0,0,0,0,1796,15576300034383839,99
88,0,0,0,0,0,1912,15576300034383839,100
77,0,0,0,0,0,1923,15576300051158999,1
37,0,0,0,0,0,1963,15576300051158999,2
371,0,0,0,0,0,1629,15576300051158999,3
203,0,0,0,0,0,1797,15576300051158999,4
70,0,0,0,0,0,1930,15576300051158999,5
151,0,0,0,0,58,1791,15576300051158999,6
101,0,0,0,0,0,1899,15576300051158999,7
3,0,0,0,0,95,1902,15576300051158999,8
65,0,0,0,0,0,1935,15576300051158999,9
115,0,0,0,0,0,1885,15576300051158999,10
73,0,0,0,0,0,1927,15576300051158999,11
137,0,0,0,0,246,1617,15576300051158999,12
75,0,0,0,0,0,1925,15576300051158999,13
61,0,0,0,0,0,1939,15576300051158999,14
98,0,0,0,0,0,1902,15576300051158999,15
78,0,0,0,0,0,1922,15576300051158999,16
142,0,0,0,0,0,1858,15576300051158999,17
259,0,0,0,0,26,1715,15576300051158999,18
74,0,0,0,0,0,1926,15576300051158999,19
312,0,0,0,0,0,1688,15576300051158999,20
67,0,0,0,0,0,1933,15576300051158999,21
342,0,0,0,0,0,1658,15576300051158999,22
226,0,0,0,0,0,1774,15576300051158999,23
81,0,0,0,0,0,1919,15576300051158999,24
217,0,0,0,0,0,1783,15576300051158999,25
76,0,0,0,0,0,1924,15576300051158999,26
181,0,0,0,0,0,1819,15576300051158999,27
25,0,0,0,0,165,1810,15576300051158999,28
148,0,0,0,0,0,1852,15576300051158999,29
69,0,0,0,0,0,1931,15576300051158999,30
330,0,0,0,0,0,1670,15576300051158999,31
156,0,0,0,0,0,1844,15576300051158999,32
120,0,0,0,0,0,1880,15576300051158999,33
147,0,0,0,0,0,1853,15576300051158999,34
97,0,0,0,0,0,1903,15576300051158999,35
220,0,0,0,0,0,1780,15576300051158999,36
137,0,0,0,0,0,1863,15576300051158999,37
111,0,0,0,0,0,1889,15576300051158999,38
93,0,0,0,0,0,1907,15576300051158999,39
96,0,0,0,0,0,1904,15576300051158999,40
201,0,0,0,0,0,1799,15576300051158999,41
87,0,0,0,0,0,1913,15576300051158999,42
71,0,0,0,0,0,1929,15576300051158999,43
45,0,0,0,0,0,1955,15576300051158999,44
95,0,0,0,0,0,1905,15576300051158999,45
158,0,0,0,0,0,1842,15576300051158999,46
41,0,257,0,0,0,1702,15576300051158999,47
124,0,0,0,0,0,1876,15576300051158999,48
175,0,0,0,0,0,1825,15576300051158999,49
57,0,0,0,0,0,1943,15576300051158999,50
49,0,0,0,0,74,1877,15576300051158999,51
55,0,0,0,0,0,1945,15576300051158999,52
172,0,0,0,0,38,1790,15576300051158999,53
127,0,0,0,0,0,1873,15576300051158999,54
125,0,0,0,0,0,1875,15576300051158999,55
42,0,0,0,0,0,1958,15576300051158999,56
296,0,0,0,0,0,1704,15576300051158999,57
44,0,0,0,0,0,1956,15576300051158999,58
47,0,0,0,0,0,1953,15576300051158999,59
42,0,0,0,0,0,1958,15576300051158999,60
318,0,0,0,0,53,1629,15576300051158999,61
44,0,0,0,0,0,1956,15576300051158999,62
51,0,0,0,0,0,1949,15576300051158999,63
65,0,0,0,0,0,1935,15576300051158999,64
321,0,0,0,0,0,1679,15576300051158999,65
62,0,0,0,0,0,1938,15576300051158999,66
201,0,0,0,0,0,1799,15576300051158999,67
53,0,0,0,0,0,1947,15576300051158999,68
193,0,0,0,0,0,1807,15576300051158999,69
45,0,0,0,0,0,1955,15576300051158999,70
164,0,0,0,0,0,1836,15576300051158999,71
177,0,0,0,0,0,1823,15576300051158999,72
106,0,0,0,0,0,1894,15576300051158999,73
90,0,0,0,0,0,1910,15576300051158999,74
132,0,0,0,0,0,1868,15576300051158999,75
65,0,0,0,3,123,1809,15576300051158999,76
212,0,0,0,0,40,1748,15576300051158999,77
56,0,0,0,0,0,1944,15576300051158999,78
217,0,0,0,0,0,1783,15576300051158999,79
88,0,0,0,0,0,1912,15576300051158999,80
38,0,0,0,0,0,1962,15576300051158999,81
69,0,0,0,0,0,1931,15576300051158999,82
188,0,0,0,0,0,1812,15576300051158999,83
69,0,0,0,0,0,1931,15576300051158999,84
47,0,0,0,0,0,1953,15576300051158999,85
73,0,0,0,0,0,1927,15576300051158999,86
146,0,0,0,0,0,1854,15576300051158999,87
221,0,0,0,0,0,1779,15576300051158999,88
277,0,0,0,0,0,1723,15576300051158999,89
124,0,0,0,0,0,1876,15576300051158999,90
163,0,0,0,0,0,1837,15576300051158999,91
64,0,0,0,0,0,1936,15576300051158999,92
75,0,0,0,0,0,1925,15576300051158999,93
129,0,0,0,0,0,1871,15576300051158999,94
49,0,0,0,0,0,1951,15576300051158999,95
38,0,0,0,0,0,1962,15576300051158999,96
329,0,0,0,0,0,1671,15576300051158999,97
94,0,0,0,0,0,1906,15576300051158999,98
104,0,0,0,0,0,1896,15576300051158999,99
320,0,0,0,0,0,1680,15576300051158999,100
45,0,0,0,0,0,1955,15576300051161047,1
219,0,0,0,0,0,1781,15576300051161047,2
221,0,0,0,0,0,1779,15576300051161047,3
122,0,0,0,0,0,1878,15576300051161047,4
184,0,0,0,0,0,1816,15576300051161047,5
33,0,0,0,0,0,1967,15576300051161047,6
109,0,0,0,0,0,1891,15576300051161047,7
129,0,0,0,0,0,1871,15576300051161047,8
323,0,0,0,0,0,1677,15576300051161047,9
359,0,0,0,0,0,1641,15576300051161047,10
201,0,0,0,0,0,1799,15576300051161047,11
85,0,0,0,0,0,1915,15576300051161047,12
93,0,0,0,0,0,1907,15576300051161047,13
276,0,0,0,0,0,1724,15576300051161047,14
128,0,0,0,0,0,1872,15576300051161047,15
191,0,0,0,0,0,1809,15576300051161047,16
126,0,0,0,0,0,1874,15576300051161047,17
52,0,0,0,0,0,1948,15576300051161047,18
106,0,0,0,0,0,1894,15576300051161047,19
179,0,0,0,0,0,1821,15576300051161047,20
70,0,0,0,0,0,1930,15576300051161047,21
195,0,0,0,0,0,1805,15576300051161047,22
48,0,0,0,0,0,1952,15576300051161047,23
37,0,0,0,0,0,1963,15576300051161047,24
56,0,0,0,0,0,1944,15576300051161047,25
153,0,0,0,0,0,1847,15576300051161047,26
160,0,58,0,0,0,1782,15576300051161047,27
135,0,0,0,0,0,1865,15576300051161047,28
209,0,0,0,0,0,1791,15576300051161047,29
209,0,0,0,0,0,1791,15576300051161047,30
132,0,0,0,0,0,1868,15576300051161047,31
55,0,0,0,0,0,1945,15576300051161047,32
58,0,0,0,0,0,1942,15576300051161047,33
107,0,0,0,0,0,1893,15576300051161047,34
323,0,0,0,0,0,1677,15576300051161047,35
43,0,0,0,0,0,1957,15576300051161047,36
207,0,0,0,0,0,1793,15576300051161047,37
34,0,0,0,0,0,1966,15576300051161047,38
136,0,0,0,0,0,1864,15576300051161047,39
69,0,0,0,0,0,1931,15576300051161047,40
226,0,0,0,0,0,1774,15576300051161047,41
144,0,0,0,0,0,1856,15576300051161047,42
242,0,0,0,0,0,1758,15576300051161047,43
50,0,0,0,0,0,1950,15576300051161047,44
158,0,0,0,0,0,1842,15576300051161047,45
228,0,0,0,0,0,1772,15576300051161047,46
80,0,0,0,0,0,1920,15576300051161047,47
144,0,0,0,0,0,1856,15576300051161047,48
116,0,0,0,0,0,1884,15576300051161047,49
105,0,0,0,0,0,1895,15576300051161047,50
129,0,0,0,0,0,1871,15576300051161047,51
95,0,0,0,0,0,1905,15576300051161047,52
372,0,0,0,0,0,1628,15576300051161047,53
218,0,0,0,0,0,1782,15576300051161047,54
141,0,0,0,0,0,1859,15576300051161047,55
55,0,0,0,0,0,1945,15576300051161047,56
301,0,0,0,0,0,1699,15576300051161047,57
189,0,0,0,0,0,1811,15576300051161047,58
200,0,0,0,0,0,1800,15576300051161047,59
126,0,0,0,0,0,1874,15576300051161047,60
63,0,0,0,0,0,1937,15576300051161047,61
114,0,0,0,0,0,1886,15576300051161047,62
138,0,0,0,0,0,1862,15576300051161047,63
252,0,0,0,0,0,1748,15576300051161047,64
88,0,0,0,0,0,1912,15576300051161047,65
126,0,0,0,0,0,1874,15576300051161047,66
38,0,0,0,0,0,1962,15576300051161047,67
267,0,0,0,0,0,1733,15576300051161047,68
113,0,0,0,0,0,1887,15576300051161047,69
330,0,0,0,0,0,1670,15576300051161047,70
115,0,0,0,0,0,1885,15576300051161047,71
147,0,0,0,0,0,1853,15576300051161047,72
22,0,0,0,0,0,1978,15576300051161047,73
105,0,0,0,0,0,1895,15576300051161047,74
173,0,0,0,0,0,1827,15576300051161047,75
193,0,0,0,0,0,1807,15576300051161047,76
228,0,0,0,0,0,1772,15576300051161047,77
87,0,0,0,0,0,1913,15576300051161047,78
52,0,0,0,0,0,1948,15576300051161047,79
219,0,0,0,0,0,1781,15576300051161047,80
76,0,0,0,0,0,1924,15576300051161047,81
83,0,0,0,0,0,1917,15576300051161047,82
91,0,0,0,0,0,1909,15576300051161047,83
116,0,0,0,0,0,1884,15576300051161047,84
124,0,0,0,0,0,1876,15576300051161047,85
60,0,0,0,0,0,1940,15576300051161047,86
237,0,0,0,0,0,1763,15576300051161047,87
90,0,0,0,0,0,1910,15576300051161047,88
184,0,0,0,0,0,1816,15576300051161047,89
64,0,0,0,0,0,1936,15576300051161047,90
79,0,0,0,0,0,1921,15576300051161047,91
25,0,0,0,0,0,1975,15576300051161047,92
146,0,0,0,0,0,1854,15576300051161047,93
243,0,0,0,0,0,1757,15576300051161047,94
30,0,0,0,0,0,1970,15576300051161047,95
223,0,0,0,0,0,1777,15576300051161047,96
71,0,0,0,0,0,1929,15576300051161047,97
225,0,0,0,0,0,1775,15576300051161047,98
337,0,0,0,0,0,1663,15576300051161047,99
21,0,70,0,0,0,1909,15576300051161047,100
27,0,0,0,0,0,1973,15576300051161055,1
140,0,0,0,0,0,1860,15576300051161055,2
221,0,0,0,0,0,1779,15576300051161055,3
42,0,0,0,0,0,1958,15576300051161055,4
190,0,0,0,0,7,1803,15576300051161055,5
268,0,0,0,0,0,1732,15576300051161055,6
150,0,0,0,0,0,1850,15576300051161055,7
43,0,0,0,0,26,1931,15576300051161055,8
266,0,0,0,0,0,1734,15576300051161055,9
311,0,0,0,0,0,1689,15576300051161055,10
77,0,0,0,0,0,1923,15576300051161055,11
237,0,0,0,0,1,1762,15576300051161055,12
35,0,0,0,0,0,1965,15576300051161055,13
55,0,0,0,0,0,1945,15576300051161055,14
92,0,0,0,0,0,1908,15576300051161055,15
258,0,0,0,0,71,1671,15576300051161055,16
148,0,0,0,0,0,1852,15576300051161055,17
77,0,0,0,0,0,1923,15576300051161055,18
310,0,0,0,0,117,1573,15576300051161055,19
360,0,0,0,0,0,1640,15576300051161055,20
196,0,0,0,0,0,1804,15576300051161055,21
243,0,0,0,0,0,1757,15576300051161055,22
149,0,0,0,0,0,1851,15576300051161055,23
112,0,0,0,0,0,1888,15576300051161055,24
154,0,0,0,0,0,1846,15576300051161055,25
88,0,0,0,0,0,1912,15576300051161055,26
186,0,0,0,0,0,1814,15576300051161055,27
153,0,0,0,0,0,1847,15576300051161055,28
365,0,0,0,0,0,1635,15576300051161055,29
68,0,0,0,0,0,1932,15576300051161055,30
52,0,0,0,0,0,1948,15576300051161055,31
344,0,0,0,0,0,1656,15576300051161055,32
106,0,0,0,0,0,1894,15576300051161055,33
238,0,0,0,0,0,1762,15576300051161055,34
134,0,0,0,0,0,1866,15576300051161055,35
309,0,0,0,0,0,1691,15576300051161055,36
373,0,0,0,0,2,1625,15576300051161055,37
85,0,0,0,0,0,1915,15576300051161055,38
397,0,0,0,0,0,1603,15576300051161055,39
221,0,0,0,0,0,1779,15576300051161055,40
126,0,0,0,0,0,1874,15576300051161055,41
237,0,0,0,0,0,1763,15576300051161055,42
262,0,0,0,0,0,1738,15576300051161055,43
97,0,0,0,0,0,1903,15576300051161055,44
244,0,0,0,0,0,1756,15576300051161055,45
66,0,0,0,0,55,1879,15576300051161055,46
476,0,0,0,0,0,1524,15576300051161055,47
157,0,0,0,0,0,1843,15576300051161055,48
62,0,0,0,0,79,1859,15576300051161055,49
346,0,0,0,0,262,1392,15576300051161055,50
293,0,0,0,0,0,1707,15576300051161055,51
181,0,0,0,0,0,1819,15576300051161055,52
179,0,0,42,0,0,1779,15576300051161055,53
58,0,0,0,0,0,1942,15576300051161055,54
129,0,0,0,0,0,1871,15576300051161055,55
145,0,0,0,0,0,1855,15576300051161055,56
18,0,0,0,0,41,1941,15576300051161055,57
75,0,0,0,0,0,1925,15576300051161055,58
81,0,0,0,0,0,1919,15576300051161055,59
173,0,0,0,0,0,1827,15576300051161055,60
163,0,0,0,0,48,1789,15576300051161055,61
228,0,0,0,0,0,1772,15576300051161055,62
68,0,0,0,0,137,1795,15576300051161055,63
144,0,0,0,0,0,1856,15576300051161055,64
216,0,0,0,0,0,1784,15576300051161055,65
137,0,0,0,0,0,1863,15576300051161055,66
301,0,0,0,0,0,1699,15576300051161055,67
116,0,0,0,0,0,1884,15576300051161055,68
214,0,0,0,0,0,1786,15576300051161055,69
124,0,0,0,0,0,1876,15576300051161055,70
122,0,0,0,0,0,1878,15576300051161055,71
159,0,0,0,0,0,1841,15576300051161055,72
521,0,0,0,0,25,1454,15576300051161055,73
342,0,0,0,0,36,1622,15576300051161055,74
101,0,0,0,0,6,1893,15576300051161055,75
124,0,0,0,0,0,1876,15576300051161055,76
71,0,0,0,0,0,1929,15576300051161055,77
1,0,0,0,0,96,1903,15576300051161055,78
112,0,0,0,0,144,1744,15576300051161055,79
79,0,0,0,0,0,1921,15576300051161055,80
168,0,0,0,0,0,1832,15576300051161055,81
384,0,0,0,0,143,1473,15576300051161055,82
198,0,0,0,0,0,1802,15576300051161055,83
426,0,0,0,33,95,1446,15576300051161055,84
240,0,0,0,0,0,1760,15576300051161055,85
92,0,0,0,0,0,1908,15576300051161055,86
166,0,0,0,0,0,1834,15576300051161055,87
90,0,0,0,0,0,1910,15576300051161055,88
110,0,0,0,0,0,1890,15576300051161055,89
69,0,0,0,0,461,1470,15576300051161055,90
136,0,0,0,0,0,1864,15576300051161055,91
50,0,0,0,0,0,1950,15576300051161055,92
285,0,0,0,0,77,1638,15576300051161055,93
213,0,0,0,0,0,1787,15576300051161055,94
68,0,0,0,0,0,1932,15576300051161055,95
170,0,0,0,0,0,1830,15576300051161055,96
89,0,0,0,0,159,1752,15576300051161055,97
149,0,0,0,0,0,1851,15576300051161055,98
68,0,0,0,0,93,1839,15576300051161055,99
255,0,0,0,0,324,1421,15576300051161055,100
179,0,0,0,0,0,1821,15611484389693406,1
158,0,0,0,0,0,1842,15611484389693406,2
110,0,0,0,0,0,1890,15611484389693406,3
163,0,0,0,0,54,1783,15611484389693406,4
68,0,0,0,0,0,1932,15611484389693406,5
89,0,0,0,0,0,1911,15611484389693406,6
229,0,0,0,0,0,1771,15611484389693406,7
256,0,0,0,0,0,1744,15611484389693406,8
154,0,0,0,0,0,1846,15611484389693406,9
57,0,0,0,0,0,1943,15611484389693406,10
132,0,0,0,0,0,1868,15611484389693406,11
329,0,0,0,0,0,1671,15611484389693406,12
36,0,0,0,0,0,1964,15611484389693406,13
83,0,0,0,0,0,1917,15611484389693406,14
28,0,0,0,0,0,1972,15611484389693406,15
94,0,0,0,0,0,1906,15611484389693406,16
49,0,0,0,0,117,1834,15611484389693406,17
108,0,0,0,0,0,1892,15611484389693406,18
147,0,0,0,0,0,1853,15611484389693406,19
55,0,0,0,0,0,1945,15611484389693406,20
54,0,0,0,0,0,1946,15611484389693406,21
116,0,0,0,0,0,1884,15611484389693406,22
77,0,0,0,0,0,1923,15611484389693406,23
79,0,0,0,0,0,1921,15611484389693406,24
415,0,0,0,0,0,1585,15611484389693406,25
75,0,0,0,0,0,1925,15611484389693406,26
125,0,0,0,0,0,1875,15611484389693406,27
67,0,0,0,0,74,1859,15611484389693406,28
81,0,0,0,0,0,1919,15611484389693406,29
36,0,0,0,0,0,1964,15611484389693406,30
179,0,0,0,0,0,1821,15611484389693406,31
155,0,0,0,0,0,1845,15611484389693406,32
140,0,0,0,0,0,1860,15611484389693406,33
81,0,0,0,0,0,1919,15611484389693406,34
95,0,0,0,0,0,1905,15611484389693406,35
61,0,0,0,0,0,1939,15611484389693406,36
73,0,0,0,0,0,1927,15611484389693406,37
272,0,0,0,0,0,1728,15611484389693406,38
59,0,0,7,0,0,1934,15611484389693406,39
60,0,0,0,0,0,1940,15611484389693406,40
240,0,0,0,0,0,1760,15611484389693406,41
121,0,0,0,0,0,1879,15611484389693406,42
126,0,0,0,0,0,1874,15611484389693406,43
77,0,0,0,0,0,1923,15611484389693406,44
60,0,0,0,0,38,1902,15611484389693406,45
42,0,0,0,0,65,1893,15611484389693406,46
191,0,0,0,0,0,1809,15611484389693406,47
214,0,0,0,0,0,1786,15611484389693406,48
131,0,0,0,0,0,1869,15611484389693406,49
313,0,0,0,0,0,1687,15611484389693406,50
105,13,0,0,0,0,1882,15611484389693406,51
177,0,0,0,0,0,1823,15611484389693406,52
327,0,0,0,0,0,1673,15611484389693406,53
10,0,0,0,0,0,1990,15611484389693406,54
128,0,0,0,0,0,1872,15611484389693406,55
90,0,0,0,0,0,1910,15611484389693406,56
296,0,0,0,0,0,1704,15611484389693406,57
158,0,0,0,0,0,1842,15611484389693406,58
81,0,0,0,0,0,1919,15611484389693406,59
93,0,0,0,0,0,1907,15611484389693406,60
150,0,0,0,0,0,1850,15611484389693406,61
149,0,0,0,0,156,1695,15611484389693406,62
130,0,0,0,0,0,1870,15611484389693406,63
241,0,0,0,0,0,1759,15611484389693406,64
83,0,0,0,0,0,1917,15611484389693406,65
258,0,0,0,0,0,1742,15611484389693406,66
98,0,0,0,0,0,1902,15611484389693406,67
301,0,0,0,0,0,1699,15611484389693406,68
150,0,0,0,0,0,1850,15611484389693406,69
116,0,0,0,0,0,1884,15611484389693406,70
239,0,0,0,0,0,1761,15611484389693406,71
285,0,0,0,0,2,1713,15611484389693406,72
11,0,0,0,0,53,1936,15611484389693406,73
112,0,0,0,0,0,1888,15611484389693406,74
292,0,0,0,0,0,1708,15611484389693406,75
47,0,0,0,0,0,1953,15611484389693406,76
118,0,0,0,0,0,1882,15611484389693406,77
41,0,0,0,0,0,1959,15611484389693406,78
170,0,0,0,0,0,1830,15611484389693406,79
27,0,0,0,0,0,1973,15611484389693406,80
78,0,0,0,0,5,1917,15611484389693406,81
223,0,0,0,0,0,1777,15611484389693406,82
17,0,0,0,0,18,1965,15611484389693406,83
228,0,0,0,0,0,1772,15611484389693406,84
37,0,0,0,0,0,1963,15611484389693406,85
95,0,0,0,0,0,1905,15611484389693406,86
137,0,0,0,0,0,1863,15611484389693406,87
36,0,0,0,0,0,1964,15611484389693406,88
195,0,0,0,0,0,1805,15611484389693406,89
103,0,0,0,0,0,1897,15611484389693406,90
164,0,0,0,0,0,1836,15611484389693406,91
37,0,0,0,0,0,1963,15611484389693406,92
189,0,0,0,0,0,1811,15611484389693406,93
108,0,0,0,0,0,1892,15611484389693406,94
120,0,0,0,0,0,1880,15611484389693406,95
47,0,0,0,0,0,1953,15611484389693406,96
68,0,0,0,0,0,1932,15611484389693406,97
131,0,0,0,0,0,1869,15611484389693406,98
108,0,0,0,0,0,1892,15611484389693406,99
85,0,0,0,0,0,1915,15611484389693406,100
69,0,0,0,0,0,1931,15611484389693407,1
103,0,0,0,0,0,1897,15611484389693407,2
193,0,0,0,0,0,1807,15611484389693407,3
162,0,0,0,0,0,1838,15611484389693407,4
61,0,0,0,0,0,1939,15611484389693407,5
439,0,0,0,0,0,1561,15611484389693407,6
83,0,0,0,0,0,1917,15611484389693407,7
40,0,0,0,0,0,1960,15611484389693407,8
84,0,0,0,0,184,1732,15611484389693407,9
64,0,0,0,0,0,1936,15611484389693407,10
86,0,0,0,0,0,1914,15611484389693407,11
150,0,0,0,0,0,1850,15611484389693407,12
90,0,0,0,0,0,1910,15611484389693407,13
186,0,0,0,0,0,1814,15611484389693407,14
149,0,0,0,0,0,1851,15611484389693407,15
81,0,0,0,0,31,1888,15611484389693407,16
126,0,0,0,0,0,1874,15611484389693407,17
120,0,0,0,0,0,1880,15611484389693407,18
334,0,0,0,0,0,1666,15611484389693407,19
86,0,0,0,0,0,1914,15611484389693407,20
108,0,0,0,0,0,1892,15611484389693407,21
158,0,0,0,0,0,1842,15611484389693407,22
80,0,0,0,0,0,1920,15611484389693407,23
132,0,0,0,0,0,1868,15611484389693407,24
65,0,0,0,0,0,1935,15611484389693407,25
47,0,0,0,0,0,1953,15611484389693407,26
245,0,0,0,0,0,1755,15611484389693407,27
113,0,0,0,0,0,1887,15611484389693407,28
292,0,0,0,0,78,1630,15611484389693407,29
183,0,0,0,0,0,1817,15611484389693407,30
129,0,0,0,0,6,1865,15611484389693407,31
89,0,0,0,0,0,1911,15611484389693407,32
431,0,0,0,0,0,1569,15611484389693407,33
134,0,0,0,0,0,1866,15611484389693407,34
353,0,0,0,0,0,1647,15611484389693407,35
70,0,0,0,0,0,1930,15611484389693407,36
248,0,0,0,0,16,1736,15611484389693407,37
237,0,0,0,0,0,1763,15611484389693407,38
72,0,0,0,0,0,1928,15611484389693407,39
201,0,0,0,0,0,1799,15611484389693407,40
111,0,0,0,0,0,1889,15611484389693407,41
82,0,0,0,0,0,1918,15611484389693407,42
43,0,0,0,0,0,1957,15611484389693407,43
90,0,0,0,0,0,1910,15611484389693407,44
73,0,0,0,0,0,1927,15611484389693407,45
108,0,0,0,0,8,1884,15611484389693407,46
117,0,0,0,0,0,1883,15611484389693407,47
147,0,0,0,0,0,1853,15611484389693407,48
97,0,0,0,0,0,1903,15611484389693407,49
94,0,0,0,0,0,1906,15611484389693407,50
72,0,0,0,0,0,1928,15611484389693407,51
115,0,0,0,0,0,1885,15611484389693407,52
132,0,0,0,0,0,1868,15611484389693407,53
144,0,0,0,0,0,1856,15611484389693407,54
75,0,0,0,0,0,1925,15611484389693407,55
58,0,0,0,0,0,1942,15611484389693407,56
277,0,0,0,0,0,1723,15611484389693407,57
297,0,0,0,0,0,1703,15611484389693407,58
93,0,0,0,0,0,1907,15611484389693407,59
370,0,0,0,0,0,1630,15611484389693407,60
92,0,0,0,0,0,1908,15611484389693407,61
44,0,0,0,0,0,1956,15611484389693407,62
101,0,0,0,0,0,1899,15611484389693407,63
67,0,0,0,0,0,1933,15611484389693407,64
21,0,0,0,0,0,1979,15611484389693407,65
69,0,0,0,0,0,1931,15611484389693407,66
127,0,0,0,0,0,1873,15611484389693407,67
75,0,0,0,0,0,1925,15611484389693407,68
61,0,0,0,0,0,1939,15611484389693407,69
93,0,0,0,0,0,1907,15611484389693407,70
79,0,0,0,0,0,1921,15611484389693407,71
196,0,0,0,0,0,1804,15611484389693407,72
275,0,0,0,0,0,1725,15611484389693407,73
210,0,0,0,0,0,1790,15611484389693407,74
199,0,0,0,0,0,1801,15611484389693407,75
126,0,0,0,0,0,1874,15611484389693407,76
90,0,0,0,0,0,1910,15611484389693407,77
67,0,0,0,0,0,1933,15611484389693407,78
90,0,0,0,0,0,1910,15611484389693407,79
42,0,0,0,0,0,1958,15611484389693407,80
319,0,0,0,0,0,1681,15611484389693407,81
104,0,0,0,0,0,1896,15611484389693407,82
154,0,0,0,0,0,1846,15611484389693407,83
99,0,0,0,0,0,1901,15611484389693407,84
126,0,0,0,0,0,1874,15611484389693407,85
84,0,0,0,0,0,1916,15611484389693407,86
53,0,0,0,0,0,1947,15611484389693407,87
52,0,0,0,0,0,1948,15611484389693407,88
86,0,0,0,0,0,1914,15611484389693407,89
44,0,0,0,0,0,1956,15611484389693407,90
158,0,0,0,0,0,1842,15611484389693407,91
36,0,0,0,0,0,1964,15611484389693407,92
115,0,0,0,0,0,1885,15611484389693407,93
75,0,0,0,0,0,1925,15611484389693407,94
167,0,0,0,0,0,1833,15611484389693407,95
98,0,0,0,0,0,1902,15611484389693407,96
100,0,0,0,0,0,1900,15611484389693407,97
343,0,0,0,0,0,1657,15611484389693407,98
246,0,0,0,0,0,1754,15611484389693407,99
432,0,0,0,0,0,1568,15611484389693407,100
82,0,0,0,0,0,1918,15611484406470622,1
153,0,0,0,0,0,1847,15611484406470622,2
99,0,0,0,0,0,1901,15611484406470622,3
65,0,0,0,10,0,1925,15611484406470622,4
75,0,0,0,80,0,1845,15611484406470622,5
35,0,0,0,0,0,1965,15611484406470622,6
147,0,0,0,0,0,1853,15611484406470622,7
59,0,0,0,0,0,1941,15611484406470622,8
197,0,0,0,0,13,1790,15611484406470622,9
177,0,0,0,0,0,1823,15611484406470622,10
14,0,0,0,0,488,1498,15611484406470622,11
81,0,0,0,0,0,1919,15611484406470622,12
36,0,0,0,0,0,1964,15611484406470622,13
86,0,0,0,0,0,1914,15611484406470622,14
155,0,0,0,0,0,1845,15611484406470622,15
111,0,0,0,0,0,1889,15611484406470622,16
91,0,0,0,0,0,1909,15611484406470622,17
39,0,0,0,0,0,1961,15611484406470622,18
42,0,0,0,0,0,1958,15611484406470622,19
97,0,0,0,0,0,1903,15611484406470622,20
265,0,0,0,0,60,1675,15611484406470622,21
160,0,0,0,0,0,1840,15611484406470622,22
179,0,0,0,0,0,1821,15611484406470622,23
174,0,0,0,0,0,1826,15611484406470622,24
262,0,0,0,0,0,1738,15611484406470622,25
139,0,0,0,0,0,1861,15611484406470622,26
55,0,0,0,0,0,1945,15611484406470622,27
277,0,0,0,0,0,1723,15611484406470622,28
114,0,0,0,0,0,1886,15611484406470622,29
99,0,0,0,0,0,1901,15611484406470622,30
109,0,185,0,0,0,1706,15611484406470622,31
56,0,0,0,0,0,1944,15611484406470622,32
109,0,0,0,0,0,1891,15611484406470622,33
65,0,0,0,0,0,1935,15611484406470622,34
161,0,0,0,0,0,1839,15611484406470622,35
200,0,0,0,0,0,1800,15611484406470622,36
134,0,0,0,0,0,1866,15611484406470622,37
75,0,0,0,0,0,1925,15611484406470622,38
126,0,0,0,0,0,1874,15611484406470622,39
51,0,0,0,0,0,1949,15611484406470622,40
80,0,0,0,0,4,1916,15611484406470622,41
89,0,0,0,0,0,1911,15611484406470622,42
222,0,0,0,0,0,1778,15611484406470622,43
269,0,0,0,0,0,1731,15611484406470622,44
28,0,0,0,0,0,1972,15611484406470622,45
117,0,0,0,0,0,1883,15611484406470622,46
135,0,0,0,0,0,1865,15611484406470622,47
84,0,0,0,0,0,1916,15611484406470622,48
85,0,0,0,0,0,1915,15611484406470622,49
205,0,0,0,0,0,1795,15611484406470622,50
218,0,0,0,0,0,1782,15611484406470622,51
168,0,0,0,0,0,1832,15611484406470622,52
28,0,0,0,0,0,1972,15611484406470622,53
24,0,0,0,0,0,1976,15611484406470622,54
111,0,0,0,0,0,1889,15611484406470622,55
67,0,0,0,0,0,1933,15611484406470622,56
99,0,0,0,0,0,1901,15611484406470622,57
214,0,0,0,0,0,1786,15611484406470622,58
104,0,0,0,0,0,1896,15611484406470622,59
85,0,0,0,0,0,1915,15611484406470622,60
98,0,0,0,0,0,1902,15611484406470622,61
109,0,0,0,0,0,1891,15611484406470622,62
286,0,0,0,0,0,1714,15611484406470622,63
139,0,0,0,0,0,1861,15611484406470622,64
24,0,0,0,0,0,1976,15611484406470622,65
156,0,0,0,0,0,1844,15611484406470622,66
98,0,0,0,0,0,1902,15611484406470622,67
173,0,0,0,0,0,1827,15611484406470622,68
116,0,0,0,0,0,1884,15611484406470622,69
78,0,0,0,0,0,1922,15611484406470622,70
98,0,0,0,0,0,1902,15611484406470622,71
96,0,0,0,0,0,1904,15611484406470622,72
38,0,0,0,0,0,1962,15611484406470622,73
148,0,0,0,0,0,1852,15611484406470622,74
70,0,0,0,0,0,1930,15611484406470622,75
300,0,0,0,0,0,1700,15611484406470622,76
27,0,0,0,0,0,1973,15611484406470622,77
140,0,0,0,0,0,1860,15611484406470622,78
164,0,0,0,0,0,1836,15611484406470622,79
222,0,0,0,0,0,1778,15611484406470622,80
81,0,0,0,0,0,1919,15611484406470622,81
61,0,0,0,0,0,1939,15611484406470622,82
207,0,0,0,0,0,1793,15611484406470622,83
265,0,0,0,0,0,1735,15611484406470622,84
69,0,0,0,0,0,1931,15611484406470622,85
50,0,0,0,0,0,1950,15611484406470622,86
316,0,0,0,0,0,1684,15611484406470622,87
85,0,0,0,0,0,1915,15611484406470622,88
89,0,0,0,0,0,1911,15611484406470622,89
140,0,0,0,0,0,1860,15611484406470622,90
199,0,0,0,0,0,1801,15611484406470622,91
70,0,0,0,0,0,1930,15611484406470622,92
33,0,0,0,0,0,1967,15611484406470622,93
91,0,0,0,0,0,1909,15611484406470622,94
65,0,0,0,0,0,1935,15611484406470622,95
67,0,0,0,0,0,1933,15611484406470622,96
175,0,0,0,0,0,1825,15611484406470622,97
66,0,0,0,0,0,1934,15611484406470622,98
264,0,0,0,0,103,1633,15611484406470622,99
48,0,0,0,0,0,1952,15611484406470622,100
77,0,0,0,0,0,1923,15611484406470623,1
635,0,0,0,0,16,1349,15611484406470623,2
101,0,0,0,0,0,1899,15611484406470623,3
111,0,0,0,0,0,1889,15611484406470623,4
582,0,0,0,0,0,1418,15611484406470623,5
32,0,0,0,0,0,1968,15611484406470623,6
135,0,0,0,0,0,1865,15611484406470623,7
125,0,0,0,0,0,1875,15611484406470623,8
64,0,0,0,0,0,1936,15611484406470623,9
100,0,0,0,0,0,1900,15611484406470623,10
62,0,0,0,0,0,1938,15611484406470623,11
137,0,0,0,0,0,1863,15611484406470623,12
184,0,0,0,0,0,1816,15611484406470623,13
257,0,0,0,0,0,1743,15611484406470623,14
42,0,0,0,0,0,1958,15611484406470623,15
121,0,0,0,0,0,1879,15611484406470623,16
180,0,0,0,0,0,1820,15611484406470623,17
142,0,0,0,0,0,1858,15611484406470623,18
51,0,0,0,0,0,1949,15611484406470623,19
104,0,0,0,0,0,1896,15611484406470623,20
90,0,0,0,0,0,1910,15611484406470623,21
61,0,0,0,0,0,1939,15611484406470623,22
224,0,0,0,0,0,1776,15611484406470623,23
398,0,0,0,0,0,1602,15611484406470623,24
53,0,0,0,0,0,1947,15611484406470623,25
198,0,0,0,0,0,1802,15611484406470623,26
374,0,0,0,0,0,1626,15611484406470623,27
311,0,0,0,0,0,1689,15611484406470623,28
240,0,0,0,0,0,1760,15611484406470623,29
73,0,0,0,0,0,1927,15611484406470623,30
64,0,0,0,0,0,1936,15611484406470623,31
43,0,0,0,0,0,1957,15611484406470623,32
232,0,0,0,0,0,1768,15611484406470623,33
110,0,0,0,0,0,1890,15611484406470623,34
56,0,0,0,0,0,1944,15611484406470623,35
80,0,0,0,0,0,1920,15611484406470623,36
81,0,0,0,0,0,1919,15611484406470623,37
174,0,0,0,0,0,1826,15611484406470623,38
154,0,0,0,0,0,1846,15611484406470623,39
81,0,0,0,0,0,1919,15611484406470623,40
53,0,0,0,0,2,1945,15611484406470623,41
49,0,0,0,0,0,1951,15611484406470623,42
200,0,0,0,0,0,1800,15611484406470623,43
155,0,0,0,0,0,1845,15611484406470623,44
40,0,0,0,0,0,1960,15611484406470623,45
79,0,0,0,28,0,1893,15611484406470623,46
103,0,0,0,0,0,1897,15611484406470623,47
319,0,0,0,0,0,1681,15611484406470623,48
41,0,0,0,0,0,1959,15611484406470623,49
58,0,0,0,0,0,1942,15611484406470623,50
31,0,0,0,0,0,1969,15611484406470623,51
45,0,0,0,0,0,1955,15611484406470623,52
55,0,0,0,0,0,1945,15611484406470623,53
80,0,0,0,0,32,1888,15611484406470623,54
39,0,0,0,13,82,1866,15611484406470623,55
109,0,0,0,0,0,1891,15611484406470623,56
117,0,0,0,0,0,1883,15611484406470623,57
271,0,0,0,0,0,1729,15611484406470623,58
159,0,0,0,0,0,1841,15611484406470623,59
159,0,0,0,0,0,1841,15611484406470623,60
114,0,0,0,0,0,1886,15611484406470623,61
37,0,0,0,0,0,1963,15611484406470623,62
249,0,0,0,0,75,1676,15611484406470623,63
174,0,0,0,0,0,1826,15611484406470623,64
126,0,0,0,0,0,1874,15611484406470623,65
223,0,0,0,0,0,1777,15611484406470623,66
84,0,0,0,0,0,1916,15611484406470623,67
70,0,0,0,0,0,1930,15611484406470623,68
271,0,0,0,0,0,1729,15611484406470623,69
89,0,0,0,0,0,1911,15611484406470623,70
149,0,0,0,0,0,1851,15611484406470623,71
64,216,0,0,0,0,1720,15611484406470623,72
153,0,0,0,0,0,1847,15611484406470623,73
87,0,0,0,0,0,1913,15611484406470623,74
138,0,0,0,0,0,1862,15611484406470623,75
67,0,0,0,0,0,1933,15611484406470623,76
95,0,0,0,0,0,1905,15611484406470623,77
106,0,0,0,0,0,1894,15611484406470623,78
18,0,0,0,0,0,1982,15611484406470623,79
168,153,0,0,0,0,1679,15611484406470623,80
92,0,0,0,0,0,1908,15611484406470623,81
173,0,0,0,0,0,1827,15611484406470623,82
177,0,0,0,0,0,1823,15611484406470623,83
215,0,0,0,0,0,1785,15611484406470623,84
127,0,0,0,0,0,1873,15611484406470623,85
208,0,0,0,0,0,1792,15611484406470623,86
126,0,0,0,0,0,1874,15611484406470623,87
249,0,0,0,0,0,1751,15611484406470623,88
95,0,0,0,0,0,1905,15611484406470623,89
67,0,0,0,0,0,1933,15611484406470623,90
51,0,0,0,0,42,1907,15611484406470623,91
133,160,0,0,0,0,1707,15611484406470623,92
154,0,0,0,0,0,1846,15611484406470623,93
121,0,0,0,0,0,1879,15611484406470623,94
51,0,0,0,0,0,1949,15611484406470623,95
191,0,0,0,0,0,1809,15611484406470623,96
78,0,0,0,0,54,1868,15611484406470623,97
264,0,0,0,0,28,1708,15611484406470623,98
123,0,0,0,0,0,1877,15611484406470623,99
103,0,0,0,0,0,1897,15611484406470623,100
101,0,0,0,0,0,1899,15611484423247831,1
144,180,0,0,0,0,1676,15611484423247831,2
76,0,0,0,0,0,1924,15611484423247831,3
68,0,0,0,0,0,1932,15611484423247831,4
56,0,0,0,0,10,1934,15611484423247831,5
63,0,0,0,0,0,1937,15611484423247831,6
99,0,0,0,0,0,1901,15611484423247831,7
163,0,0,0,0,0,1837,15611484423247831,8
128,0,0,0,0,0,1872,15611484423247831,9
49,0,0,0,0,0,1951,15611484423247831,10
64,0,0,0,0,0,1936,15611484423247831,11
107,0,0,0,0,0,1893,15611484423247831,12
76,0,0,0,0,0,1924,15611484423247831,13
223,0,0,0,0,0,1777,15611484423247831,14
274,0,0,0,0,0,1726,15611484423247831,15
67,0,0,0,0,0,1933,15611484423247831,16
98,0,0,0,0,0,1902,15611484423247831,17
59,0,0,0,0,0,1941,15611484423247831,18
31,0,0,0,0,0,1969,15611484423247831,19
113,0,0,0,0,0,1887,15611484423247831,20
72,0,0,0,0,0,1928,15611484423247831,21
78,0,0,0,0,0,1922,15611484423247831,22
98,0,0,0,0,0,1902,15611484423247831,23
97,0,0,0,0,79,1824,15611484423247831,24
118,0,0,0,0,0,1882,15611484423247831,25
28,0,0,0,0,0,1972,15611484423247831,26
175,0,0,0,0,1,1824,15611484423247831,27
21,0,0,0,0,0,1979,15611484423247831,28
72,0,0,0,0,0,1928,15611484423247831,29
78,0,0,0,0,21,1901,15611484423247831,30
27,0,0,0,0,0,1973,15611484423247831,31
51,0,0,0,0,0,1949,15611484423247831,32
82,0,0,0,0,0,1918,15611484423247831,33
74,0,0,0,0,0,1926,15611484423247831,34
22,0,0,0,0,0,1978,15611484423247831,35
88,0,0,0,0,0,1912,15611484423247831,36
33,0,0,0,0,0,1967,15611484423247831,37
36,0,0,0,0,46,1918,15611484423247831,38
107,0,0,0,0,0,1893,15611484423247831,39
255,0,0,0,0,0,1745,15611484423247831,40
230,0,0,0,0,0,1770,15611484423247831,41
53,0,0,0,0,0,1947,15611484423247831,42
55,0,0,0,0,0,1945,15611484423247831,43
86,0,0,0,0,0,1914,15611484423247831,44
159,0,0,0,0,0,1841,15611484423247831,45
114,0,0,0,0,0,1886,15611484423247831,46
66,0,0,0,0,0,1934,15611484423247831,47
168,0,0,0,0,0,1832,15611484423247831,48
41,0,0,0,0,0,1959,15611484423247831,49
58,0,0,0,0,0,1942,15611484423247831,50
103,0,0,0,0,0,1897,15611484423247831,51
120,0,0,0,0,0,1880,15611484423247831,52
45,0,0,0,0,0,1955,15611484423247831,53
130,0,0,0,0,0,1870,15611484423247831,54
124,91,0,0,0,0,1785,15611484423247831,55
28,0,0,32,0,0,1940,15611484423247831,56
71,0,0,0,0,0,1929,15611484423247831,57
207,0,0,0,0,0,1793,15611484423247831,58
73,0,0,0,0,0,1927,15611484423247831,59
80,0,0,0,0,0,1920,15611484423247831,60
34,0,0,0,0,0,1966,15611484423247831,61
76,0,0,0,0,0,1924,15611484423247831,62
93,0,0,0,0,0,1907,15611484423247831,63
132,0,0,0,0,0,1868,15611484423247831,64
103,0,0,0,0,66,1831,15611484423247831,65
107,0,0,0,0,0,1893,15611484423247831,66
63,0,0,0,0,0,1937,15611484423247831,67
177,0,0,0,0,0,1823,15611484423247831,68
242,0,0,0,0,0,1758,15611484423247831,69
107,0,0,0,0,0,1893,15611484423247831,70
83,0,0,0,0,51,1866,15611484423247831,71
399,0,0,0,0,0,1601,15611484423247831,72
45,0,0,0,0,0,1955,15611484423247831,73
72,0,0,0,0,0,1928,15611484423247831,74
212,0,0,0,0,0,1788,15611484423247831,75
15,0,0,0,0,0,1985,15611484423247831,76
113,0,0,0,0,0,1887,15611484423247831,77
76,0,0,0,0,0,1924,15611484423247831,78
32,0,0,0,0,0,1968,15611484423247831,79
236,12,0,0,0,0,1752,15611484423247831,80
41,0,0,0,0,0,1959,15611484423247831,81
53,0,0,0,0,0,1947,15611484423247831,82
218,0,0,0,0,30,1752,15611484423247831,83
270,0,0,0,0,0,1730,15611484423247831,84
139,0,0,0,0,0,1861,15611484423247831,85
107,0,0,0,0,0,1893,15611484423247831,86
201,0,0,0,0,0,1799,15611484423247831,87
153,0,0,0,0,0,1847,15611484423247831,88
125,0,0,0,0,0,1875,15611484423247831,89
232,0,0,0,0,0,1768,15611484423247831,90
178,0,0,0,0,0,1822,15611484423247831,91
64,0,0,0,0,0,1936,15611484423247831,92
494,0,0,0,0,0,1506,15611484423247831,93
130,0,0,0,0,0,1870,15611484423247831,94
78,0,0,0,0,0,1922,15611484423247831,95
95,0,0,0,0,0,1905,15611484423247831,96
108,0,0,0,0,0,1892,15611484423247831,97
153,0,0,0,0,0,1847,15611484423247831,98
117,0,0,0,0,89,1794,15611484423247831,99
265,0,0,0,0,0,1735,15611484423247831,100
71,0,0,0,0,0,1929,15611484423249886,1
155,0,0,0,0,67,1778,15611484423249886,2
387,0,0,0,0,0,1613,15611484423249886,3
103,0,0,0,0,0,1897,15611484423249886,4
31,0,0,0,0,0,1969,15611484423249886,5
68,0,0,0,0,0,1932,15611484423249886,6
171,0,0,0,0,0,1829,15611484423249886,7
208,0,0,0,0,42,1750,15611484423249886,8
150,0,0,0,0,0,1850,15611484423249886,9
375,0,0,0,0,0,1625,15611484423249886,10
285,0,0,0,0,0,1715,15611484423249886,11
147,0,0,0,0,0,1853,15611484423249886,12
178,0,0,0,0,0,1822,15611484423249886,13
66,0,0,0,0,0,1934,15611484423249886,14
287,0,0,0,0,0,1713,15611484423249886,15
59,0,0,0,0,1,1940,15611484423249886,16
62,0,0,0,0,0,1938,15611484423249886,17
54,0,0,0,0,0,1946,15611484423249886,18
43,0,0,0,0,0,1957,15611484423249886,19
268,0,0,0,0,0,1732,15611484423249886,20
78,0,0,0,0,0,1922,15611484423249886,21
86,0,0,0,0,80,1834,15611484423249886,22
57,0,0,0,0,60,1883,15611484423249886,23
190,0,0,0,0,7,1803,15611484423249886,24
172,0,0,0,0,127,1701,15611484423249886,25
382,0,0,0,0,0,1618,15611484423249886,26
220,0,0,0,0,0,1780,15611484423249886,27
198,0,0,0,0,0,1802,15611484423249886,28
53,0,0,0,0,0,1947,15611484423249886,29
220,0,0,0,0,41,1739,15611484423249886,30
20,0,0,0,0,229,1751,15611484423249886,31
113,0,0,0,0,26,1861,15611484423249886,32
237,0,0,0,0,0,1763,15611484423249886,33
46,0,0,0,0,144,1810,15611484423249886,34
96,0,0,0,0,0,1904,15611484423249886,35
145,0,0,0,20,0,1835,15611484423249886,36
36,0,0,0,0,0,1964,15611484423249886,37
60,0,0,0,0,0,1940,15611484423249886,38
59,0,0,0,0,31,1910,15611484423249886,39
66,0,0,0,0,0,1934,15611484423249886,40
49,0,0,0,0,0,1951,15611484423249886,41
258,0,0,0,0,0,1742,15611484423249886,42
115,0,0,0,0,0,1885,15611484423249886,43
524,0,0,0,0,0,1476,15611484423249886,44
157,0,0,0,0,0,1843,15611484423249886,45
230,0,0,0,22,4,1744,15611484423249886,46
216,0,0,0,0,0,1784,15611484423249886,47
47,0,0,0,0,10,1943,15611484423249886,48
38,0,0,0,0,0,1962,15611484423249886,49
187,0,0,0,0,98,1715,15611484423249886,50
67,0,0,0,0,0,1933,15611484423249886,51
232,0,0,0,0,0,1768,15611484423249886,52
207,0,0,0,0,38,1755,15611484423249886,53
104,0,0,0,0,0,1896,15611484423249886,54
65,0,36,0,0,0,1899,15611484423249886,55
414,0,0,0,0,0,1586,15611484423249886,56
332,0,0,0,0,120,1548,15611484423249886,57
439,0,0,0,0,0,1561,15611484423249886,58
99,0,0,0,0,0,1901,15611484423249886,59
259,0,0,0,0,0,1741,15611484423249886,60
225,0,0,0,0,0,1775,15611484423249886,61
62,0,0,0,0,0,1938,15611484423249886,62
117,0,0,0,0,0,1883,15611484423249886,63
44,0,0,0,0,0,1956,15611484423249886,64
462,0,0,0,0,0,1538,15611484423249886,65
102,0,0,0,0,0,1898,15611484423249886,66
286,0,0,0,0,44,1670,15611484423249886,67
152,0,0,0,0,190,1658,15611484423249886,68
108,0,0,0,0,0,1892,15611484423249886,69
150,0,0,0,0,23,1827,15611484423249886,70
77,0,0,0,0,0,1923,15611484423249886,71
303,0,0,0,0,0,1697,15611484423249886,72
113,0,0,0,0,0,1887,15611484423249886,73
466,0,0,0,0,0,1534,15611484423249886,74
159,0,0,0,0,0,1841,15611484423249886,75
196,0,0,0,0,19,1785,15611484423249886,76
287,0,0,0,0,0,1713,15611484423249886,77
52,0,0,0,0,0,1948,15611484423249886,78
318,0,0,0,0,126,1556,15611484423249886,79
300,0,0,0,0,4,1696,15611484423249886,80
25,0,0,0,0,0,1975,15611484423249886,81
152,0,0,0,0,0,1848,15611484423249886,82
68,0,0,0,0,0,1932,15611484423249886,83
210,0,0,0,0,0,1790,15611484423249886,84
343,0,0,0,0,0,1657,15611484423249886,85
282,0,0,0,0,0,1718,15611484423249886,86
337,0,0,0,0,0,1663,15611484423249886,87
92,0,0,0,0,37,1871,15611484423249886,88
82,0,0,0,0,320,1598,15611484423249886,89
222,0,0,0,0,0,1778,15611484423249886,90
185,0,0,0,0,14,1801,15611484423249886,91
122,0,0,0,0,4,1874,15611484423249886,92
437,0,0,0,0,0,1563,15611484423249886,93
254,0,0,0,0,0,1746,15611484423249886,94
46,0,0,0,0,0,1954,15611484423249886,95
371,0,0,0,0,0,1629,15611484423249886,96
54,0,0,0,0,0,1946,15611484423249886,97
263,0,0,0,0,0,1737,15611484423249886,98
47,0,0,0,0,0,1953,15611484423249886,99
181,0,0,0,1,0,1818,15611484423249886,100
28,0,0,0,0,0,1972,15611484423249887,1
279,0,0,0,0,0,1721,15611484423249887,2
216,0,0,0,0,0,1784,15611484423249887,3
188,0,0,0,0,10,1802,15611484423249887,4
210,0,0,0,0,0,1790,15611484423249887,5
195,0,0,0,0,0,1805,15611484423249887,6
181,0,0,0,0,0,1819,15611484423249887,7
120,0,0,0,0,0,1880,15611484423249887,8
114,0,0,0,0,76,1810,15611484423249887,9
254,0,0,0,0,0,1746,15611484423249887,10
68,0,0,0,0,0,1932,15611484423249887,11
93,0,0,0,0,0,1907,15611484423249887,12
149,0,0,0,0,0,1851,15611484423249887,13
62,0,0,0,0,0,1938,15611484423249887,14
251,0,0,0,0,37,1712,15611484423249887,15
55,0,0,0,0,0,1945,15611484423249887,16
176,0,0,0,0,0,1824,15611484423249887,17
29,0,0,0,0,0,1971,15611484423249887,18
195,0,0,0,0,0,1805,15611484423249887,19
131,0,0,0,0,0,1869,15611484423249887,20
107,0,0,0,0,0,1893,15611484423249887,21
119,0,0,0,0,0,1881,15611484423249887,22
205,0,0,0,0,20,1775,15611484423249887,23
162,0,0,0,0,0,1838,15611484423249887,24
141,0,0,0,0,0,1859,15611484423249887,25
188,0,0,0,0,0,1812,15611484423249887,26
226,0,0,0,0,0,1774,15611484423249887,27
336,0,0,0,0,45,1619,15611484423249887,28
106,0,0,0,0,0,1894,15611484423249887,29
46,0,0,0,0,0,1954,15611484423249887,30
190,0,0,0,0,158,1652,15611484423249887,31
405,0,0,0,0,0,1595,15611484423249887,32
58,0,0,0,0,0,1942,15611484423249887,33
64,0,0,0,0,0,1936,15611484423249887,34
164,0,0,0,0,0,1836,15611484423249887,35
221,0,0,0,0,46,1733,15611484423249887,36
138,0,0,0,0,0,1862,15611484423249887,37
135,0,0,0,0,0,1865,15611484423249887,38
54,0,0,0,0,0,1946,15611484423249887,39
168,0,0,0,0,0,1832,15611484423249887,40
52,0,0,0,0,0,1948,15611484423249887,41
101,0,0,0,0,0,1899,15611484423249887,42
122,0,0,0,0,108,1770,15611484423249887,43
383,0,0,0,0,0,1617,15611484423249887,44
141,0,0,0,0,0,1859,15611484423249887,45
240,0,0,0,0,39,1721,15611484423249887,46
277,0,0,0,0,0,1723,15611484423249887,47
89,0,0,0,0,0,1911,15611484423249887,48
210,0,0,0,0,0,1790,15611484423249887,49
72,0,0,0,0,0,1928,15611484423249887,50
93,0,0,0,0,0,1907,15611484423249887,51
487,0,0,0,0,0,1513,15611484423249887,52
173,0,0,0,0,0,1827,15611484423249887,53
168,0,0,0,0,0,1832,15611484423249887,54
327,0,0,0,0,0,1673,15611484423249887,55
162,0,0,0,0,0,1838,15611484423249887,56
249,0,0,0,0,0,1751,15611484423249887,57
199,0,0,0,0,0,1801,15611484423249887,58
197,0,0,0,0,0,1803,15611484423249887,59
211,0,0,0,0,0,1789,15611484423249887,60
173,0,0,0,0,78,1749,15611484423249887,61
260,0,0,0,0,0,1740,15611484423249887,62
80,4,0,0,0,0,1916,15611484423249887,63
170,0,0,0,0,0,1830,15611484423249887,64
24,0,0,0,0,184,1792,15611484423249887,65
372,0,0,0,0,75,1553,15611484423249887,66
28,0,0,0,0,0,1972,15611484423249887,67
386,0,0,0,0,0,1614,15611484423249887,68
130,0,0,0,0,0,1870,15611484423249887,69
108,0,0,0,0,0,1892,15611484423249887,70
83,0,0,0,0,0,1917,15611484423249887,71
274,0,0,0,0,37,1689,15611484423249887,72
83,0,0,0,0,0,1917,15611484423249887,73
169,0,0,0,0,0,1831,15611484423249887,74
227,0,0,0,0,0,1773,15611484423249887,75
159,0,0,0,0,0,1841,15611484423249887,76
174,0,0,0,0,0,1826,15611484423249887,77
389,0,0,0,0,0,1611,15611484423249887,78
124,0,0,0,0,0,1876,15611484423249887,79
118,0,0,0,0,0,1882,15611484423249887,80
33,0,0,0,0,0,1967,15611484423249887,81
147,0,0,0,0,0,1853,15611484423249887,82
331,0,0,0,0,0,1669,15611484423249887,83
78,0,0,0,0,0,1922,15611484423249887,84
272,0,0,0,0,0,1728,15611484423249887,85
234,0,0,0,0,0,1766,15611484423249887,86
92,0,0,0,0,0,1908,15611484423249887,87
174,0,0,0,0,0,1826,15611484423249887,88
415,0,0,0,0,0,1585,15611484423249887,89
60,0,0,0,0,0,1940,15611484423249887,90
150,0,0,0,0,0,1850,15611484423249887,91
72,0,0,0,0,0,1928,15611484423249887,92
174,0,0,0,0,0,1826,15611484423249887,93
188,0,0,0,0,0,1812,15611484423249887,94
75,0,0,0,0,0,1925,15611484423249887,95
68,0,0,0,0,0,1932,15611484423249887,96
186,0,0,0,0,0,1814,15611484423249887,97
121,0,0,0,0,0,1879,15611484423249887,98
73,0,0,0,0,0,1927,15611484423249887,99
171,0,0,0,0,173,1656,15611484423249887,100
63,0,0,0,0,0,1937,15612549541582814,1
84,0,0,0,0,0,1916,15612549541582814,2
173,0,0,0,0,0,1827,15612549541582814,3
69,0,0,0,0,0,1931,15612549541582814,4
128,0,0,0,0,0,1872,15612549541582814,5
287,0,0,0,0,0,1713,15612549541582814,6
79,0,0,0,0,0,1921,15612549541582814,7
50,0,0,0,0,0,1950,15612549541582814,8
151,0,0,0,0,4,1845,15612549541582814,9
81,0,0,0,0,0,1919,15612549541582814,10
33,0,0,0,0,0,1967,15612549541582814,11
35,0,0,0,0,0,1965,15612549541582814,12
90,0,0,0,0,0,1910,15612549541582814,13
132,0,0,0,0,0,1868,15612549541582814,14
52,0,0,0,0,0,1948,15612549541582814,15
298,0,0,0,0,0,1702,15612549541582814,16
58,0,0,0,0,0,1942,15612549541582814,17
66,0,0,0,0,0,1934,15612549541582814,18
216,0,0,0,0,10,1774,15612549541582814,19
102,0,0,0,0,0,1898,15612549541582814,20
33,0,0,0,0,0,1967,15612549541582814,21
85,0,0,0,0,0,1915,15612549541582814,22
170,0,0,0,0,0,1830,15612549541582814,23
140,125,0,0,0,0,1735,15612549541582814,24
128,0,0,0,0,0,1872,15612549541582814,25
63,0,0,0,0,0,1937,15612549541582814,26
180,0,0,0,0,0,1820,15612549541582814,27
47,0,0,0,0,0,1953,15612549541582814,28
69,0,0,0,0,0,1931,15612549541582814,29
86,0,0,0,0,0,1914,15612549541582814,30
31,0,0,0,0,0,1969,15612549541582814,31
196,0,0,0,0,0,1804,15612549541582814,32
69,0,0,0,0,0,1931,15612549541582814,33
164,0,0,0,0,0,1836,15612549541582814,34
39,0,0,0,0,0,1961,15612549541582814,35
52,0,0,0,0,0,1948,15612549541582814,36
54,0,0,0,0,0,1946,15612549541582814,37
33,0,0,0,0,0,1967,15612549541582814,38
375,0,0,0,0,0,1625,15612549541582814,39
59,0,5,0,0,0,1936,15612549541582814,40
47,0,0,0,0,0,1953,15612549541582814,41
71,0,0,0,0,0,1929,15612549541582814,42
122,0,0,0,0,0,1878,15612549541582814,43
57,0,0,0,0,0,1943,15612549541582814,44
55,0,0,0,0,0,1945,15612549541582814,45
51,0,0,0,0,0,1949,15612549541582814,46
122,0,0,0,0,0,1878,15612549541582814,47
84,0,0,0,0,0,1916,15612549541582814,48
50,0,0,0,0,0,1950,15612549541582814,49
68,0,0,0,0,0,1932,15612549541582814,50
87,0,0,0,0,0,1913,15612549541582814,51
91,0,0,0,0,0,1909,15612549541582814,52
96,0,0,0,0,0,1904,15612549541582814,53
99,0,0,0,0,162,1739,15612549541582814,54
114,0,0,0,0,0,1886,15612549541582814,55
80,0,0,0,0,0,1920,15612549541582814,56
41,350,0,0,0,0,1609,15612549541582814,57
89,0,0,0,0,0,1911,15612549541582814,58
117,0,0,0,0,0,1883,15612549541582814,59
151,0,0,0,0,0,1849,15612549541582814,60
64,0,0,0,0,0,1936,15612549541582814,61
172,0,0,0,0,0,1828,15612549541582814,62
112,0,0,0,0,0,1888,15612549541582814,63
73,0,0,0,0,0,1927,15612549541582814,64
151,0,0,0,0,0,1849,15612549541582814,65
36,0,0,0,0,0,1964,15612549541582814,66
90,0,0,0,0,0,1910,15612549541582814,67
64,0,0,0,0,0,1936,15612549541582814,68
110,0,0,0,0,61,1829,15612549541582814,69
160,0,0,0,0,0,1840,15612549541582814,70
96,0,0,0,0,0,1904,15612549541582814,71
169,0,0,0,0,0,1831,15612549541582814,72
195,0,0,0,0,0,1805,15612549541582814,73
49,0,0,0,0,0,1951,15612549541582814,74
35,0,0,0,0,0,1965,15612549541582814,75
34,0,0,0,0,0,1966,15612549541582814,76
73,0,0,0,0,0,1927,15612549541582814,77
72,0,0,0,0,0,1928,15612549541582814,78
118,0,0,0,0,0,1882,15612549541582814,79
72,0,0,0,0,0,1928,15612549541582814,80
49,0,0,0,0,0,1951,15612549541582814,81
112,0,0,0,0,253,1635,15612549541582814,82
90,0,0,0,0,0,1910,15612549541582814,83
75,0,0,0,0,0,1925,15612549541582814,84
31,0,0,0,0,0,1969,15612549541582814,85
61,0,0,0,0,0,1939,15612549541582814,86
52,0,0,0,0,0,1948,15612549541582814,87
317,0,0,0,0,0,1683,15612549541582814,88
76,0,0,0,0,0,1924,15612549541582814,89
44,0,0,0,0,0,1956,15612549541582814,90
83,0,0,0,0,0,1917,15612549541582814,91
123,0,0,0,0,0,1877,15612549541582814,92
102,0,0,0,0,0,1898,15612549541582814,93
100,0,0,0,0,0,1900,15612549541582814,94
108,0,0,0,0,0,1892,15612549541582814,95
58,0,0,0,0,0,1942,15612549541582814,96
46,0,0,0,0,0,1954,15612549541582814,97
115,0,0,0,0,0,1885,15612549541582814,98
108,0,0,0,0,0,1892,15612549541582814,99
236,0,179,0,0,0,1585,15612549541582814,100
78,0,0,0,0,0,1922,15612549541582815,1
176,0,0,0,0,0,1824,15612549541582815,2
65,0,0,0,0,0,1935,15612549541582815,3
72,0,0,0,0,0,1928,15612549541582815,4
103,0,0,0,0,0,1897,15612549541582815,5
70,0,0,0,0,0,1930,15612549541582815,6
87,0,0,0,0,0,1913,15612549541582815,7
64,0,0,0,0,72,1864,15612549541582815,8
25,0,0,0,0,0,1975,15612549541582815,9
184,0,0,0,0,0,1816,15612549541582815,10
43,0,0,0,0,0,1957,15612549541582815,11
381,0,0,0,0,0,1619,15612549541582815,12
164,0,0,0,0,42,1794,15612549541582815,13
38,0,0,0,0,0,1962,15612549541582815,14
48,0,0,0,0,0,1952,15612549541582815,15
73,0,0,0,0,45,1882,15612549541582815,16
30,0,0,0,0,0,1970,15612549541582815,17
46,0,0,0,0,0,1954,15612549541582815,18
153,0,0,0,0,0,1847,15612549541582815,19
151,0,0,0,0,0,1849,15612549541582815,20
121,0,0,0,0,0,1879,15612549541582815,21
31,0,0,0,0,0,1969,15612549541582815,22
48,0,0,0,0,0,1952,15612549541582815,23
26,0,0,0,0,0,1974,15612549541582815,24
98,0,0,0,0,0,1902,15612549541582815,25
36,0,0,0,0,0,1964,15612549541582815,26
56,0,0,0,0,0,1944,15612549541582815,27
81,0,0,0,0,0,1919,15612549541582815,28
85,0,0,0,0,0,1915,15612549541582815,29
106,0,0,0,0,0,1894,15612549541582815,30
23,0,0,0,0,0,1977,15612549541582815,31
54,0,0,0,0,0,1946,15612549541582815,32
49,0,0,0,0,0,1951,15612549541582815,33
73,0,0,0,0,0,1927,15612549541582815,34
48,0,0,0,0,8,1944,15612549541582815,35
38,0,0,0,0,116,1846,15612549541582815,36
23,0,0,0,0,0,1977,15612549541582815,37
37,0,0,0,0,0,1963,15612549541582815,38
34,0,0,0,0,0,1966,15612549541582815,39
53,0,0,0,0,0,1947,15612549541582815,40
106,0,0,0,0,0,1894,15612549541582815,41
144,0,0,0,0,0,1856,15612549541582815,42
93,0,0,0,0,0,1907,15612549541582815,43
151,0,0,0,0,0,1849,15612549541582815,44
136,0,0,0,0,0,1864,15612549541582815,45
103,0,0,0,0,0,1897,15612549541582815,46
20,0,0,0,0,0,1980,15612549541582815,47
90,0,0,0,0,0,1910,15612549541582815,48
300,0,0,0,0,0,1700,15612549541582815,49
88,0,0,0,0,0,1912,15612549541582815,50
189,0,0,0,0,112,1699,15612549541582815,51
85,0,0,0,0,0,1915,15612549541582815,52
28,0,0,0,0,0,1972,15612549541582815,53
73,0,0,0,0,0,1927,15612549541582815,54
223,0,0,0,0,0,1777,15612549541582815,55
87,0,0,0,0,75,1838,15612549541582815,56
98,0,0,0,0,0,1902,15612549541582815,57
234,0,0,0,0,0,1766,15612549541582815,58
35,0,0,0,0,0,1965,15612549541582815,59
28,0,0,0,0,0,1972,15612549541582815,60
86,0,0,0,0,0,1914,15612549541582815,61
245,0,0,0,0,0,1755,15612549541582815,62
27,0,0,0,0,0,1973,15612549541582815,63
104,0,0,0,0,0,1896,15612549541582815,64
195,0,0,0,0,0,1805,15612549541582815,65
154,0,0,0,0,0,1846,15612549541582815,66
55,0,0,0,0,0,1945,15612549541582815,67
217,0,0,0,0,0,1783,15612549541582815,68
94,0,0,0,0,0,1906,15612549541582815,69
85,0,0,0,0,0,1915,15612549541582815,70
43,0,0,0,0,0,1957,15612549541582815,71
49,0,0,0,0,0,1951,15612549541582815,72
30,0,0,0,0,0,1970,15612549541582815,73
71,0,0,0,0,0,1929,15612549541582815,74
43,0,0,0,0,0,1957,15612549541582815,75
35,0,0,0,0,0,1965,15612549541582815,76
88,0,0,0,0,0,1912,15612549541582815,77
41,0,0,0,0,0,1959,15612549541582815,78
178,0,0,0,0,0,1822,15612549541582815,79
51,0,0,0,0,0,1949,15612549541582815,80
75,0,0,0,0,0,1925,15612549541582815,81
18,0,0,0,0,0,1982,15612549541582815,82
145,0,0,0,0,0,1855,15612549541582815,83
55,0,0,0,0,0,1945,15612549541582815,84
56,0,0,0,0,0,1944,15612549541582815,85
40,0,0,0,0,0,1960,15612549541582815,86
469,0,0,0,0,210,1321,15612549541582815,87
313,0,0,0,0,0,1687,15612549541582815,88
45,0,0,0,0,19,1936,15612549541582815,89
84,0,0,0,0,0,1916,15612549541582815,90
33,0,0,0,0,39,1928,15612549541582815,91
57,0,0,0,0,0,1943,15612549541582815,92
133,0,0,0,0,0,1867,15612549541582815,93
51,0,0,0,0,0,1949,15612549541582815,94
61,0,0,0,0,0,1939,15612549541582815,95
66,0,0,0,0,0,1934,15612549541582815,96
31,14,0,0,0,0,1955,15612549541582815,97
54,0,0,0,0,0,1946,15612549541582815,98
78,0,0,0,0,0,1922,15612549541582815,99
38,0,0,0,0,0,1962,15612549541582815,100
264,0,0,0,0,0,1736,15612549575137246,1
160,0,0,0,5,0,1835,15612549575137246,2
100,0,0,0,0,0,1900,15612549575137246,3
52,0,0,0,0,0,1948,15612549575137246,4
69,0,0,0,0,0,1931,15612549575137246,5
66,0,0,0,0,102,1832,15612549575137246,6
95,0,0,0,0,0,1905,15612549575137246,7
86,0,0,0,0,87,1827,15612549575137246,8
12,0,0,0,0,0,1988,15612549575137246,9
63,0,0,0,0,0,1937,15612549575137246,10
35,0,0,0,0,0,1965,15612549575137246,11
30,0,0,0,0,246,1724,15612549575137246,12
88,0,0,0,0,0,1912,15612549575137246,13
34,0,0,0,0,0,1966,15612549575137246,14
140,0,0,0,0,0,1860,15612549575137246,15
128,0,0,0,0,0,1872,15612549575137246,16
84,0,0,0,0,0,1916,15612549575137246,17
64,0,0,0,0,0,1936,15612549575137246,18
26,0,0,0,30,2,1942,15612549575137246,19
114,0,0,0,0,0,1886,15612549575137246,20
134,0,0,0,0,0,1866,15612549575137246,21
77,0,0,0,0,0,1923,15612549575137246,22
69,0,0,0,0,0,1931,15612549575137246,23
313,0,0,0,0,0,1687,15612549575137246,24
86,0,0,0,0,0,1914,15612549575137246,25
125,0,0,0,0,0,1875,15612549575137246,26
396,0,0,0,0,0,1604,15612549575137246,27
122,0,0,0,0,0,1878,15612549575137246,28
139,0,0,0,0,0,1861,15612549575137246,29
72,0,0,0,22,0,1906,15612549575137246,30
145,0,0,0,0,0,1855,15612549575137246,31
123,0,0,0,98,0,1779,15612549575137246,32
91,0,0,0,0,0,1909,15612549575137246,33
109,0,0,0,0,0,1891,15612549575137246,34
99,0,0,0,0,0,1901,15612549575137246,35
70,0,0,0,0,0,1930,15612549575137246,36
80,0,0,0,0,0,1920,15612549575137246,37
49,0,0,0,0,0,1951,15612549575137246,38
119,0,0,0,0,0,1881,15612549575137246,39
118,0,0,0,0,0,1882,15612549575137246,40
88,0,0,0,0,0,1912,15612549575137246,41
65,0,0,0,0,0,1935,15612549575137246,42
113,0,0,0,0,0,1887,15612549575137246,43
39,0,0,0,51,0,1910,15612549575137246,44
100,0,0,0,78,0,1822,15612549575137246,45
44,0,0,0,0,0,1956,15612549575137246,46
98,0,0,0,0,0,1902,15612549575137246,47
56,0,0,0,0,0,1944,15612549575137246,48
81,0,0,0,0,0,1919,15612549575137246,49
133,0,0,0,0,212,1655,15612549575137246,50
147,0,0,0,0,0,1853,15612549575137246,51
113,0,0,0,0,99,1788,15612549575137246,52
59,0,0,0,0,204,1737,15612549575137246,53
63,0,0,0,75,0,1862,15612549575137246,54
119,0,0,0,0,0,1881,15612549575137246,55
117,0,0,0,0,0,1883,15612549575137246,56
51,0,0,0,0,0,1949,15612549575137246,57
316,0,0,0,0,0,1684,15612549575137246,58
194,0,0,0,0,0,1806,15612549575137246,59
32,0,0,0,0,0,1968,15612549575137246,60
138,0,0,0,0,0,1862,15612549575137246,61
31,0,0,0,0,0,1969,15612549575137246,62
100,0,0,0,0,0,1900,15612549575137246,63
97,0,0,0,0,0,1903,15612549575137246,64
104,0,0,0,0,0,1896,15612549575137246,65
72,0,0,0,0,0,1928,15612549575137246,66
37,0,0,0,0,0,1963,15612549575137246,67
48,0,0,0,0,0,1952,15612549575137246,68
219,0,0,0,27,0,1754,15612549575137246,69
195,0,0,0,0,0,1805,15612549575137246,70
70,0,0,0,0,0,1930,15612549575137246,71
122,0,0,0,0,0,1878,15612549575137246,72
159,0,0,0,116,0,1725,15612549575137246,73
134,0,0,0,0,0,1866,15612549575137246,74
99,0,0,0,0,0,1901,15612549575137246,75
96,0,0,0,0,0,1904,15612549575137246,76
76,0,0,0,5,0,1919,15612549575137246,77
67,0,0,0,0,20,1913,15612549575137246,78
143,0,0,0,0,0,1857,15612549575137246,79
81,0,0,0,0,0,1919,15612549575137246,80
159,0,0,0,0,0,1841,15612549575137246,81
59,0,0,0,0,0,1941,15612549575137246,82
72,0,0,0,0,0,1928,15612549575137246,83
96,0,0,0,0,0,1904,15612549575137246,84
34,0,0,0,0,0,1966,15612549575137246,85
143,0,0,0,0,0,1857,15612549575137246,86
30,0,0,0,0,0,1970,15612549575137246,87
43,0,0,0,0,0,1957,15612549575137246,88
188,0,0,0,0,0,1812,15612549575137246,89
32,0,0,0,0,0,1968,15612549575137246,90
43,0,0,0,0,0,1957,15612549575137246,91
27,0,0,0,0,0,1973,15612549575137246,92
217,0,0,0,0,0,1783,15612549575137246,93
92,0,0,0,0,0,1908,15612549575137246,94
114,0,0,0,0,0,1886,15612549575137246,95
125,0,0,0,0,0,1875,15612549575137246,96
60,0,0,0,0,0,1940,15612549575137246,97
141,0,0,0,0,0,1859,15612549575137246,98
70,0,0,0,0,0,1930,15612549575137246,99
32,0,0,0,0,37,1931,15612549575137246,100
106,0,0,0,0,0,1894,15612549575139295,1
262,0,0,0,0,0,1738,15612549575139295,2
104,0,0,0,0,0,1896,15612549575139295,3
87,0,0,0,0,33,1880,15612549575139295,4
27,0,0,0,0,0,1973,15612549575139295,5
139,0,0,0,0,15,1846,15612549575139295,6
295,0,0,0,0,0,1705,15612549575139295,7
207,0,0,0,0,0,1793,15612549575139295,8
44,0,0,0,0,0,1956,15612549575139295,9
88,0,0,0,0,0,1912,15612549575139295,10
79,0,0,0,0,0,1921,15612549575139295,11
84,0,0,0,0,0,1916,15612549575139295,12
243,0,0,0,30,0,1727,15612549575139295,13
90,0,0,0,0,0,1910,15612549575139295,14
172,0,0,0,0,0,1828,15612549575139295,15
63,0,0,0,0,0,1937,15612549575139295,16
90,0,0,0,0,0,1910,15612549575139295,17
124,0,0,0,0,0,1876,15612549575139295,18
62,0,0,0,0,0,1938,15612549575139295,19
49,0,0,0,0,66,1885,15612549575139295,20
123,298,0,0,0,0,1579,15612549575139295,21
49,0,0,0,0,0,1951,15612549575139295,22
41,0,0,0,0,0,1959,15612549575139295,23
117,0,0,0,0,139,1744,15612549575139295,24
69,0,0,0,0,0,1931,15612549575139295,25
373,0,0,0,107,0,1520,15612549575139295,26
203,0,0,0,0,0,1797,15612549575139295,27
26,0,0,0,0,0,1974,15612549575139295,28
152,0,0,0,0,0,1848,15612549575139295,29
41,0,0,0,0,0,1959,15612549575139295,30
85,0,0,0,0,0,1915,15612549575139295,31
114,0,0,0,0,0,1886,15612549575139295,32
45,0,0,0,0,5,1950,15612549575139295,33
169,0,0,0,0,0,1831,15612549575139295,34
39,0,0,0,0,0,1961,15612549575139295,35
194,0,0,0,0,0,1806,15612549575139295,36
190,0,0,0,0,0,1810,15612549575139295,37
91,0,0,0,0,0,1909,15612549575139295,38
39,0,0,0,0,0,1961,15612549575139295,39
59,0,0,0,0,0,1941,15612549575139295,40
53,0,0,0,0,0,1947,15612549575139295,41
219,0,0,0,0,0,1781,15612549575139295,42
261,0,0,0,0,0,1739,15612549575139295,43
62,121,0,0,0,0,1817,15612549575139295,44
76,0,0,0,0,0,1924,15612549575139295,45
50,0,0,0,0,0,1950,15612549575139295,46
147,0,0,0,0,0,1853,15612549575139295,47
244,0,0,0,0,0,1756,15612549575139295,48
253,0,0,0,0,0,1747,15612549575139295,49
132,0,0,0,0,0,1868,15612549575139295,50
131,0,0,0,0,0,1869,15612549575139295,51
317,0,0,0,0,0,1683,15612549575139295,52
125,0,0,0,0,0,1875,15612549575139295,53
86,0,0,0,0,0,1914,15612549575139295,54
95,0,0,0,0,0,1905,15612549575139295,55
33,0,0,0,0,0,1967,15612549575139295,56
154,0,0,0,0,0,1846,15612549575139295,57
136,0,0,0,0,0,1864,15612549575139295,58
98,0,0,0,0,0,1902,15612549575139295,59
68,0,0,0,0,0,1932,15612549575139295,60
72,0,0,0,0,0,1928,15612549575139295,61
33,0,0,0,0,62,1905,15612549575139295,62
47,0,0,0,0,36,1917,15612549575139295,63
101,0,0,0,0,0,1899,15612549575139295,64
166,0,0,0,0,0,1834,15612549575139295,65
98,0,0,0,0,0,1902,15612549575139295,66
305,0,0,0,0,0,1695,15612549575139295,67
76,0,0,0,0,29,1895,15612549575139295,68
172,0,0,0,0,0,1828,15612549575139295,69
118,0,0,0,0,0,1882,15612549575139295,70
31,0,0,0,0,0,1969,15612549575139295,71
151,0,0,0,0,0,1849,15612549575139295,72
105,0,0,0,0,0,1895,15612549575139295,73
109,0,0,0,0,0,1891,15612549575139295,74
31,0,0,0,0,83,1886,15612549575139295,75
23,0,0,0,0,0,1977,15612549575139295,76
146,0,0,0,0,0,1854,15612549575139295,77
79,0,0,0,0,0,1921,15612549575139295,78
28,0,0,0,0,0,1972,15612549575139295,79
78,0,0,0,0,0,1922,15612549575139295,80
128,0,0,0,0,0,1872,15612549575139295,81
102,0,0,0,0,2,1896,15612549575139295,82
29,0,0,0,0,0,1971,15612549575139295,83
61,0,0,0,0,0,1939,15612549575139295,84
55,0,0,0,6,0,1939,15612549575139295,85
150,0,0,0,0,0,1850,15612549575139295,86
58,0,0,0,0,0,1942,15612549575139295,87
30,0,0,0,0,32,1938,15612549575139295,88
58,0,0,0,0,0,1942,15612549575139295,89
89,0,0,0,0,73,1838,15612549575139295,90
49,0,0,0,0,0,1951,15612549575139295,91
71,0,0,0,0,0,1929,15612549575139295,92
217,0,0,0,0,0,1783,15612549575139295,93
40,0,0,0,0,0,1960,15612549575139295,94
210,0,0,0,0,0,1790,15612549575139295,95
22,0,0,0,0,0,1978,15612549575139295,96
78,0,0,0,0,0,1922,15612549575139295,97
15,0,0,0,0,0,1985,15612549575139295,98
95,0,0,0,0,150,1755,15612549575139295,99
80,0,0,0,0,81,1839,15612549575139295,100
