MECOM	0.6937323092739617
PTPRT	0.6446270449736327
RUNX1	0.6284817907775719
MOB3B	0.6166712875489334
MEIS2	0.6071858884161452
RIMS2	0.5893290731322051
NRXN1	0.586153831107338
RBM47	0.5802262626081626
CCDC141	0.575771167587981
SAMD4	0.568560133047047
NEDD4L	0.5585507262450196
FMO2	0.5535978719093434
IL18R1	0.5515619217122236
NCKAP5	0.5509039037735115
MAGI1	0.5392271047704279
CDH13	0.5330755353254623
GABRP	0.5070063317515766
AHR	0.5056774815894933
EPSTI1	0.5020548253006282
PLCL2	0.49971645699449335
MCTP2	0.49839503336186186
PARD3B	0.4981782386642431
ATP11A	0.488562732956327
DOCK8	0.48426602040077793
NTN4	0.48239291300149134
CELF4	0.4810099132652044
HCN1	0.48038591164667055
PCLO	0.47970825666709993
CACNA1A	0.4768732993804856
PTPN13	0.4751790962753223
MTUS1	0.4733197691126093
FGF14	0.47194485214722476
ESR1	0.46878831969788676
TSPAN9	0.46759642323257306
WWC2	0.4674186106665507
ALCAM	0.4630216372657368
SCGB1A1	0.46202992970738044
CACNA2D1	0.46003515295631103
RARB	0.45978778955749044
SP100	0.4585969232359851
COL8A1	0.45694119552579554
MDFIC	0.45677332132565607
SOX5	0.4546281917238564
NECTIN3	0.4532564536157294
RAPGEF4	0.45289069138427396
SELENBP1	0.4502948747036038
LPP	0.449194244843909
TC2N	0.44818927038932177
SMAD3	0.4453267516353998
B430010I23RIK	0.44268220253473306
TOX	0.4410955225126718
PDE3B	0.4391249241996957
PON3	0.43562417206273973
CADPS	0.4325203811696689
ZFP618	0.4313997958593763
PIEZO2	0.43100227195684954
STXBP6	0.429253838692349
SLC8A1	0.42910111414043917
DMD	0.42853234989384237
EYA2	0.4276135228960627
DAPK1	0.4275052929962705
CYP2F2	0.426137563929426
DDC	0.42607773197884724
SNTB1	0.42574233085455704
TTC6	0.4240812354890047
DENND4A	0.4240449672699075
NFIA	0.42152006298231154
PCSK1	0.42114139022119884
SNAP25	0.41979024539200166
SYT1	0.4168945033775591
NFIX	0.4158311001705908
DHRS3	0.4146566453646674
MGST1	0.4142303313802705
RESF1	0.41386249192800056
COL23A1	0.4128393929193371
RAI14	0.4126309287048966
CACNA1C	0.4116090512288415
NLGN1	0.409674450544231
REV1	0.4096105157634864
IRAK2	0.4053939970324965
KITL	0.40459130471933774
ATP8B1	0.40369968664326983
YAP1	0.4018971955594323
RUNX1T1	0.4010712954102787
PPP1R14C	0.4010497339674413
GNAO1	0.39916554456763814
VWF	0.3981808715804693
MAML2	0.3963504134607456
PRDM16	0.3962980736087726
ST18	0.3961817181349799
ASAP3	0.39251992167893396
SEMA3A	0.3906568030224917
SCN3A	0.3883721537307871
SMAD6	0.38807339437880023
TRPM6	0.386630724629721
ZFP809	0.38419573121673856
ARHGAP24	0.38285683450839064
GPRIN3	0.38242642733970733
D230025D16RIK	0.38242302073569395
NPAS2	0.381168786226758
CLIP4	0.38057243501140986
SLC4A5	0.3797747551949361
ACSS1	0.378956766743591
IKZF2	0.3783579685053205
MET	0.3773367896058774
ANK	0.3769203336172605
STOX2	0.37650080951427795
SEL1L3	0.37612701666020715
NOL4	0.37468679138805827
5330417C22RIK	0.3744950646826288
SH2D4A	0.3744411073663636
AOX1	0.3730373456949092
CPLX2	0.37097440155727185
PTPRN2	0.37047906058567515
ITPRID1	0.37036774816143664
ZFP36L1	0.36925483767654543
TCERG1L	0.36810255727699587
CDH20	0.3679066436070142
SNX30	0.3677320665908312
SDC1	0.3673791017798331
SCN9A	0.36704513903960473
PEX5L	0.36592055911238003
MICAL3	0.3637914101037445
CHD7	0.36375217321630976
TMEM243	0.3635116770425885
SPATS2L	0.3635014342799222
FAM135A	0.36247551288627
PDE7A	0.36085592877612255
HSPA4L	0.3606338165125693
PTPN14	0.3584292652783305
ABCC3	0.3571899703569084
RASGEF1B	0.3569463839416039
SFTPB	0.35654348992309315
VEGFA	0.35631316040719996
UPK3A	0.35561405007705077
CDC14A	0.35544755553424934
NCAM1	0.35408710367172425
IQGAP2	0.35401976678308256
OSMR	0.35382521435318315
FMN1	0.35354225435269726
CCDC88A	0.35196664020217605
UNC80	0.3516453395685577
ROBO1	0.3516349564343977
PON2	0.35128269136566365
DNER	0.3511235473016158
AHI1	0.3493115174915787
CACNA2D3	0.3492237991860449
SLC25A36	0.34865535375819684
EYA1	0.3479661856789714
DNM3	0.3476088532787033
MYO1D	0.34666236268086725
DOCK1	0.34654166885193094
EPHA4	0.34592075564965724
MPDZ	0.3457873735919562
ELAVL4	0.34551611645072533
E330009J07RIK	0.34532405933325644
PTPRZ1	0.34498921508709557
MALAT1	0.34477919101029925
BCL2	0.34423427287759917
FUT8	0.34349483063342057
DAPK2	0.3422572184591401
PAM	0.34195711206818646
ARHGAP8	0.3406737286416568
RYR2	0.34062439621926416
XIST	0.33998769216684466
EGFR	0.33984342390932304
KIFC3	0.3396757240773666
BMP5	0.3396050993767181
SLC4A4	0.33953852668098733
ZFPM2	0.3387824122084827
PTPRK	0.33877088726579535
RAD51B	0.3370758057155544
CMAH	0.3367035093112102
ANXA2	0.33629963960339115
CD55	0.33614011087748397
L3MBTL3	0.3359079740720955
TSPAN11	0.3357129554734162
RNF152	0.33489919751156577
ACSF2	0.3347642460347539
UNC79	0.3347153964855827
FMN2	0.3341053513106581
KHDRBS3	0.3331487564572651
GM11266	0.33275906303869035
ELOVL5	0.3325895882902078
BRINP1	0.3324973008702328
DNAJC6	0.3323475998996688
WNK2	0.3321334535767637
WWTR1	0.33141458842908916
ST6GAL1	0.3308253335391757
KIF5B	0.3304088181757986
LRP11	0.3302837303757572
PTK7	0.3298470536052484
DPP4	0.3294486660523373
SMPD3	0.32916218555943927
RGS7	0.3288367089068245
LTBP1	0.32867404469950107
ARHGAP44	0.3281219085131187
NFATC2	0.3280837123560798
PREP	0.3277220077285588
SLC38A1	0.3273980832019354
EPAS1	0.32733135996373736
BCL6	0.326489424738187
FIGN	0.3260531800860432
CLDN10	0.32599731207108423
ASCC2	0.32595088638385183
HNMT	0.32553556825198515
CCN3	0.324838757442027
EML5	0.3245798204127203
ARHGAP29	0.324447043890914
PKHD1	0.32430726625996054
PPP2R2B	0.32429719379158484
RAB3C	0.32372203642659064
FRAS1	0.3231487661303683
CYP39A1	0.3231292871078415
PAKAP-1	0.32309784098363253
MAOB	0.32273200504867866
SEMA3E	0.3227006944910938
TCF7L2	0.3222367084624589
SMAD7	0.32158074210685245
LAMA5	0.3214556019590247
PRKCA	0.3209744339131604
RIMBP2	0.3203659974267923
SLC18A1	0.3196248157962766
GM31718	0.319456919821701
ALDH1A7	0.31934712047180397
SNX24	0.3186257635826
LRBA	0.3185938874876175
DST	0.318473496406111
GABRB3	0.3176761353523438
SLCO4C1	0.3176624478268287
NALCN	0.316607333329301
RORB	0.31639473943921054
PLPP3	0.31604999611877005
TTC3	0.3160490749082194
ADGRV1	0.31573936495579397
SCD1	0.3152289029111512
UHRF1BP1L	0.31507628879160476
ARRDC3	0.31500729670265065
IGFBP5	0.31446989851645935
NOTCH3	0.31431608305688
NETO1	0.3142406652120216
NRCAM	0.31375636685522384
STXBP5L	0.3137200397109075
PAKAP	0.31346603694657044
ZFP462	0.31267814913289915
LRP4	0.3124596567584551
PAK6	0.311860029378402
CP	0.3114861032816682
A330076H08RIK	0.3114223758895635
RASSF9	0.3111977489186947
PHF11D	0.3108524733147144
NAF1	0.31066399142334067
TANC2	0.3103169569588793
FMO1	0.3102061272432316
ARID5B	0.30988983660901154
CYFIP2	0.3098249862874415
DCLK2	0.3097029789259835
MYO5C	0.30959716971483786
AKR1C19	0.30843619100969427
TMEM245	0.30833427330068197
SYNE1	0.3079955811119332
LRP1	0.3071231335247503
AGMO	0.30689574262031094
DCHS2	0.30619794984017773
MAP3K15	0.30582613191854513
GSTT1	0.30577423717861685
GRM5	0.30463081532056524
CPEB2	0.30424265455669414
POR	0.3042086308616397
CLIC5	0.3041499830294507
PCX	0.30408552882756473
PRRG1	0.30384535868228707
MYOF	0.30377302724306077
USP31	0.3037632338247558
SPRED1	0.30362186238494787
TAFA1	0.3031936022582207
GRAMD2	0.30267741094515904
FAM171A1	0.30241703142441645
CEP85L	0.30228560636287916
PLXDC2	0.3022071017395173
SNX10	0.30215946871375987
TUBGCP3	0.3020197366187331
MUC4	0.30162138981281655
LIMCH1	0.3015729935091033
GPAM	0.30142202160531706
ARHGEF28	0.3014149739707202
PCDH7	0.3012687198197604
LIPH	0.30092865850200057
PLCH1	0.29994163474237723
ZFP521	0.2997300835489987
DMXL2	0.2996507559108292
AUTS2	0.2995389176128771
NOD1	0.29950609922486193
TMTC1	0.2993019933462927
YIPF6	0.2993006338737957
CRIM1	0.29910950272031844
COL4A5	0.2990708222309344
PROX1	0.299045888037658
KCNH7	0.2986648674599491
TMEM132D	0.2985585540852079
RAP1GAP	0.2985185549943044
CPNE3	0.2984700147527125
COL15A1	0.2975315010085912
TNR	0.297521591659935
DIXDC1	0.29712287423260925
LRRFIP1	0.29709839643803687
SWAP70	0.2969988643972451
RERE	0.2967389980339464
MACO1	0.2962238894354703
NET1	0.2959608503299014
FSD1L	0.2958433250630579
PPP2R3A	0.2955991948644313
SYT14	0.2950542481474615
CLCA3A2	0.2950410923042396
SERPINI1	0.29469246280745354
CLSPN	0.2945008347009915
FGF1	0.2937744759002262
SRRM4	0.2922351571257679
FREM1	0.29200383263408186
NEK6	0.29191106111647586
CD44	0.2918398119730995
NFASC	0.29182997932965615
MLPH	0.29165351161293096
HGF	0.29124714711602423
PCDH9	0.2909395013228958
ATP7B	0.2904326050303239
SCGB3A2	0.29024069993379153
SNAP91	0.2899620901263899
C1GALT1	0.28979839591504275
RASSF2	0.2895160375796047
MYH10	0.28945734943534984
KSR2	0.289374854514483
GSAP	0.2892796624777929
PEAK1	0.2890133504403597
CNTNAP4	0.2889792808847776
DCBLD1	0.28817125361815
4930523C07RIK	0.2878320657602584
CBFA2T3	0.28768066225717775
KIF5C	0.2873836957294199
ANXA3	0.2870443599857786
CNTNAP5B	0.28693954537302485
GRID2	0.28669556098485827
RIMS1	0.2865218092640277
ARHGEF26	0.2864671506852854
CNPY1	0.2862451835423557
GPC4	0.28621718008360564
SRRM3	0.2861122037612902
ATOH8	0.2860425704903618
CAT	0.28568383629474003
CELSR1	0.2856443555168366
PLXNA2	0.2853170300343379
ERBB3	0.285281825500726
SFTA3-PS	0.2849418657956098
PARP11	0.28406553167918275
AA986860	0.28405532178757525
GBP8	0.28381752874546584
ATP1B1	0.2836871260487522
PPARGC1A	0.28341074447389936
ME1	0.28338331395008476
KLF9	0.2830710922159923
GATA6	0.2828607778264268
CTSH	0.2827919529611356
BIRC3	0.2823942771149226
CCNE2	0.28229724357039754
GM15675	0.2822561771344808
CLCA3B	0.28221796469687166
SYT7	0.2818663404849129
SCN5A	0.28181511026588874
FAT3	0.2818075612768203
RARA	0.28127022545561725
EVA1A	0.28106236613758373
EFNB2	0.28104115944265745
ARRB1	0.28077581620969305
KIF15	0.2806961199269286
IL1R1	0.28061523354337087
UTP20	0.28051256218370085
PITPNM3	0.28025552374021717
AOX3	0.28021884967868704
RB1	0.2801102500470397
CLEC2D	0.2799157245685352
ABCA3	0.27946135199278055
TENM4	0.27883285297897653
KCNK3	0.27881007351026654
DLC1	0.2787821787506251
NEURL1A	0.27840858166859667
PLEKHD1	0.2782195280115429
WDR72	0.2779704252446834
RAB11FIP4	0.2779243589485158
ATAD2	0.27790164187670174
DPYSL2	0.2778339184310804
CHIC1	0.2775721030886807
LGR4	0.27741728517873643
KCNB1	0.27719625411620263
TENM1	0.2769160591549863
RARG	0.2768096598593563
FREM2	0.2765101776692254
FAM129A	0.27648664935155026
SORBS3	0.27639530864914086
F5	0.2763207801575653
LCP1	0.27606597634098534
PHLDB2	0.2759471584594538
IDH1	0.27584918862826385
METTL8	0.27551628449000876
CCDC88C	0.27532265437130665
BEND7	0.2752292554918231
A230057D06RIK	0.2748908911312621
MAP3K14	0.27484302027278273
ACTN1	0.2746571393733424
MGAT3	0.2741455414059214
ECE1	0.2739313038488095
HIVEP2	0.2738429434043096
2310001H17RIK	0.2736833112751426
ACSS3	0.27347675793677934
EPS8L1	0.2734241920694602
CERK	0.2730844980083538
GM26917	0.2722552123962683
LARGE1	0.27224445557975907
NETO2	0.27192495178118076
AHNAK	0.27184339786737305
GM12185	0.27179265711978573
ATAD5	0.2717518030132947
SOGA3	0.2715996577233182
LRCH1	0.2713773042543892
TMPRSS2	0.2713019396271026
INSRR	0.27117170690739084
MYT1	0.2711276003935099
CFTR	0.27090680939424194
JHY	0.27089710870962536
ATP6V1C2	0.27057657347814523
MMP15	0.2705400564081259
GPR39	0.2704464291310523
MACC1	0.27042389815952944
E2F7	0.27012842259826914
PSIP1	0.27003431831259805
TLR5	0.26980239268841344
SCGB1C1	0.26930403325935404
PTN	0.26878869232328434
NRP2	0.26869124156599034
ELF1	0.26849190117998895
MAL2	0.26822101674949383
PAPPA	0.26787518090178974
RET	0.2677196201143359
TTC23	0.26768037459909794
HERC2	0.267592252426208
PKD1L1	0.26751769973375844
CASZ1	0.26746003448215006
FRMD6	0.26742319496419414
EGFL6	0.2674047396873823
LUZP1	0.2673077284036665
GM38811	0.26721591882595686
STK10	0.26718657816324304
SLC12A7	0.2669183728856124
KCNJ15	0.26670224431495493
PIGR	0.2665085128473668
PAQR8	0.26635989879334837
STK32A	0.26578186335449366
ITPR3	0.2655594281727711
SCN7A	0.26542882552159747
ADD3	0.2654105871919918
DEK	0.2652966631422226
PLCH2	0.2650440842164647
EFEMP1	0.26472873811268754
GSS	0.2646763882316373
BCL9L	0.2646403795168417
GM15337	0.2646150558217767
FSTL1	0.26455302301805467
FRYL	0.2644867765891386
ALPK1	0.26448008864900824
ACOT11	0.2643720000595676
VAMP5	0.2640693261704686
SRGAP3	0.2640102326824862
ALDH2	0.2637623391912054
ANO1	0.2636634128401447
CBX5	0.26361999966932126
EHF	0.26333003929016463
PRUNE2	0.2632225567639039
CHN2	0.2631391142118271
SAT1	0.2631175678397216
IGF2BP2	0.2623690980629771
SCN2A	0.2619692040007752
TRIM30A	0.26174625424865816
PARP14	0.2617189002062772
PCSK2	0.261697236702869
ETFBKMT	0.2615505523724498
DDX60	0.2614621068545382
ERBB2	0.2613083069227487
SMARCA2	0.2605942046799298
TSIX	0.26024800315679275
C77080	0.26021579498126474
SLC7A14	0.2601448477199943
SYNE3	0.26003401997896497
SNX18	0.25985803782112554
ADGRL1	0.25977650608240066
TMEM44	0.2596959940726827
MAPK10	0.2595265307624047
LPAR1	0.2588815939214233
CLIC6	0.25877873079357094
RMST	0.2587131098083055
COL4A1	0.2586070647073052
IGFBP7	0.25857637884465884
TNFSF13B	0.2585176173736411
NSUN4	0.25850740053365784
RASSF3	0.258499889783226
SCNN1A	0.2584746134516684
NSUN7	0.25828998514613
PRKD3	0.25791299394224304
RGMB	0.25756019583879797
ADGRG6	0.25746390050507517
GM20559	0.2573091939136773
P3H2	0.2572432923886117
IL6ST	0.25717208456231655
PLA2G4F	0.2569570981273657
DEUP1	0.2569478012360378
OLFML2A	0.2569204071006235
SLC1A1	0.2568342830561868
GM32856	0.25673388374821854
RIMS3	0.2564637421788846
ST3GAL5	0.2563590103763804
SHANK1	0.25630354541742517
CYP4F15	0.2558560921001993
FANCA	0.2558534574355556
ITPR1	0.2557756935966353
PCLAF	0.2556614268362205
ADAMTSL1	0.2552444639507871
PODXL	0.25497103072911526
SCML4	0.2548288997034718
SAMD8	0.25472875299889286
IL17RE	0.2546683810980665
ITGA1	0.25459963940515795
KCNB2	0.2543001381384694
HACD4	0.25429755665034115
SPCS3	0.25379531184791865
ETS2	0.2537316771649163
TRF	0.2537139425836406
PRAG1	0.2535235725015846
NPC2	0.2535204799357376
KNL1	0.2532606930928652
RAB11FIP2	0.2530469337701838
9530059O14RIK	0.25278285033080833
IFNLR1	0.25259111323316147
KIF14	0.2522719382147927
BRIP1	0.2522458281372665
PLS3	0.25171927558832435
AW011738	0.2516909534869294
SASH1	0.2515249908861951
PORCN	0.2515164228297502
OAT	0.25137555441505144
CD9	0.25120918216326205
AU021092	0.2510683888507868
NCAPG	0.25081774971751347
FGFR2	0.25067156706296895
NTRK2	0.2504256943729063
MBOAT1	0.24966155092793713
CALCA	0.24953836556826534
P4HA2	0.2492031478850139
DOCK3	0.24920130331080573
DENND2D	0.24912839900127454
WBP1L	0.2488220130128445
CRYBG2	0.24871332501067175
ENTPD1	0.2486445810336684
BUB1	0.24855979509859963
NR2C1	0.24828669234696898
C3	0.24819301496828466
ALAS1	0.24778699466336954
ASAH2	0.2477346711187857
GAL3ST1	0.24766084290060703
ARHGAP45	0.24760121142857167
TOGARAM2	0.24735766825033587
AGO4	0.24726347807429666
ACE2	0.24702269759717113
PLPPR4	0.24687537475629717
NAV1	0.24686088875083673
HSD17B11	0.24675916056930558
DMPK	0.24663041509747652
CYP4B1	0.24654945042842513
ST3GAL1	0.24646454655925032
CXCL17	0.2463901987862341
ADAMTS10	0.24630758483344845
ACSS2	0.24615616962139816
NME7	0.24587880211263485
AK3	0.2456916044348795
CPEB4	0.24564697510754457
PXMP2	0.24556325968068052
ACO1	0.2452209115682218
OASL2	0.24517156885451308
ANKS1B	0.24513728912500143
ALDH1A3	0.24495662412661204
GASK1A	0.24477592836105952
KLHL24	0.2446312604704623
SCG3	0.24461712257828108
ADGRF5	0.2445440635561859
CPED1	0.24431816497276948
EGR1	0.24393892356624605
IFNAR2	0.24339151303968992
TTK	0.24333854679319944
4930503L19RIK	0.2433185581104924
ADGRB3	0.24328959530032693
MYEF2	0.2432088888757657
TBC1D8B	0.24313071981260317
DDX58	0.24311718731260293
NOTCH2	0.24305189477508507
NRIP1	0.24303074738628783
TSPAN33	0.24296177654905912
SIDT1	0.24284662504953358
ATP13A4	0.2428421217270457
ACADL	0.24266851289799948
DNMT1	0.2426243531389427
VTCN1	0.24258990434793215
WWC1	0.2425219720363406
RGS17	0.24228481391238865
IL7	0.24217108652096006
COL4A4	0.24208853977845501
CSTA2	0.24185878903699878
KLK13	0.2417931976178398
IL34	0.24163885789813244
POLA1	0.24160247192819798
USP46	0.24137700659213288
SLC23A1	0.24136790586272935
KIZ	0.24135947674943264
TTC7	0.2413131099184178
GRIA2	0.2410403556534209
PITPNM2	0.24082167941136792
KLHL5	0.24065200210421325
ALKAL1	0.2406074805330912
POF1B	0.240472365933867
KCNC1	0.24036884917170293
TRAF1	0.24030687465215123
OGFRL1	0.24023040044484512
PLCE1	0.24020246272590876
BRCA1	0.2400442030517719
ARFGEF1	0.2400399153073413
PEG3	0.23998638601079594
NOTCH1	0.2399749493869649
CNTN3	0.2399500030096928
HK2	0.23990195287214863
EZH2	0.23987687976761093
B4GALT6	0.23976984116930164
ACAA2	0.2396606242342117
XDH	0.23953397818955816
C530008M17RIK	0.23946065490282775
LURAP1L	0.23933461497187897
AU020206	0.23912620185314087
TMSB4X	0.23901155253881437
WDFY1	0.23891645421715574
SLC6A15	0.23890841927221482
CGNL1	0.238837904463468
SECISBP2L	0.238566527608026
PROSER2	0.2383257952239851
CLCA3A1	0.2381852350798776
BRCA2	0.23812316944235842
SHROOM3	0.23798892870231125
CLVS1	0.2373592632644512
MSN	0.23693985173111193
NFE2L2	0.23671583786700912
CELSR2	0.2367121235334518
MUC1	0.23645986677671677
ELAVL3	0.23613315457540904
CNTNAP5A	0.23588296610474482
DIAPH3	0.23582908260373048
ZFP704	0.23578715837920042
PDE11A	0.23562167383333113
AMOTL2	0.23557728417375765
ESPL1	0.23555401366193565
PRKCI	0.23548249744277155
GOLM1	0.2351582447470368
MYBL1	0.23491628062603703
BTG2	0.23482552005336266
CCDC125	0.2348188688388933
TLE4	0.2343564530709844
NBEAL1	0.2342509609964046
DRAM2	0.23367159097002244
CECR2	0.2335684282353144
OBSL1	0.23354522519762372
STOM	0.23336014909713096
SULF2	0.23334979867188915
CLINT1	0.23321289033960138
ARHGAP31	0.23308251193327112
IFI44	0.23303318584547728
PCNA	0.2329918294135257
SHISA5	0.232972797386244
SMPDL3B	0.2327988574780857
RHOU	0.23258687020695384
ASPM	0.2324686144335783
SKP2	0.23245660014579414
TMOD2	0.23234001242298938
UNC13A	0.232134012249869
NSD2	0.23209792465994522
GSTO1	0.23205378858342574
GRIN3A	0.23184599574205467
MPRIP	0.23169657444724454
LBR	0.23132111715981848
CBLB	0.23127091332559746
NPR3	0.23123177387478905
KIF1A	0.23120800326027854
CYBRD1	0.23098121322398543
NNAT	0.23095251697481642
USP25	0.23095023309316706
ASPG	0.23064396951997718
CRACR2A	0.23049806027734387
GSTA4	0.23046249967494054
SPAAR	0.2303389064215669
RAB38	0.2299778171829534
WDHD1	0.22975058464225656
AGRN	0.22961808375577608
SLC44A2	0.22956123526761352
DLGAP5	0.2295158726205803
AKR1C14	0.22936016709419743
CDH2	0.22909523155329908
TRIM12A	0.229072899046033
CDC20	0.22890698831150444
RNF128	0.2288937681442778
FER1L4	0.2287589173930601
SLCO1A5	0.22859428331763834
INAVA	0.22846876302561717
REPS2	0.2283212915091361
NOVA1	0.22829256750939222
IFI27	0.22826568592548815
ARRDC1	0.22812356205936096
CAR8	0.2280822557308443
WSCD1	0.22807214561936745
BOC	0.22797626608202165
EIF2AK2	0.227960576737433
ELK3	0.22787548962550871
ACSL4	0.22779118529475348
NCAPG2	0.22736902227648523
OAS2	0.22707794235116796
DSP	0.22690403326768366
ALS2CL	0.22673482284039267
CCNE1	0.2266179547222174
DRAM1	0.22626140017109955
SLC12A2	0.22622641072525929
ST3GAL4	0.22615618943576649
SIX1	0.22604470735385468
1700016C15RIK	0.2260229186860908
GPC6	0.22595511347169042
FAT2	0.22592501692363773
FHOD1	0.22589998870712102
DTL	0.2257367593663149
BMPR1B	0.2256586409916152
IRS2	0.22548569266031177
DUSP16	0.22535130804954406
NFKBIZ	0.22532398778496104
FMO4	0.22502529312087974
PIK3CB	0.2249986410302113
SCNN1B	0.2248665774148565
TCIRG1	0.22481810434552765
GIPC2	0.2246657704036742
CDK6	0.2246475813838484
SIK1	0.2245883542081443
CACNA1H	0.2245198604352653
FHDC1	0.22451835430296377
SORL1	0.22447208261286022
ASPA	0.22445511012601937
CLSTN3	0.22418648566109955
PALLD	0.22417613669847697
MAP3K1	0.22396370832482163
SLC20A1	0.2238894773657272
MRC2	0.22388328160753854
ESCO2	0.2238287717645264
LDHB	0.22369634580873424
ITPKB	0.22359480028540676
KIT	0.2235629085308199
NFIL3	0.22356190042253718
FAM102B	0.22355110673694925
CSGALNACT2	0.2235033099750746
SLC43A3	0.22316640375551197
TNS1	0.2229967850714106
LATS2	0.2229441316450383
CCKAR	0.2228721570373197
SERPINB9	0.22287197352501995
MBNL1	0.222760811990056
RFTN2	0.22273111133132767
ATP8A1	0.22266035230866496
CEP70	0.22254630815228482
SMO	0.22251901777205269
H2-Q4	0.2224558853081097
EPHX1	0.22237652592394097
BCAN	0.22230373398926317
SCNN1G	0.22229789259504226
CCN2	0.22198859701253862
TAOK3	0.22197909436956784
GMNN	0.22187929451196597
RNF19A	0.22186627492922464
A830008E24RIK	0.2216661156316551
ARHGEF12	0.2215652503635949
PRKAB1	0.22136052216216115
PI4K2B	0.22128821298766332
POLE	0.2212389269956795
TYMS	0.22122641906064386
KRT7	0.22101563483610548
PGRMC2	0.2209521008663423
ZFP367	0.2209153577883927
CALM2	0.22091040855907274
TMPO	0.22089253703188347
XAF1	0.22074974144210063
PPIC	0.22060341902132016
ERBIN	0.22028146033882048
ELAVL2	0.22014871943366052
HOPX	0.220113228488623
C6	0.22005670284855106
SAMHD1	0.21998658695644382
TRIM30D	0.21997866341838393
COL4A3	0.21994441557199426
CAR2	0.21940808182632107
NUSAP1	0.21928910330995105
XIAP	0.21906992319592103
PLA2G4A	0.21901954566592388
SPC25	0.21899380516456282
EPHA2	0.21891312085569106
LAMP2	0.21869500230047906
KIF24	0.21869497967580953
LGALS3	0.21868742851742073
IYD	0.218615142646327
GAN	0.21859051281638275
HELLS	0.21842568352289563
CPNE8	0.21833288443330098
GMPR	0.21826804749035345
CGN	0.2182167814451371
CREBL2	0.21817544340074888
MAL	0.21816667847131446
P2RX4	0.21803191695283064
CCDC171	0.21798807749299262
ID1	0.2176375916498998
GM4951	0.21761506048299903
CACNG4	0.21760579881050793
SEMA4A	0.2175995140216431
RAD54B	0.21758101171985417
ATP13A3	0.21755677949392313
HMCN1	0.21750871313319278
MYO1E	0.21735264264354076
GNAS	0.21726806069338045
PLD2	0.21725400259620878
FAM111A	0.21721215729030258
RNF213	0.21714543918472237
NUF2	0.21676951376558745
ADGRB1	0.21667250636010005
BCL11B	0.21643392627940114
PDPN	0.2163719710413831
SPINK5	0.21620493758464437
RDH10	0.21611569281455031
EZR	0.2160956028576445
ELF5	0.21607110404598653
DNA2	0.216057786568644
MME	0.21585632455635792
HELZ2	0.21560083539786576
CHGA	0.21547813037505928
PNRC1	0.21542481048849937
BMP4	0.21536530756367536
ELDR	0.2151168301172578
SLC9A5	0.21511459193564195
PTPRF	0.2147280536316935
GM5431	0.21463805507452774
ADCY1	0.2144336340244132
PLPP7	0.214377872058638
SLK	0.2142335511568968
BASP1	0.21376164826058403
CKAP2L	0.2137208119025304
SAMD5	0.21322764699270982
EMP2	0.21302177909523742
MAT2A	0.21299594235037864
PRKAA2	0.21293556928231702
STAT6	0.212840588783992
MCIDAS	0.2127247495215342
RNF43	0.2125837383389923
F3	0.21252552958398052
SPARC	0.21243756052865634
BEND4	0.21236706456359572
SEZ6	0.21234897841138822
INHBB	0.212265357819549
CALM1	0.21225807261955976
TENM2	0.21222435843321863
KDR	0.2120659558988568
DAAM2	0.21203766128394483
HADH	0.21202351219996185
NKX2-2	0.21200923938632368
KNTC1	0.21181254863008447
GNAI1	0.21181106240766578
9330159F19RIK	0.21171354164076855
E2F8	0.21168028801622854
GSTA3	0.2116362926076057
PAQR5	0.21152357557317644
KRT19	0.21144145833862216
SEC14L4	0.21134914304860852
GRHL2	0.21128112021824064
PPP1R3A	0.21127770597693554
BCAM	0.21118257331392226
BSG	0.21101672520686274
LIG1	0.211016184557473
HMMR	0.2110116599486876
CACNB4	0.2106122258119485
PIEZO1	0.21058792934895912
SYNPO	0.21037873709253666
SCARB2	0.21033977792784675
TMBIM6	0.2102901258977068
SGO2A	0.2102472806900965
SAMD9L	0.21022771131102908
POU2F2	0.21020055799954457
ADGRB2	0.21015027230380381
OLFM1	0.2101320232720378
GAS2L3	0.21000579343850737
NOVA2	0.20993466127967242
ABCA1	0.209895060265585
CAST	0.20985324914299666
EXO1	0.2098503188442459
CD74	0.2098232831984518
PELI1	0.20982090434186093
NEAT1	0.20978104760013339
GM9926	0.20970292620426606
PTPRD	0.20945084979165013
RBMS3	0.2094348500376584
KIF4	0.2094124235875672
GM20629	0.20936437716939563
PTGS1	0.20930157071821823
KCNH2	0.20912231731097208
SWT1	0.20902956654465843
PON1	0.20902659942140003
A330041J22RIK	0.20894188593675403
HSPA5	0.2085958322971614
DNAH11	0.20846039734311675
CDC25C	0.20838178304589255
FLVCR2	0.20832557844541022
FAS	0.20832154705383146
KANK2	0.20831693320082276
FGFR1	0.20814416590871515
SLC25A51	0.2078607664064872
TRMT9B	0.20784134275914679
STARD8	0.20777407417554633
ATP2B2	0.20748214031592574
CEP55	0.20736558696066784
PMEPA1	0.20719369928043976
CD200	0.20698869940460615
ZGRF1	0.2069525052109335
IQGAP3	0.20691502857311556
IRX1	0.20675300015616893
ZFP804A	0.20658517060096052
CAVIN2	0.20650477361072775
QK	0.20638640575060915
AMER1	0.20630012614170803
MLXIPL	0.2061430208623347
BLM	0.20612288824353134
ACPP	0.20596459730261896
PARP9	0.2059218536381599
TMEM176B	0.20580031546057587
DCLK1	0.2057342750117902
EFR3B	0.20543222495381724
SNED1	0.20538941580987227
SCGB3A1	0.2053574076384363
COMMD2	0.2052118795289316
USP49	0.20498214285963204
SERPINE2	0.2049079487616448
IKZF1	0.2048777733912328
COL4A6	0.20487755178156586
UHRF1	0.20471613202545302
ZFP820	0.20459514559281988
1810064F22RIK	0.20433616129872448
LPIN2	0.20411712620286837
ZFP804B	0.20389419107072318
TAFA4	0.20386093278193854
LARP4B	0.2036514743406186
LMNB1	0.2036336632999821
SPOCK2	0.2035508325993889
ESPN	0.20348584791501628
NCAPD3	0.20348400765570945
RRM1	0.20305172129237062
RAD54L	0.20266101304314044
LY6E	0.20255296096795122
GRIA3	0.20252229978666492
TLR3	0.2023154510385288
CAR5B	0.20222714644432194
CDCA8	0.20213948788049974
PPP1R9A	0.20187101523442927
PDE4B	0.20170579005186404
SPAG5	0.20146138707981198
LMO4	0.20141915349274095
RGS9	0.20134381271992702
GM31641	0.2013231135558848
NFIB	0.2011192175104375
SYTL2	0.2010484276985015
MYB	0.20097675116532784
DPYSL5	0.20067875987965542
H2-Q6	0.2006399104405621
UGCG	0.2006062181354387
FOS	0.2004957272627743
SLC43A1	0.20048202729582204
NDST3	0.20044849722033092
ZBTB10	0.2004451231896224
ULBP1	0.20038288299732404
1810010H24RIK	0.2003378971117223
ANLN	0.20013422113322188
COL18A1	0.2000993885372404
GPRC5A	0.2000306350686385
ADD2	0.20000289151609107
WASF2	0.19992777273561574
ARHGAP19	0.19978519444191709
ITGB6	0.19948210288997542
CTSC	0.199395424506347
TOP2A	0.1992133773246726
LYN	0.1991149527942484
CGAS	0.19899731209325044
PRDX6	0.19872678206528796
MIS18BP1	0.19870170196424616
PIM1	0.19868217369366206
RANGAP1	0.19849049392073306
TCN2	0.19847418917501297
SYT11	0.1983730191634321
SLC38A2	0.19828847485381573
CELF3	0.19815793935777876
LAMC2	0.19804568379057697
ADAMTS15	0.19786622410888466
DEPDC1B	0.19722703129831698
PRDM5	0.19712973891706248
SMC6	0.1971219306289219
FBLN5	0.1970298949759894
RASL11A	0.196860532153151
ANTXR2	0.19677147589028995
RBM24	0.19675194036281912
SDK1	0.19670623800424186
CENPE	0.19667760433474324
DIAPH1	0.19650348508159865
CCP110	0.19641129716706685
RHBG	0.19635364613580264
ENDOD1	0.1963182313717873
DEPDC1A	0.1962705951952919
SCARA3	0.19621635200359352
CTNND1	0.19610663708602127
SLFN9	0.19568616776048828
MASTL	0.1953962207243983
CCDC158	0.1953074400626337
RNF144B	0.19523291915346627
PTGR1	0.19515283882850182
EPHA1	0.19510672373383375
PDE5A	0.194908321060497
KCNMB4	0.1948824185185127
DEGS1	0.19487656084782612
CPNE5	0.1947379762973489
PLAGL1	0.1944288978714044
PLBD1	0.19423585540654756
B4GALT2	0.19404666529078166
TRIM5	0.1939741776878344
DHFR	0.1938254590586674
CRIP2	0.1936673370451205
RAD21	0.19360057197779174
FGFR3	0.19354179037088445
VMN1R214	0.19343568837530276
EVC2	0.1933917669032049
TST	0.1933433191209992
H2-K1	0.19321887379432356
CEACAM1	0.19313216613353934
ASF1B	0.19285399278226162
NECTIN4	0.192699037006506
FERMT2	0.19260404150057142
DNAJA4	0.19256991402032286
DZIP1L	0.19207964105221975
MECOMOS	0.1918935359032291
SKA1	0.1917065789305454
4930452B06RIK	0.19165878625269495
SKI	0.19155969387558755
9030404E10RIK	0.19136634996418975
PBK	0.19131825074755188
BST2	0.19114476640812544
EPN3	0.1910204168831784
CYTIP	0.1909522328688281
NR2F2	0.190926465451383
B4GALT5	0.19083668735556986
CBR2	0.19027636705087334
NECAB1	0.1901750736412627
SLC7A2	0.19009018947693668
VSIG2	0.18967426464793297
RTP4	0.18962165178864526
IFIT3	0.18948198067266425
DUSP1	0.18942578799427204
TSPO	0.18934078121940137
GSTM1	0.18920905357589446
PDIK1L	0.18916338850216394
RAD51	0.1887690854899952
CIITA	0.18869812956514906
IIGP1	0.18828567476487848
WNK4	0.1881826750317166
CDK5RAP2	0.18799530663017028
CLIC4	0.18796935462396733
SLC16A6	0.1878966110528012
SHROOM4	0.18784116227871606
H3F3B	0.18781465001748726
BARD1	0.18748361964582422
ITGB4	0.18746896960579632
HOXB3	0.18739902123241875
DGKI	0.18737663278421648
CENPP	0.1872866623665794
CDCA2	0.18720634463203634
KRT8	0.1870869967062752
ADAM12	0.1870698163812625
E2F3	0.18689415699795883
IRX3	0.18645702772053072
STIL	0.18636658483815233
TGFB2	0.186150256187904
AW112010	0.18595137390704916
NDC80	0.18589831845474297
DDX3X	0.18546058643895566
MELTF	0.18527770098515323
RALGAPA2	0.18496564801012058
NEXN	0.18491303002252218
DUBR	0.18482180090126127
CXXC4	0.1845638817797656
PLATR22	0.18372491159718926
MIAT	0.18371640700607028
RNF157	0.18328532655055535
KIF23	0.1832779177373339
GM26671	0.18309294876394874
MEGF6	0.1829991237647714
CCNB2	0.18295695334321993
LTBP3	0.18283171741819526
SEMA6A	0.1827694089226803
SPON1	0.18251983758283707
GM26652	0.18245478511584728
LBH	0.18243979735149657
FAM81A	0.18235730848449333
TNFAIP1	0.18233683375534182
GM14636	0.18176346558173131
SHCBP1	0.18174645572228088
THBS1	0.18163044837500264
RADIL	0.1816146933061248
DCK	0.1812710998576244
CENPU	0.18057084100426438
AQP4	0.18052777756344499
ID4	0.18026190650800053
NEIL3	0.1800414962260662
BNIP3	0.17984996364477307
PDLIM2	0.17983277770022346
TNFRSF19	0.17972610945288675
KHNYN	0.17955486595499293
DNAH6	0.17943132861914557
DSN1	0.1794181222133772
NUPR1	0.17939119829157021
ADGRD1	0.17925379188373225
ROR1	0.17922605077927578
PTPRN	0.17869235618091353
CENPI	0.17864859894635057
BMPR2	0.17855895544017947
SLC6A14	0.17848513799745924
DRD2	0.17831367697850448
E2F2	0.178297982349945
KIF20B	0.17804846410142444
XPO1	0.17786408960830763
ARL5C	0.17784045737512907
CDC6	0.17767636368230472
OAS3	0.17735970659381492
CPE	0.1770435397940833
ARHGAP11A	0.1769649438216819
SLC43A2	0.17671049881123838
PKD2L1	0.17662679376321533
AMOTL1	0.1760614208096998
TINAG	0.1759292859343378
KIFC1	0.17587682237905267
ITGA7	0.175724848774077
TRPM3	0.1756964454923136
AU022754	0.1753751963058407
SEC14L3	0.17527389507009597
PRR11	0.1752554417952561
CDC42SE1	0.17525387592384356
PRC1	0.17516539016579966
2510039O18RIK	0.17486080371671
CRLF1	0.17476146049180147
CLU	0.1745858556990314
SH3BP1	0.17443862964298487
GM20756	0.17442308519566982
2610044O15RIK8	0.174317427109284
EDAR	0.17419044296024397
DCN	0.17386749724315131
SLC45A3	0.17382910572195442
KCND2	0.17372660327846806
SOX1OT	0.17358911274648087
KIF1B	0.1735875674409598
RESP18	0.17357145046080208
HLF	0.17319569090885883
ZWILCH	0.17315011446370634
SKIL	0.1728289985766348
BUB1B	0.17262784530917513
DOCK10	0.17227115816484503
WWP1	0.17217821430804206
NKX2-1	0.17199515827787462
CASP6	0.17155265618736534
ZBTB18	0.1710292378656814
ELFN1	0.1709642402672755
RTKN2	0.1708857107729734
TARDBP	0.17076398352798325
TTN	0.17052352378094413
TPH1	0.17021108422618522
GGT5	0.1701382537100194
PRDM1	0.17003534345214183
SLC25A37	0.16994727802064752
IAH1	0.16989293134545444
TUBA1A	0.16986791343855087
PLIN3	0.1695916281313436
EIF4G2	0.16946650734049665
AURKB	0.16928258558261758
SCARF1	0.16880596589776029
PBXIP1	0.1684923575101919
B2M	0.16841302609177483
CCNF	0.16809776857185518
SERPINE1	0.16799172840225474
COLGALT1	0.16778444280560373
PLET1	0.16754869369262618
FADS3	0.1673910012014725
ID2	0.16694231012710742
DTX3L	0.16693193031578007
CXCL15	0.16690436531149566
H2-D1	0.16688723081324183
IL1RL2	0.1667915547995276
AGER	0.16618534365247706
PTGS2OS2	0.1661448309564661
SLC9A3R2	0.16584841584272414
KIF11	0.16554537467746505
IGSF11	0.16528217021194772
LAMB3	0.1650168480969147
GEN1	0.1649107882895898
EBF3	0.16485405974107667
LMO2	0.16478024961500967
KRT18	0.16461612610107107
EDN3	0.16455672192279752
TACC3	0.16451029005316267
S100A11	0.1641953329525079
CIT	0.16417544378389584
REST	0.1641603544930996
UCHL1	0.16389144309574777
SP110	0.16360456109899338
IL33	0.16357429691697314
SDC4	0.16332619802014153
RAB11FIP1	0.16330575855535925
JUNB	0.1632333324508506
MSRB3	0.1628756050429067
RBM15	0.16251185227950696
ONECUT2	0.16210963935762732
ARHGEF19	0.16168322659736833
MTOR	0.16155684331778755
PTPRE	0.16132819966815284
LAMP3	0.1613259688838152
POLQ	0.16056366760111268
CLCN6	0.16034890219014034
RGMA	0.16019116862223984
GM35019	0.16008490487606333
MCL1	0.15992994763013652
SLFN8	0.1599074265438041
NFATC4	0.1596876351871865
MYL6	0.15950984412192362
PLSCR2	0.15918107472862372
ZFP108	0.1589564267377664
BNIPL	0.1588035461159301
PROB1	0.15860907522416978
CEP192	0.15831146801774115
IFIH1	0.15810904707590098
KIF22	0.15800996324668318
KCNH3	0.1579559099958788
CDK1	0.15769368060250816
RHBDF2	0.15757248872588828
ASCL1	0.15735235612661105
EXOSC10	0.15717051318498057
CHIL1	0.15687168769014226
INCENP	0.15662065051825066
LHX2	0.1561894129614584
TPX2	0.15608518779448452
GM12992	0.1556144027210099
D430041D05RIK	0.15555829926456605
VSIG1	0.15545000870661632
NUCKS1	0.1553999184429883
KIF18A	0.15521993351608987
PRSS35	0.1550988178191449
CENPW	0.15486135771911508
CREG1	0.1544015724562049
COL4A2	0.15438748078044384
RGS16	0.15423227609434007
CYBA	0.15415039234695446
LAD1	0.15328395918390342
TXNIP	0.1529191604855504
BOK	0.15278876175513997
DYRK2	0.15209755807763808
CNN2	0.15190395799166181
CIP2A	0.1518975159048049
NCAPD2	0.15172784042686271
BC030867	0.1516390536095644
DUSP4	0.15158042198192864
ITGA4	0.1514273346195371
CYP2S1	0.1513949677414755
TAP1	0.1513914080663078
CKAP2	0.1513248464484443
KCNMB4OS2	0.15123591655920068
RAPGEFL1	0.15109845939351002
MDC1	0.1508383708021732
MEST	0.15082438366798626
SMC2	0.15060380722160388
ARHGEF15	0.15053866865559723
AHDC1	0.15041096419602237
SKA3	0.15036555585593972
RAD51AP1	0.15029639437637538
KIF18B	0.1502377385306341
PPP1R3B	0.15015121317592958
NLRC3	0.14975729509322538
ACOT7	0.14941135937073105
REL	0.1492066288691499
0610030E20RIK	0.14918340752562573
CX3CL1	0.1489681939883655
CEP135	0.1489095891495413
D630039A03RIK	0.14888557272440864
NSG1	0.14887181452785236
MAD2L2	0.1488089517831651
CHAD	0.14874344954888322
RACGAP1	0.14873975034275322
NEK2	0.1486750264198971
ITGA2	0.1485161779644004
ZFP97	0.14817731616805033
BIRC5	0.14767463136968131
CMYA5	0.1474477770177809
ADGRE5	0.14743823743076773
SMIM3	0.1473280467911068
MNS1	0.14724962009674514
CELSR3	0.14647287186538788
OCIAD2	0.14639652666375066
KLK1	0.14595553039049391
THBS4	0.1455108568918147
INPPL1	0.14545331327303243
NCL	0.1453890137888887
CAR13	0.14536358657821555
CCNB1	0.14533799854640886
P2RY1	0.1452530129835431
LY6A	0.145180150285028
ARL4C	0.1449815499922467
PLEKHG5	0.14481121332278768
HSP90AB1	0.14472043393194656
CDC42EP1	0.144662880750229
GM28856	0.14463259488573368
SLC16A3	0.14416433967255354
LEPR	0.14398931505469836
TRIM59	0.14394709625585753
LTF	0.14382253831997638
CRTAC1	0.1437933727806035
FANCD2	0.1437856573568688
SLC16A2	0.14364930030270082
WDR62	0.1433369462816707
CDKN1B	0.14331212122762851
SLFN5	0.14305124476021946
LRRK2	0.1429502316652191
TFF2	0.14262977355291653
RAF1	0.14239534878635848
SCD2	0.14213296060185748
MKI67	0.14198378096543965
SPDL1	0.1419460197982418
RASD2	0.14190993964735846
IGF2OS	0.14141866482883367
ZCCHC12	0.14128497056580938
RNF181	0.14044437940263788
SPC24	0.14014515827458685
CAMTA1	0.14014072812750614
NEURL1B	0.14010853911757834
VAMP8	0.13993135507708865
ATF4	0.13972598683272844
ETL4	0.13959331001302167
SUV39H1	0.1394358133378298
RPL8	0.1385810697846038
NCAPH	0.13854488732930587
HOXB5	0.1384430314163995
SELENOP	0.1383940053820819
SGO1	0.13822376543886594
DDR2	0.13807109199458448
EGFLAM	0.13803453723645726
ZDHHC23	0.1377861731332323
RRM2	0.13771434264622895
SLC4A3	0.13753598687320295
KDM6B	0.13628729661342154
FBXL16	0.13596827482453244
HMOX1	0.13588178515254667
EGLN3	0.13587451069153927
CCN1	0.13583951837862826
ICAM1	0.135705478870083
CYB5R3	0.13564002329303565
DNAJB9	0.13547162866235415
TICRR	0.13539273578970956
CEP128	0.1352466818637491
OSGIN1	0.13503594757629211
RUNDC3A	0.1346436756823066
GM50186	0.13457409005307577
KIFC5B	0.13445674304920666
FLNA	0.13437526306360956
HTRA1	0.13407212488545764
MTHFR	0.13404122327344614
PARPBP	0.13396325834973027
TMEM176A	0.1331521644938774
KIF2C	0.13309661160158096
GM34121	0.13305060351335532
LOCKD	0.1327346369438847
ZC3H12A	0.1327320874158607
AR	0.1327089752377496
ARHGEF6	0.13266110075542187
TMOD1	0.13265099864632582
GPC1	0.13262918209843136
ATF5	0.1325995953374042
MELK	0.13252256112289934
NPY1R	0.13219264942386977
CBX2	0.13209422885564437
KPNA2	0.13208752906617713
GEM	0.13187255559300778
GALM	0.1317369534176898
RCC1	0.1316773967393985
9930111J21RIK2	0.13153694916024591
CCNA2	0.1311587765340202
A630023A22RIK	0.1305608675358133
WNT7B	0.13051623852583333
UTY	0.13046119059355304
SGK1	0.13032432016046114
GSTK1	0.12966764953043294
PVR	0.129331436121455
ACTB	0.12922739305914216
KHDRBS2	0.12896702683956301
H2-AB1	0.12882250929474537
1700023H06RIK	0.1287761178409857
SEZ6L2	0.12862037587366718
SFTPD	0.1284061972061357
BORA	0.12825096678842327
GM28286	0.1282335427572619
CKS2	0.12808026363442096
GFRA4	0.12746473066358302
CD24A	0.1266972731777664
BRD2	0.12666479727411223
9930012K11RIK	0.1266576110087617
TAGLN2	0.12632649924817577
SYDE1	0.12539262135414175
GM572	0.12539075662136268
ZFP595	0.12526665166764334
A530020G20RIK	0.12515094581225045
SH3RF3	0.12473413867386364
SLC13A2OS	0.12473198135749218
TRAIP	0.12463409642019783
NSL1	0.12453733039148014
CTSE	0.12427946715826071
MERTK	0.1242125779862399
TTF2	0.12391420216359503
HSPB1	0.12373482220970661
BCO1	0.12365032175025267
CCDC18	0.12350172713599743
C130073E24RIK	0.1232445239295934
OIP5	0.12322374285726595
CYP2B10	0.12297928596854703
RGS2	0.12271592857265175
FOSB	0.12267920686450928
NFE2L3	0.12218510089266248
ZFP72	0.12217734986131557
RUNX3	0.12186835185084824
4930505A04RIK	0.12182785216144759
EFNA1	0.12118441913038662
JAG2	0.12097473722334631
CDH15	0.1208063551152494
ATP6V1B1	0.1204503676057356
TOB1	0.12015401518562618
TRIP13	0.11996945827138629
GRIA4	0.11851308344702546
STC1	0.11799529298286318
CENPF	0.11775767021719158
MYCL	0.11762996304126001
ZFP791	0.11732275423749068
MUC5B	0.1167398952104161
GM46560	0.11639558645240193
RDH16F2	0.11594980652057242
CXCL13	0.11589191236397793
PMP22	0.11509440630426844
TMC7	0.11474749509251676
IGDCC3	0.11429159343181226
KCTD14	0.11425981676908091
SQSTM1	0.11424455217189604
MALL	0.11320384560390528
SRSF2	0.11299866784632191
MARCKS	0.11293849941773357
HAP1	0.11266042097330102
AATK	0.11251440523972504
PSMB8	0.11158562286245917
SLC34A2	0.11116715531203455
DBF4	0.11023426340104954
CDCA3	0.11008240812611914
SLC26A2	0.10862885986065485
GM4258	0.10842939766631451
TIPARP	0.1078380150843559
PDE1A	0.10755712188687297
2810433D01RIK	0.10744375413521993
4930556M19RIK	0.10647118539486336
RPUSD3	0.10646329127120346
DNAJB1	0.1058344295542735
NYNRIN	0.1056251239564269
COL6A3	0.10512408058474894
SYTL4	0.10453093148086999
FAM83D	0.10444954111484997
PLK4	0.10363353900022115
KNSTRN	0.10355050145978385
LAMB2	0.10259824428880072
SLC16A11	0.1024114278929156
ANXA1	0.1022492560233979
CCDC34	0.10108371367002388
GSTT3	0.10045006040558886
SMC4	0.10026965551024652
PIF1	0.10026406099939596
G2E3	0.10014336188475081
KLF10	0.10013914319530767
PNLIPRP1	0.09968238018028706
RGS4	0.09959740995878964
ECT2	0.09938326383116813
RHOV	0.0990974244977905
DFFA	0.09822609303325683
MYH7	0.09805156934172696
RSAD2	0.09767875793128436
EEF1A2	0.09739915771927463
ZBTB32	0.09727087431043288
H2-AA	0.09681945145262345
9130008F23RIK	0.09681881599931134
FMO5	0.09660089093335723
ETV4	0.09623451598754355
RSAD1	0.09508004800313924
ITM2C	0.09414059645875554
DUSP26	0.0937097830082295
RPS9	0.09195575098512429
CFAP69	0.091434735331049
TMC3	0.0903774703776102
GSTM2	0.09003311487069188
AREG	0.08979464413202905
BMP2	0.0888831438406874
SFTA2	0.08873297475627831
SUV39H2	0.08790156954293048
SMIM31	0.08786922250850884
ATF3	0.08782916592759388
CTSB	0.08765360779412841
AUNIP	0.08726546636991546
CASP12	0.0859343254757289
HYLS1	0.08553339304137482
PRMT8	0.0854570799683906
IGSF9	0.08541412262483407
HMGB2	0.08539924426986142
UBB	0.08503430764392672
P4HA1	0.08455625029448555
GJA1	0.08431693151424734
BHLHE40	0.08422705957141713
HSPB8	0.08406149624406901
CCSAP	0.08394692167695691
HMGN2	0.08329141446230831
HJURP	0.08298720926702795
MYL12A	0.08208092354162469
SLC6A5	0.08164113262274729
LGI2	0.08137236298285844
ARL6IP1	0.08134688889279774
CTSL	0.08134269465602122
CALM3	0.08122417453015184
PSMB4	0.08115856901415477
FXYD3	0.08094101951396299
CENPL	0.08093581538679313
CYP26B1	0.08020577835529641
HBEGF	0.0788625323267295
PLK1	0.07883083669047106
IL15	0.07830113419887125
LRR1	0.07777725966323484
CSRP1	0.07739358054335024
DCXR	0.07729704624830311
GGT1	0.07729096934148388
CEBPG	0.07712572576899814
EIF3C	0.07703281441954801
PTGS2OS	0.07617790042074304
MEIG1	0.07554454411626396
DBI	0.07480277497344928
GPR158	0.07450059619368993
CREB5	0.07389753561157189
CCDC190	0.07368758144275968
TRIM28	0.07282305704422025
TBKBP1	0.07247730451364737
HTRA3	0.07244851408416685
CLDN18	0.07211953828593737
EMP1	0.07158110210033294
DOCK2	0.07087491267443229
MALT1	0.07072638739247765
WNT11	0.0703948806117423
CKAP5	0.06982203061916002
GSDMD	0.06897367693202736
TEAD2	0.06810594478237522
HES1	0.06785200677052516
LRP2	0.0674987783371549
EME1	0.06694863113300076
SERPINB6B	0.06548894880979976
HSPE1	0.06467119866666668
PRELP	0.0642969521296612
GTSE1	0.0633331444019837
FN1	0.06225281535849115
1200007C13RIK	0.06218580326824641
SCG2	0.06201455267377362
DSTN	0.061905939919871485
AJUBA	0.060759017134483714
ALPL	0.0605121084292823
KCNK5	0.06044714635419821
HSP90AA1	0.06039282815802683
PEG10	0.060120629046240395
CBLC	0.05905663362695628
EIF2S3Y	0.0587435840405991
FSCN1	0.05721634466486502
EHD2	0.057166350797022425
PLTP	0.056591402146147836
VDR	0.05647008838482999
C330002G04RIK	0.05592063175277618
SRCIN1	0.055852282664977784
SYT8	0.05576752547296441
AURKA	0.05469358384570243
ETV5	0.0545140919781871
SLIT2	0.05430223908216335
GPD1	0.05423312873426303
NOP56	0.053768481003098036
SLC35D3	0.05331449931871761
GM2682	0.052521012839666585
XKR5	0.051265549313696986
TGTP2	0.051012165283234205
TMEM98	0.05089408969771155
CEBPD	0.05077385591397088
WFIKKN2	0.05026238809849109
CXCL16	0.04930084389199668
KCNV1	0.04868028402642875
WFDC1	0.04861382386518939
GM47015	0.04832154349976158
ADAMTS6	0.047601046765199606
CXCL12	0.046116952202045786
TNF	0.04542088821757736
HIST1H2BC	0.044860290166547356
HSPA8	0.04485058288217573
TIMP3	0.044537222609957315
EBF2	0.04395005365672629
HSPD1	0.04384486878851003
MIIP	0.04370710010765603
TFAP2A	0.043400882151639876
SLC27A3	0.043247688318395025
FMO3	0.04320233817296849
KLF6	0.042557232079504126
GATA2	0.04205732566859223
ADAMTSL4	0.04191394265338716
MAB21L4	0.0411200909182066
NFKBIA	0.04065608201544482
GDPD2	0.04054462979416446
DNPH1	0.03998886854706215
EGR3	0.039561184957100204
TRIM17	0.03939158249131314
ADAM32	0.039166530201714185
UBALD1	0.03898694580477012
GRIN2B	0.03885038766058721
GABARAP	0.03767077685987603
ELOVL2	0.03766858640239032
AEBP1	0.037421688234908344
NPTX2	0.03732071803442304
4930471G03RIK	0.035781825395314645
GLA	0.03557754727508787
TNFRSF11B	0.03555209985944126
NDRG1	0.0344607726123839
TROAP	0.033598542482180714
OASL1	0.033170749137913874
GM26544	0.0312345456170981
CENPA	0.031207023858810995
FAM131B	0.030981915548546683
AQP5	0.02795675113180741
GJC1	0.02707157878818346
IFI207	0.026315045674883988
FBXO5	0.026129557772488984
SLC25A45	0.026080640623325827
MAZ	0.025826434303169783
IFRD1	0.025567865794780955
CAVIN1	0.025477279608281004
CALCB	0.02543567472241338
IFIT1BL1	0.02447245740268123
GM38409	0.023949056130380113
SLIT3	0.023509141751296446
KCNH1	0.023097119345280567
PCDH19	0.022759237595092012
METTL5OS	0.022333344087148783
CHGB	0.02206298846728886
SOX9	0.022029282045898494
QRFPRL	0.021953549724692083
FSTL5	0.02170543539498076
CHST15	0.021501297953990854
CYP2J9	0.020899696278620924
2810455O05RIK	0.02063229112617417
PTGS2	0.019285314367381807
GREB1	0.018656751192495543
GLUL	0.018237062142436367
BC051019	0.016891995609867393
CCDC24	0.016625877777213978
KIF20A	0.016160407992473733
M1AP	0.01578973081454409
SLIT1	0.015772027834888958
HSPH1	0.015179837590826164
SMBD1	0.015079900422606611
SERPINA10	0.014188357432056512
TNFRSF12A	0.013974553283291913
AFF1	0.01365201940293241
GM42756	0.01363500802272504
TGM2	0.013517304606158426
ARHGAP42	0.013154154399608806
CDH17	0.013023180368603046
F830016B08RIK	0.012624857476389625
DNAJA1	0.012450077737075247
SLC10A6	0.012035323792738292
CCND2	0.011323940812976909
SLFN2	0.011265270714441805
ERN2	0.010857797254879063
BAG3	0.010419949079177385
GM31834	0.010359817590918188
MEDAG	0.010159389573674613
TRIM34B	0.010150368225139811
RASL11B	0.0093677714071144
GM16894	0.008984847874428057
SLC30A1	0.008379213279943187
PLCD3	0.008323454542503484
AKAP5	0.008047696943205774
ADGRL3	0.007570219127814626
NAPSA	0.007519039806217021
GABRD	0.007440272557654093
VMN1R188	0.007185413761114925
RETNLG	0.007153410012008509
FLT4	0.006997636954227611
LANCL3	0.0061820643059290305
QPCT	0.005590165177915606
ZFP36	0.0055434919496336185
ERRFI1	0.005525142445256784
SLITRK2	0.005253638834017005
PARP3	0.005232059013273018
IFI204	0.005087430276861678
RASD1	0.004805177432171604
ACY3	0.004787967297071274
SLC2A10	0.004493417338487673
GM37306	0.004371595104973175
CIART	0.0041891885870607316
GM26771	0.0041810136066726305
LPAR2	0.0041656587894949755
GM21738	0.004055673304556757
ADRB1	0.0038549821827809365
SPRR1A	0.003848723740512877
IFI202B	0.00365507476525703
GM8251	0.0036128780017402537
PGP	0.0035283619538137526
IL17F	0.003514861146239291
UNC13D	0.003500559629948141
BMP3	0.0033964177574714698
ARHGEF39	0.003388289044995138
CHST3	0.0033191280008993285
ARL4D	0.0031647694746796532
EDN1	0.003066462057691847
RCOR2	0.0029975335100717393
PLA2G7	0.0029938638133862367
B3GNT3	0.002953811688844261
P2RX7	0.00293873470441548
RND3	0.00292327905027207
GM609	0.0027777118538908547
AZGP1	0.002716643424405747
MYC	0.002575489356583943
1700008O03RIK	0.0025299775082908726
DMRTA2	0.002478593401242766
SERPINB1A	0.002421001883112333
TMEM37	0.0023113436040921986
HMGCS2	0.0022325565096659636
IFIT1	0.002165863133746232
SFTPA1	0.0021198844513321954
ADH7	0.002050544376349891
NXF3	0.002011291773391643
AMDHD1	0.0018758622195259808
GM47391	0.0018644325767128247
GM16192	0.001762772565198989
HTR3A	0.0016787291152768687
TRIM69	0.0016448639281990073
GM26873	0.0016332760209037949
GATA3	0.0014970747834579454
B3GALT2	0.0014136425818696795
2200002D01RIK	0.0013914987267759833
HRH2	0.0013253596781505723
AGBL1	0.001323376993451979
EGR4	0.0013105824949705767
SLC7A4	0.0012567409611706954
BPIFA1	0.001255129733218311
NRIP3	0.001242665239293585
GM17203	0.0012057692864571126
PMAIP1	0.0011603768056313362
TUBB5	0.0010843835869964443
RNF227	0.001077184522809017
KRT23	0.0010671258112373893
ITGA11	0.001045938610177195
SGO2B	0.0010354097296122093
NR1D1	0.000984491945792698
TM4SF1	0.0009508003886927166
UBE2C	0.000935939130648963
GM19589	0.000900479617801401
STEAP4	0.0008933906692674012
ZGLP1	0.0008928682982646143
LIF	0.0008711220239607777
H2-EB2	0.0008640909804320325
RETNLA	0.0008500853003016064
IFI203	0.0008025988705128028
APEX1	0.0007898222908695026
G930009F23RIK	0.0007796283738244922
FOXM1	0.000770334036615521
XIRP2	0.0007583843541931815
GM44646	0.0007235084092545016
GM19325	0.0006947289831548939
DDX3Y	0.0006784625894343163
RAB7B	0.0006449529731930763
TTC9B	0.0005793344746692924
CCL5	0.0005601976561089953
KLK11	0.0005338797363647878
ACOD1	0.0005337602106137037
MT1	0.0005247260810141895
4930594M22RIK-1	0.0005227857320215597
KIRREL2	0.0005145482920037014
1810007D17RIK	0.0004977828771704652
NELL2	0.0004864872691101607
MUC2	0.0004838635204485744
DDIAS	0.00048086800433873
SHH	0.00046091616583769597
ZFP703	0.00045866661651705045
VSX1	0.00045060425703594685
KCTD19	0.00044741759344554897
VIM	0.00044036080488346586
GM12703	0.00043526017713715735
GPX3	0.00042933610970635603
GM10561	0.0004214622785794869
HIST1H2BP	0.00041551070990244484
RHCG	0.00040996167755210066
TNFAIP2	0.00039074226912606905
ADM	0.00038293057741948004
DDX4	0.00033609825657626106
DDIT3	0.0003094532846243368
PHF13	0.00030099370128499887
GSTT4	0.0002869222187606793
DYNLL1	0.0002851332402845492
CXCL1	0.0002603067310735246
KCNJ2	0.00023541821063972592
SMIM1	0.00023431865233470084
MFSD2A	0.00021646875046240697
NT5E	0.00020357511092703023
PSD2	0.00020101915222899943
ADAM19	0.00020002746571433385
RASGRF2	0.00019903130584099274
5430425K12RIK	0.00018428813995378465
GM48336	0.00017566549767048068
CDKN3	0.00017338214706646177
CXCL5	0.00017162008612841434
PHLDA1	0.00015818010160442768
MNDAL	0.00015076305713462908
SAPCD2	0.00015059010715045982
C2CD4C	0.00014714468314385324
WFDC3	0.00014125738261032308
GDF15	0.00013802035548545345
IAPP	0.00013460019777141892
CCNA1	0.000134496355314484
PYGM	0.00013305023814787334
OBP2A	0.00013185311480306598
SGCD	0.00013036381712038523
S100A6	0.0001264236487718549
PROZ	0.00012609765733793605
SP6	0.00012232512360408232
FOXN4	0.00012082732143464527
GBP5	0.00011481897839812559
GM10030	0.00011067249377787589
IRF2BP2	0.00010935681968135789
PTHLH	0.00010933650893328669
GM12946	0.00010904335645548211
CRYAB	0.00010648411098270307
SMC1B	0.0001057770775681052
TACR1	0.00010330671537972516
GLRP1	0.00010269293503424236
2010110K18RIK	0.00010038836471423889
KIRREL3OS	9.724390113263889e-05
C130050O18RIK	9.57085557770597e-05
DNAH12	9.220585443242977e-05
CFB	8.814124184973357e-05
KCNN4	8.767172288597715e-05
CLEC2L	8.732670272026208e-05
ANXA9	8.692390801627215e-05
APOL7A	8.255504206305966e-05
NPW	7.61122608558507e-05
NAALADL1	6.809171557536361e-05
ATXN7L2	6.717486576169637e-05
GM38414	6.576668747678587e-05
PKHD1L1	6.451466894791487e-05
GM45486	6.34830195655369e-05
TNFRSF23	6.229452338508637e-05
GM42722	5.883198612175886e-05
CD83	5.8556648946517e-05
MEX3B	5.8321546922833925e-05
ROBO3	5.722278094300348e-05
GM31282	5.687909081639212e-05
ACKR3	5.5406125016605884e-05
GM35576	5.4115950931954456e-05
TMIE	5.0514366579009814e-05
PDE7B	4.961441132393146e-05
THNSL2	4.806958069488552e-05
UBD	4.665399415088738e-05
PPP1R15A	4.454773505816642e-05
GM45805	4.4442877209075146e-05
LRRIQ1	4.411711897474979e-05
IQCA1L	4.395384691294538e-05
FBXO48	4.133833423548911e-05
FGL2	4.072311900113419e-05
TRMT10C	3.8228055121998776e-05
AI504432	3.682726916205986e-05
CEP72	3.5292585269562984e-05
CXCL10	3.3709973267535363e-05
FAT4	3.255674443373038e-05
COL11A1	3.226492545499702e-05
ZFP41	3.207825912467297e-05
MATN4	3.158212956114681e-05
HC	3.0583372304284104e-05
CXCL2	2.987631899560183e-05
1700049E15RIK	2.9583539349124025e-05
PLATR21	2.8284114190707917e-05
ANXA10	2.6694126738325227e-05
NPR2	2.5759596362149603e-05
CTSD	2.5745162214736667e-05
CARTPT	2.503059877019053e-05
GM29666	2.0373847711691106e-05
GM32441	2.010249864611726e-05
ZFP773	1.9647457729926895e-05
SERPINH1	1.861204598003179e-05
KCNAB3	1.7348157697247348e-05
SFRP1	1.6311303115792357e-05
MUC5AC	1.5167021479572751e-05
BCL6B	1.4967454984395795e-05
VNN1	1.3872544860306582e-05
PRDM16OS	1.3762902195603347e-05
PIMREG	1.3558174064258324e-05
ABCA13	1.3355995796653832e-05
PRM1	1.2851456463953605e-05
DMRT2	1.254959773963453e-05
SLC25A10	1.2233753835020454e-05
ISG15	1.2223902194263382e-05
TNC	1.2034298544286996e-05
GM29680	1.2021990658480478e-05
TECTA	1.184250717557529e-05
SEMA7A	1.163990458152542e-05
ALDH3A1	1.1227581732222561e-05
GM20383	1.1103115269209835e-05
FZD5	1.0181330682751582e-05
TRIP6	9.809043181393779e-06
PLA2G1B	9.454205108220416e-06
CLIC3	9.235832691703466e-06
IER3	8.972858124794238e-06
TMEM150A	8.505340717076615e-06
FGD3	7.91422658733188e-06
TCF19	7.821458476546628e-06
MPZL2	7.3215604172411285e-06
LCN2	7.162747325319451e-06
P2RY2	7.069542779904011e-06
FBXO27	7.030658841087377e-06
FBXO2	6.659195815319295e-06
SEMA3B	6.488607651320916e-06
OTOGL	5.951681443744447e-06
MCM10	5.838749094695025e-06
POLE3	5.823615864361992e-06
GM15222	4.9978940317222465e-06
ITIH4	4.953271417835496e-06
CYP1B1	4.919795286178753e-06
ZFP872	4.91752016670105e-06
F2RL1	4.897772674440141e-06
NOL12	4.769465327130292e-06
PEX10	4.741027038753875e-06
IL18RAP	4.735131523903194e-06
CD36	4.656386891531195e-06
ARHGAP33	4.546030956628606e-06
TNIP3	4.25088359347378e-06
PAX9	4.0169770844687355e-06
KCNE3	3.954108662337521e-06
C4B	3.772126040987241e-06
RAB39B	3.310480318414913e-06
KLHL40	3.272993312339705e-06
LOX	3.1788721657825974e-06
IFIT3B	2.786604573611611e-06
AC133103.1	2.7297329219177917e-06
LGR6	2.6973878784931477e-06
S1PR1	2.6379284150876192e-06
VLDLR	2.5836118794247575e-06
SSTR2	2.4751768570219253e-06
MARCH11	2.420121296547239e-06
DPF1	2.100155306055509e-06
RGCC	2.0178728255535405e-06
SLC1A3	1.912935830993768e-06
C1RA	1.7122519178920617e-06
BCAS1OS2	1.6450958981459066e-06
PPARA	1.5440162585860717e-06
PDZK1IP1	1.5121442352934405e-06
GM12522	1.4580523744917993e-06
MAB21L3	1.335444559101369e-06
GM9801	1.3013928129270106e-06
NTRK3	1.2196110672721216e-06
AVPI1	1.1876653353724544e-06
PLK2	1.125789934389801e-06
CLTRN	9.026697812243421e-07
KLF4	8.393834101986849e-07
NCF1	7.850761739219051e-07
MFGE8	7.00375062454024e-07
CCDC102A	6.69379866707015e-07
HPGDS	6.107535222689768e-07
SCARF2	5.870189137807753e-07
HOXB4	5.587549521005216e-07
LTBP2	4.924563781057517e-07
NDNF	4.4761245399850915e-07
LY6I	4.3441354378864064e-07
IFI44L	3.517522179286251e-07
VMN1R210	3.135446854244486e-07
GM6249	3.127989697064488e-07
PROC	2.8363139350382883e-07
GABRG1	2.670175478907396e-07
1700058P15RIK	2.0533629665074023e-07
FCGBP	1.571071617098561e-07
TMEM139	1.372674321097924e-07
LRRC34	1.3127369684369606e-07
GM4841	1.1592869459999312e-07
TYRO3	9.274128593083559e-08
SYT4	6.19874720655911e-08
HEY1	5.7852129610029164e-08
TDRD6	4.5406221976232e-08
AIF1L	3.669290897836552e-08
KLK10	3.342632166936064e-08
GM1141	3.0000925683535185e-08
APCDD1	2.3917201809719554e-08
SPHK1	9.500557687848219e-09
ABCD2	3.0698087229582757e-09
MXD3	1.3847017083135524e-09
SYCP2	8.355435926035227e-10
OSR2	5.612167568475768e-10
TSPYL4	5.108518007535732e-10
IQCA	3.956604663709708e-10
LYZ2	2.8810995786094485e-11
WDR63	2.139269368895195e-12
GM45406	1.6329117298409077e-12
GJB2	5.500875338988906e-13
HP	3.338877856543954e-13
GBP2	2.4551680120289365e-13
LSMEM1	1.3980635454817886e-13
9130401M01RIK	1.3535850136644836e-13
SFTPC	1.7435424136934177e-14
INHBA	9.96822056817192e-16
MT2	6.616915130473772e-17
GM17344	5.1951780039450023e-20
ANKLE1	1.588110967238255e-20
BPIFB1	6.7050579932126005e-21
GM50334	4.992082824512625e-24
SPAG17	7.1494812677675e-27
GM36551	2.688360076136146e-28
CYSLTR1	2.277974491042886e-36
SPP1	0.0
